詞	詞頻	注音	分類
一般	15	ㄧ ㄅㄢ	環境能源
三級處理	11	ㄙㄢ ㄐㄧˊ ㄔㄨˇ ㄌㄧˇ	環境能源
事業	14	ㄕˋ ㄧㄝˋ	環境能源
二氧化碳	11	ㄦˋ ㄧㄤˇ ㄏㄨㄚˋ ㄊㄢˋ	環境能源
二級處理	11	ㄦˋ ㄐㄧˊ ㄔㄨˇ ㄌㄧˇ	環境能源
併網保護	11	ㄅㄧㄥˋ ㄨㄤˇ ㄅㄠˇ ㄏㄨˋ	環境能源
備轉容量	12	ㄅㄟˋ ㄓㄨㄢˇ ㄖㄨㄥˊ ㄌㄧㄤˋ	環境能源
儲能	12	ㄔㄨˇ ㄋㄥˊ	環境能源
儲能系統	12	ㄔㄨˇ ㄋㄥˊ ㄒㄧˋ ㄊㄨㄥˇ	環境能源
分散式	11	ㄈㄣ ㄙㄢˋ ㄕˋ	環境能源
初級處理	11	ㄔㄨ ㄐㄧˊ ㄔㄨˇ ㄌㄧˇ	環境能源
功率調度	10	ㄍㄨㄥ ㄌㄩˋ ㄉㄧㄠˋ ㄉㄨˋ	環境能源
厭氧消化	11	ㄧㄢˋ ㄧㄤˇ ㄒㄧㄠ ㄏㄨㄚˋ	環境能源
反應器	11	ㄈㄢˇ ㄧㄥˋ ㄑㄧˋ	環境能源
反應槽	11	ㄈㄢˇ ㄧㄥˋ ㄘㄠˊ	環境能源
吸附	10	ㄒㄧ ㄈㄨˋ	環境能源
噪音污染	10	ㄗㄠˋ ㄧㄣ ㄨ ㄖㄢˇ	環境能源
固定	13	ㄍㄨˋ ㄉㄧㄥˋ	環境能源
土壤	11	ㄊㄨˇ ㄖㄤˇ	環境能源
土壤污染	10	ㄊㄨˇ ㄖㄤˇ ㄨ ㄖㄢˇ	環境能源
土壤監測	11	ㄊㄨˇ ㄖㄤˇ ㄐㄧㄢ ㄘㄜˋ	環境能源
土壤盤查	10	ㄊㄨˇ ㄖㄤˇ ㄆㄢˊ ㄔㄚˊ	環境能源
土壤稽核	10	ㄊㄨˇ ㄖㄤˇ ㄐㄧ ㄏㄜˊ	環境能源
地下水	16	ㄉㄧˋ ㄒㄧㄚˋ ㄕㄨㄟˇ	環境能源
地熱發電	10	ㄉㄧˋ ㄖㄜˋ ㄈㄚ ㄉㄧㄢˋ	環境能源
基礎	14	ㄐㄧ ㄔㄨˇ	環境能源
基載電力	12	ㄐㄧ ㄗㄞˋ ㄉㄧㄢˋ ㄌㄧˋ	環境能源
壓縮空氣	10	ㄧㄚ ㄙㄨㄛ ㄎㄨㄥ ㄑㄧˋ	環境能源
太陽光電	10	ㄊㄞˋ ㄧㄤˊ ㄍㄨㄤ ㄉㄧㄢˋ	環境能源
太陽熱能	10	ㄊㄞˋ ㄧㄤˊ ㄖㄜˋ ㄋㄥˊ	環境能源
太陽能	12	ㄊㄞˋ ㄧㄤˊ ㄋㄥˊ	環境能源
好氧消化	13	ㄏㄠˋ ㄧㄤˇ ㄒㄧㄠ ㄏㄨㄚˋ	環境能源
孤島效應	10	ㄍㄨ ㄉㄠˇ ㄒㄧㄠˋ ㄧㄥˋ	環境能源
實體風險	10	ㄕˊ ㄊㄧˇ ㄈㄥ ㄒㄧㄢˇ	環境能源
尖峰負載	10	ㄐㄧㄢ ㄈㄥ ㄈㄨˋ ㄗㄞˇ	環境能源
序批式	11	ㄒㄩˋ ㄆㄧ ㄕˋ	環境能源
廢棄物	16	ㄈㄟˋ ㄑㄧˋ ㄨˋ	環境能源
廢水處理	10	ㄈㄟˋ ㄕㄨㄟˇ ㄔㄨˇ ㄌㄧˇ	環境能源
廢電子	11	ㄈㄟˋ ㄉㄧㄢˋ ㄗˇ	環境能源
循環經濟	11	ㄒㄩㄣˊ ㄏㄨㄢˊ ㄐㄧㄥ ㄐㄧˋ	環境能源
微粒	12	ㄨㄟˊ ㄌㄧˋ	環境能源
懸浮固體	10	ㄒㄩㄢˊ ㄈㄨˊ ㄍㄨˋ ㄊㄧˇ	環境能源
抽蓄水力	11	ㄔㄡ ㄒㄩˋ ㄕㄨㄟˇ ㄌㄧˋ	環境能源
排放	16	ㄆㄞˊ ㄈㄤˋ	環境能源
排放交易	10	ㄆㄞˊ ㄈㄤˋ ㄐㄧㄠ ㄧˋ	環境能源
排放係數	10	ㄆㄞˊ ㄈㄤˋ ㄒㄧˋ ㄕㄨˋ	環境能源
揮發性	10	ㄏㄨㄟ ㄈㄚ ㄒㄧㄥˋ	環境能源
改善計畫	14	ㄍㄞˇ ㄕㄢˋ ㄐㄧˋ ㄏㄨㄚˋ	環境能源
最終處置	11	ㄗㄨㄟˋ ㄓㄨㄥ ㄔㄨˇ ㄓˋ	環境能源
有害	13	ㄧㄡˇ ㄏㄞˋ	環境能源
有機物	10	ㄧㄡˇ ㄐㄧ ㄨˋ	環境能源
氣候減緩	11	ㄑㄧˋ ㄏㄡˋ ㄐㄧㄢˇ ㄏㄨㄢˇ	環境能源
氣候調適	11	ㄑㄧˋ ㄏㄡˋ ㄊㄧㄠˊ ㄕˋ	環境能源
氣候變遷	11	ㄑㄧˋ ㄏㄡˋ ㄅㄧㄢˋ ㄑㄧㄢ	環境能源
氣候風險	11	ㄑㄧˋ ㄏㄡˋ ㄈㄥ ㄒㄧㄢˇ	環境能源
水質	11	ㄕㄨㄟˇ ㄓˊ	環境能源
水質指標	11	ㄕㄨㄟˇ ㄓˊ ㄓˇ ㄅㄧㄠ	環境能源
水質監測	12	ㄕㄨㄟˇ ㄓˊ ㄐㄧㄢ ㄘㄜˋ	環境能源
水質盤查	11	ㄕㄨㄟˇ ㄓˊ ㄆㄢˊ ㄔㄚˊ	環境能源
水質稽核	11	ㄕㄨㄟˇ ㄓˊ ㄐㄧ ㄏㄜˊ	環境能源
污染	18	ㄨ ㄖㄢˇ	環境能源
污染控制	14	ㄨ ㄖㄢˇ ㄎㄨㄥˋ ㄓˋ	環境能源
污染源	13	ㄨ ㄖㄢˇ ㄩㄢˊ	環境能源
污染物	10	ㄨ ㄖㄢˇ ㄨˋ	環境能源
污染防治	11	ㄨ ㄖㄢˇ ㄈㄤˊ ㄓˋ	環境能源
污泥法	11	ㄨ ㄋㄧˊ ㄈㄚˇ	環境能源
法規	13	ㄈㄚˇ ㄍㄨㄟ	環境能源
洗滌塔	11	ㄒㄧˇ ㄉㄧˊ ㄊㄚˇ	環境能源
活性	13	ㄏㄨㄛˊ ㄒㄧㄥˋ	環境能源
活性碳	10	ㄏㄨㄛˊ ㄒㄧㄥˋ ㄊㄢˋ	環境能源
消毒	13	ㄒㄧㄠ ㄉㄨˊ	環境能源
淨零路徑	10	ㄐㄧㄥˋ ㄌㄧㄥˊ ㄌㄨˋ ㄐㄧㄥˋ	環境能源
清潔生產	11	ㄑㄧㄥ ㄐㄧㄝˊ ㄕㄥ ㄔㄢˇ	環境能源
清理計畫	12	ㄑㄧㄥ ㄌㄧˇ ㄐㄧˋ ㄏㄨㄚˋ	環境能源
減量	12	ㄐㄧㄢˇ ㄌㄧㄤˋ	環境能源
減量管理	14	ㄐㄧㄢˇ ㄌㄧㄤˋ ㄍㄨㄢˇ ㄌㄧˇ	環境能源
溫室氣體	14	ㄨㄣ ㄕˋ ㄑㄧˋ ㄊㄧˇ	環境能源
濕式	11	ㄕ ㄕˋ	環境能源
燃料電池	10	ㄖㄢˊ ㄌㄧㄠˋ ㄉㄧㄢˋ ㄔˊ	環境能源
環境	15	ㄏㄨㄢˊ ㄐㄧㄥˋ	環境能源
環境噪音	15	ㄏㄨㄢˊ ㄐㄧㄥˋ ㄗㄠˋ ㄧㄣ	環境能源
環境工程	13	ㄏㄨㄢˊ ㄐㄧㄥˋ ㄍㄨㄥ ㄔㄥˊ	環境能源
環境監測	13	ㄏㄨㄢˊ ㄐㄧㄥˋ ㄐㄧㄢ ㄘㄜˋ	環境能源
環境管理	13	ㄏㄨㄢˊ ㄐㄧㄥˋ ㄍㄨㄢˇ ㄌㄧˇ	環境能源
生態環境	14	ㄕㄥ ㄊㄞˋ ㄏㄨㄢˊ ㄐㄧㄥˋ	環境能源
生物膜法	12	ㄕㄥ ㄨˋ ㄇㄛˋ ㄈㄚˇ	環境能源
產品碳	12	ㄔㄢˇ ㄆㄧㄣˇ ㄊㄢˋ	環境能源
當量	11	ㄉㄤ ㄌㄧㄤˋ	環境能源
監測	16	ㄐㄧㄢ ㄘㄜˋ	環境能源
盤查	16	ㄆㄢˊ ㄔㄚˊ	環境能源
目標	14	ㄇㄨˋ ㄅㄧㄠ	環境能源
硫氧化物	10	ㄌㄧㄡˊ ㄧㄤˇ ㄏㄨㄚˋ ㄨˋ	環境能源
碳排放	14	ㄊㄢˋ ㄆㄞˊ ㄈㄤˋ	環境能源
科學	14	ㄎㄜ ㄒㄩㄝˊ	環境能源
移動	13	ㄧˊ ㄉㄨㄥˋ	環境能源
稽核	15	ㄐㄧ ㄏㄜˊ	環境能源
空氣	16	ㄎㄨㄥ ㄑㄧˋ	環境能源
空氣品質	14	ㄎㄨㄥ ㄑㄧˋ ㄆㄧㄣˇ ㄓˊ	環境能源
空氣污染	11	ㄎㄨㄥ ㄑㄧˋ ㄨ ㄖㄢˇ	環境能源
空污	12	ㄎㄨㄥ ㄨ	環境能源
符合性	13	ㄈㄨˊ ㄏㄜˊ ㄒㄧㄥˋ	環境能源
管理	18	ㄍㄨㄢˇ ㄌㄧˇ	環境能源
節能診斷	12	ㄐㄧㄝˊ ㄋㄥˊ ㄓㄣˇ ㄉㄨㄢˋ	環境能源
範疇一	10	ㄈㄢˋ ㄔㄡˊ ㄧ	環境能源
範疇三	10	ㄈㄢˋ ㄔㄡˊ ㄙㄢ	環境能源
範疇二	10	ㄈㄢˋ ㄔㄡˊ ㄦˋ	環境能源
紫外線	11	ㄗˇ ㄨㄞˋ ㄒㄧㄢˋ	環境能源
細懸浮	12	ㄒㄧˋ ㄒㄩㄢˊ ㄈㄨˊ	環境能源
組織碳	12	ㄗㄨˇ ㄓ ㄊㄢˋ	環境能源
綠色化學	11	ㄌㄩˋ ㄙㄜˋ ㄏㄨㄚˋ ㄒㄩㄝˊ	環境能源
總有機碳	10	ㄗㄨㄥˇ ㄧㄡˇ ㄐㄧ ㄊㄢˋ	環境能源
績效指標	13	ㄐㄧ ㄒㄧㄠˋ ㄓˇ ㄅㄧㄠ	環境能源
能源	17	ㄋㄥˊ ㄩㄢˊ	環境能源
能源使用	14	ㄋㄥˊ ㄩㄢˊ ㄕˇ ㄩㄥˋ	環境能源
能源效率	11	ㄋㄥˊ ㄩㄢˊ ㄒㄧㄠˋ ㄌㄩˋ	環境能源
能源查核	11	ㄋㄥˊ ㄩㄢˊ ㄔㄚˊ ㄏㄜˊ	環境能源
能源管理	12	ㄋㄥˊ ㄩㄢˊ ㄍㄨㄢˇ ㄌㄧˇ	環境能源
膜生物	11	ㄇㄛˊ ㄕㄥ ㄨˋ	環境能源
臭氧消毒	10	ㄔㄡˋ ㄧㄤˇ ㄒㄧㄠ ㄉㄨˊ	環境能源
虛擬電廠	11	ㄒㄩ ㄋㄧˇ ㄉㄧㄢˋ ㄔㄤˇ	環境能源
袋式	11	ㄉㄞˋ ㄕˋ	環境能源
觸媒	12	ㄔㄨˋ ㄇㄟˊ	環境能源
設備	14	ㄕㄜˋ ㄅㄟˋ	環境能源
資料分析	14	ㄗ ㄌㄧㄠˋ ㄈㄣ ㄒㄧ	環境能源
資源垃圾	12	ㄗ ㄩㄢˊ ㄌㄜˋ ㄙㄜˋ	環境能源
資源循環	12	ㄗ ㄩㄢˊ ㄒㄩㄣˊ ㄏㄨㄢˊ	環境能源
足跡	12	ㄗㄨˊ ㄐㄧ	環境能源
輔助服務	11	ㄈㄨˇ ㄓㄨˋ ㄈㄨˊ ㄨˋ	環境能源
輸電線路	10	ㄕㄨ ㄉㄧㄢˋ ㄒㄧㄢˋ ㄌㄨˋ	環境能源
轉型風險	11	ㄓㄨㄢˇ ㄒㄧㄥˊ ㄈㄥ ㄒㄧㄢˇ	環境能源
逆變器	11	ㄋㄧˋ ㄅㄧㄢˋ ㄑㄧˋ	環境能源
逸散	10	ㄧˋ ㄙㄢˋ	環境能源
選擇性	12	ㄒㄩㄢˇ ㄗㄜˊ ㄒㄧㄥˋ	環境能源
還原	12	ㄏㄨㄢˊ ㄩㄢˊ	環境能源
配電饋線	11	ㄆㄟˋ ㄉㄧㄢˋ ㄎㄨㄟˋ ㄒㄧㄢˋ	環境能源
防制	12	ㄈㄤˊ ㄓˋ	環境能源
陸域風電	12	ㄌㄨˋ ㄩˋ ㄈㄥ ㄉㄧㄢˋ	環境能源
集塵器	12	ㄐㄧˊ ㄔㄣˊ ㄑㄧˋ	環境能源
離岸風電	11	ㄌㄧˊ ㄢˋ ㄈㄥ ㄉㄧㄢˋ	環境能源
離峰負載	12	ㄌㄧˊ ㄈㄥ ㄈㄨˋ ㄗㄞˇ	環境能源
電力市場	11	ㄉㄧㄢˋ ㄌㄧˋ ㄕˋ ㄔㄤˇ	環境能源
電器	11	ㄉㄧㄢˋ ㄑㄧˋ	環境能源
電壓調整	10	ㄉㄧㄢˋ ㄧㄚ ㄊㄧㄠˊ ㄓㄥˇ	環境能源
電池儲能	11	ㄉㄧㄢˋ ㄔˊ ㄔㄨˇ ㄋㄥˊ	環境能源
需求反應	12	ㄒㄩ ㄑㄧㄡˊ ㄈㄢˇ ㄧㄥˋ	環境能源
靜電	10	ㄐㄧㄥˋ ㄉㄧㄢˋ	環境能源
非選擇性	11	ㄈㄟ ㄒㄩㄢˇ ㄗㄜˊ ㄒㄧㄥˋ	環境能源
風險評估	16	ㄈㄥ ㄒㄧㄢˇ ㄆㄧㄥˊ ㄍㄨ	環境能源
