詞	詞頻	注音	分類	作品名稱
一之瀨四季	17	ㄧ ㄓ ㄌㄞˋ ㄙˋ ㄐㄧˋ	動漫	桃源暗鬼
一之瀨琴美	13	ㄧ ㄓ ㄌㄞˋ ㄑㄧㄣˊ ㄇㄟˇ	動漫	CLANNAD
一人出局	12	ㄧ ㄖㄣˊ ㄔㄨ ㄐㄩˊ	動漫	ONE OUTS超智遊戲
一個	16	ㄧ ㄍㄜ˙	動漫	名偵探柯南
一刻館	12	ㄧ ㄎㄜˋ ㄍㄨㄢˇ	動漫	相聚一刻
一存	20	ㄧ ㄘㄨㄣˊ	動漫	學生會的一存
一拳	12	ㄧ ㄑㄩㄢˊ	動漫	一拳超人
一拳超人	25	ㄧ ㄑㄩㄢˊ ㄔㄠ ㄖㄣˊ	動漫	一拳超人
一方通行	14	ㄧ ㄈㄤ ㄊㄨㄥ ㄒㄧㄥˊ	動漫	魔法禁書目錄
一條拓麻	12	ㄧ ㄊㄧㄠˊ ㄊㄨㄛˋ ㄇㄚˊ	動漫	吸血鬼騎士
一條螢	16	ㄧ ㄊㄧㄠˊ ㄧㄥˊ	動漫	悠悠哉哉少女日和
一次	14	ㄧ ㄘˋ	動漫	地獄少女
一百	15	ㄧ ㄅㄞˇ	動漫	Dr.STONE新石紀
一百個朋友	13	ㄧ ㄅㄞˇ ㄍㄜ˙ ㄆㄥˊ ㄧㄡˇ	動漫	古見同學是溝通魯蛇
一目連	17	ㄧ ㄇㄨˋ ㄌㄧㄢˊ	動漫	地獄少女
一色彩羽	13	ㄧ ㄙㄜˋ ㄘㄞˇ ㄩˇ	動漫	果然我的青春戀愛喜劇搞錯了
一色慧	11	ㄧ ㄙㄜˋ ㄏㄨㄟˋ	動漫	食戟之靈
七大	14	ㄑㄧ ㄉㄚˋ	動漫	地縛少年花子君
七大罪	22	ㄑㄧ ㄉㄚˋ ㄗㄨㄟˋ	動漫	七大罪
七寶	12	ㄑㄧ ㄅㄠˇ	動漫	犬夜叉
七尾梢	12	ㄑㄧ ㄨㄟˇ ㄕㄠ	動漫	相聚一刻
七日	13	ㄑㄧ ㄖˋ	動漫	中二病也想談戀愛
七條天空	14	ㄑㄧ ㄊㄧㄠˊ ㄊㄧㄢ ㄎㄨㄥ	動漫	妄想學生會
七海麻美	14	ㄑㄧ ㄏㄞˇ ㄇㄚˊ ㄇㄟˇ	動漫	租借女友
七瀨美雪	19	ㄑㄧ ㄌㄞˋ ㄇㄟˇ ㄒㄩㄝˇ	動漫	金田一少年之事件簿
七瀨花凜	13	ㄑㄧ ㄌㄞˋ ㄏㄨㄚ ㄌㄧㄣˇ	動漫	虛構推理
七瀨遙	19	ㄑㄧ ㄌㄞˋ ㄧㄠˊ	動漫	Free!男子游泳部
七瀨陸	17	ㄑㄧ ㄌㄞˋ ㄌㄨˋ	動漫	IDOLiSH7
七龍珠	12	ㄑㄧ ㄌㄨㄥˊ ㄓㄨ	動漫	七龍珠
丈槍由紀	18	ㄓㄤˋ ㄑㄧㄤ ㄧㄡˊ ㄐㄧˋ	動漫	學園孤島
三井壽	15	ㄙㄢ ㄐㄧㄥˇ ㄕㄡˋ	動漫	灌籃高手
三千院凪	17	ㄙㄢ ㄑㄧㄢ ㄩㄢˋ ㄓˇ	動漫	旋風管家
三宅忍	13	ㄙㄢ ㄓㄞˊ ㄖㄣˇ	動漫	福星小子
三宅日向	15	ㄙㄢ ㄓㄞˊ ㄖˋ ㄒㄧㄤˋ	動漫	比宇宙更遠的地方
三日月閑	17	ㄙㄢ ㄖˋ ㄩㄝˋ ㄒㄧㄢˊ	動漫	殭屍100～在成為殭屍前要做的100件事～
三木清良	14	ㄙㄢ ㄇㄨˋ ㄑㄧㄥ ㄌㄧㄤˊ	動漫	交響情人夢
三橋廉	16	ㄙㄢ ㄑㄧㄠˊ ㄌㄧㄢˊ	動漫	王牌投手振臂高揮
三浦梓	8	ㄙㄢ ㄆㄨˇ ㄗˇ	動漫	偶像大師
三田亞由美	13	ㄙㄢ ㄊㄧㄢˊ ㄧㄚˇ ㄧㄡˊ ㄇㄟˇ	動漫	狼少女與黑王子
三葉睦實	11	ㄙㄢ ㄧㄝˋ ㄇㄨˋ ㄕˊ	動漫	妄想學生會
三鷹瞬	14	ㄙㄢ ㄧㄥ ㄕㄨㄣˋ	動漫	相聚一刻
上之山立夏	15	ㄕㄤˋ ㄓ ㄕㄢ ㄌㄧˋ ㄒㄧㄚˋ	動漫	Given被贈與的未來
上杉風太郎	21	ㄕㄤˋ ㄕㄢ ㄈㄥ ㄊㄞˋ ㄌㄤˊ	動漫	五等分的新娘
上條當麻	21	ㄕㄤˋ ㄊㄧㄠˊ ㄉㄤ ㄇㄚˊ	動漫	魔法禁書目錄
下剋上	21	ㄒㄧㄚˋ ㄎㄜˋ ㄕㄤˋ	動漫	小書痴的下剋上
不二周助	16	ㄅㄨˊ ㄦˋ ㄓㄡ ㄓㄨˋ	動漫	網球王子
不動明	18	ㄅㄨˊ ㄉㄨㄥˋ ㄇㄧㄥˊ	動漫	DEVILMAN crybaby
不可思議	13	ㄅㄨˋ ㄎㄜˇ ㄙ ㄧˋ	動漫	地縛少年花子君
不存在	15	ㄅㄨˋ ㄘㄨㄣˊ ㄗㄞˋ	動漫	86－不存在的戰區－
不存在的人	12	ㄅㄨˋ ㄘㄨㄣˊ ㄗㄞˋ ㄉㄜ˙ ㄖㄣˊ	動漫	Another
不放過我	19	ㄅㄨˊ ㄈㄤˋ ㄍㄨㄛˋ ㄨㄛˇ	動漫	久保同學不放過我
不時	21	ㄅㄨˋ ㄕˊ	動漫	不時輕聲地以俄語遮羞的鄰座艾莉同學
不會	23	ㄅㄨˋ ㄏㄨㄟˋ	動漫	青春豬頭少年不會夢到兔女郎學姊
不死	16	ㄅㄨˋ ㄙˇ	動漫	黃金神威
不死不運	19	ㄅㄨˋ ㄙˇ ㄅㄨˋ ㄩㄣˋ	動漫	不死不運
不死少女	20	ㄅㄨˋ ㄙˇ ㄕㄠˋ ㄋㄩˇ	動漫	不死少女的謀殺鬧劇
不死酒	11	ㄅㄨˋ ㄙˇ ㄐㄧㄡˇ	動漫	BACCANO!大騷動!
不能逃避	15	ㄅㄨˋ ㄋㄥˊ ㄊㄠˊ ㄅㄧˋ	動漫	新世紀福音戰士
不要	21	ㄅㄨˊ ㄧㄠˋ	動漫	不要欺負我，長瀞同學
不要回頭	16	ㄅㄨˊ ㄧㄠˋ ㄏㄨㄟˊ ㄊㄡˊ	動漫	神隱少女
世界	29	ㄕˋ ㄐㄧㄝˋ	動漫	為美好的世界獻上祝福
世界頂尖	16	ㄕˋ ㄐㄧㄝˋ ㄉㄧㄥˇ ㄐㄧㄢ	動漫	世界頂尖的暗殺者轉生為異世界貴族
丘比	12	ㄑㄧㄡ ㄅㄧˇ	動漫	魔法少女小圓
丘魯克	13	ㄑㄧㄡ ㄌㄨˇ ㄎㄜˋ	動漫	零之使魔
中二病	22	ㄓㄨㄥ ㄦˋ ㄅㄧㄥˋ	動漫	中二病也想談戀愛
中井	14	ㄓㄨㄥ ㄐㄧㄥˇ	動漫	擅長捉弄人的高木同學
中務椿	11	ㄓㄨㄥ ㄨˋ ㄔㄨㄣ	動漫	噬魂者
中原中也	13	ㄓㄨㄥ ㄩㄢˊ ㄓㄨㄥ ㄧㄝˇ	動漫	文豪Stray Dogs
中原瑞希	17	ㄓㄨㄥ ㄩㄢˊ ㄖㄨㄟˋ ㄒㄧ	動漫	莉可麗絲
中山春樹	14	ㄓㄨㄥ ㄕㄢ ㄔㄨㄣ ㄕㄨˋ	動漫	Given被贈與的未來
中島敦	22	ㄓㄨㄥ ㄉㄠˇ ㄉㄨㄣ	動漫	文豪Stray Dogs
中川圭一	21	ㄓㄨㄥ ㄔㄨㄢ ㄍㄨㄟ ㄧ	動漫	烏龍派出所
中華一番	22	ㄓㄨㄥ ㄏㄨㄚˊ ㄧ ㄈㄢ	動漫	中華一番
中野一花	18	ㄓㄨㄥ ㄧㄝˇ ㄧ ㄏㄨㄚ	動漫	五等分的新娘
中野三玖	14	ㄓㄨㄥ ㄧㄝˇ ㄙㄢ ㄐㄧㄡˇ	動漫	五等分的新娘
中野二乃	16	ㄓㄨㄥ ㄧㄝˇ ㄦˋ ㄋㄞˇ	動漫	五等分的新娘
中野五月	11	ㄓㄨㄥ ㄧㄝˇ ㄨˇ ㄩㄝˋ	動漫	五等分的新娘
中野四葉	12	ㄓㄨㄥ ㄧㄝˇ ㄙˋ ㄧㄝˋ	動漫	五等分的新娘
中野梓	13	ㄓㄨㄥ ㄧㄝˇ ㄗˇ	動漫	K-ON!輕音部
丹特麗安	20	ㄉㄢ ㄊㄜˋ ㄌㄧˋ ㄢ	動漫	丹特麗安的書架
丹生谷森夏	15	ㄉㄢ ㄕㄥ ㄍㄨˇ ㄙㄣ ㄒㄧㄚˋ	動漫	中二病也想談戀愛
乃木英樹	14	ㄋㄞˇ ㄇㄨˋ ㄧㄥ ㄕㄨˋ	動漫	拳願阿修羅
久世政近	19	ㄐㄧㄡˇ ㄕˋ ㄓㄥˋ ㄐㄧㄣˋ	動漫	不時輕聲地以俄語遮羞的鄰座艾莉同學
久保	21	ㄐㄧㄡˇ ㄅㄠˇ	動漫	久保同學不放過我
久保明菜	13	ㄐㄧㄡˇ ㄅㄠˇ ㄇㄧㄥˊ ㄘㄞˋ	動漫	久保同學不放過我
久保渚咲	15	ㄐㄧㄡˇ ㄅㄠˇ ㄓㄨˇ ㄒㄧㄠˋ	動漫	久保同學不放過我
久城一彌	19	ㄐㄧㄡˇ ㄔㄥˊ ㄧ ㄇㄧˊ	動漫	GOSICK
久堂清霞	16	ㄐㄧㄡˇ ㄊㄤˊ ㄑㄧㄥ ㄒㄧㄚˊ	動漫	我的幸福婚約
久川鐵道	11	ㄐㄧㄡˇ ㄔㄨㄢ ㄊㄧㄝˇ ㄉㄠˋ	動漫	未聞花名
久武忍	16	ㄐㄧㄡˇ ㄨˇ ㄖㄣˇ	動漫	龍與雀斑公主
久留米誠	11	ㄐㄧㄡˇ ㄌㄧㄡˊ ㄇㄧˇ ㄔㄥˊ	動漫	躍動青春
之旅	22	ㄓ ㄌㄩˇ	動漫	月光下的異世界之旅
之時	23	ㄓ ㄕˊ	動漫	寒蟬鳴泣之時
之身	13	ㄓ ㄕㄣ	動漫	黃金神威
乙事主	14	ㄧˇ ㄕˋ ㄓㄨˇ	動漫	魔法公主
乙木守仁	18	ㄧˇ ㄇㄨˋ ㄕㄡˇ ㄖㄣˊ	動漫	WITCH WATCH魔女守護者
乙骨憂太	12	ㄧˇ ㄍㄨˇ ㄧㄡ ㄊㄞˋ	動漫	咒術迴戰
九條可憐	10	ㄐㄧㄡˇ ㄊㄧㄠˊ ㄎㄜˇ ㄌㄧㄢˊ	動漫	黃金拼圖
九能帶刀	14	ㄐㄧㄡˇ ㄋㄥˊ ㄉㄞˋ ㄉㄠ	動漫	亂馬1/2
九頭龍八一	17	ㄐㄧㄡˇ ㄊㄡˊ ㄌㄨㄥˊ ㄅㄚ ㄧ	動漫	龍王的工作！
也要	13	ㄧㄝˇ ㄧㄠˋ	動漫	NEW GAME!
乾心壽	15	ㄍㄢ ㄒㄧㄣ ㄕㄡˋ	動漫	戀上換裝娃娃
乾紗壽葉	17	ㄍㄢ ㄕㄚ ㄕㄡˋ ㄧㄝˋ	動漫	戀上換裝娃娃
亂馬1/2	25	ㄌㄨㄢˋ ㄇㄚˇ 1 / 2	動漫	亂馬1/2
事件簿	25	ㄕˋ ㄐㄧㄢˋ ㄅㄨˋ	動漫	金田一少年之事件簿
二世	22	ㄦˋ ㄕˋ	動漫	異世界藥局
二十二歲	13	ㄦˋ ㄕˊ ㄦˋ ㄙㄨㄟˋ	動漫	麻辣教師GTO
二海堂晴信	12	ㄦˋ ㄏㄞˇ ㄊㄤˊ ㄑㄧㄥˊ ㄒㄧㄣˋ	動漫	3月的獅子
二藤宏嵩	17	ㄦˋ ㄊㄥˊ ㄏㄨㄥˊ ㄙㄨㄥ	動漫	宅男腐女戀愛真難
二藤尚哉	12	ㄦˋ ㄊㄥˊ ㄕㄤˋ ㄗㄞ	動漫	宅男腐女戀愛真難
二階堂咲	17	ㄦˋ ㄐㄧㄝ ㄊㄤˊ ㄒㄧㄠˋ	動漫	佐賀偶像是傳奇
二階堂大和	13	ㄦˋ ㄐㄧㄝ ㄊㄤˊ ㄉㄚˋ ㄏㄜˊ	動漫	IDOLiSH7
五代裕作	15	ㄨˇ ㄉㄞˋ ㄩˋ ㄗㄨㄛˋ	動漫	相聚一刻
五十嵐雙葉	17	ㄨˇ ㄕˊ ㄌㄢˊ ㄕㄨㄤ ㄧㄝˋ	動漫	前輩有夠煩
五月	14	ㄨˇ ㄩㄝˋ	動漫	中二病也想談戀愛
五條悟	17	ㄨˇ ㄊㄧㄠˊ ㄨˋ	動漫	咒術迴戰
五條新菜	22	ㄨˇ ㄊㄧㄠˊ ㄒㄧㄣ ㄘㄞˋ	動漫	戀上換裝娃娃
五河士道	22	ㄨˇ ㄏㄜˊ ㄕˋ ㄉㄠˋ	動漫	約會大作戰
五河琴里	15	ㄨˇ ㄏㄜˊ ㄑㄧㄣˊ ㄌㄧˇ	動漫	約會大作戰
五等分	24	ㄨˇ ㄉㄥˇ ㄈㄣ	動漫	五等分的新娘
五郎	18	ㄨˇ ㄌㄤˊ	動漫	DARLING in the FRANXX
井上織姬	18	ㄐㄧㄥˇ ㄕㄤˋ ㄓ ㄐㄧ	動漫	BLEACH死神
井之上瀧奈	19	ㄐㄧㄥˇ ㄓ ㄕㄤˋ ㄌㄨㄥˊ ㄋㄞˋ	動漫	莉可麗絲
井之原真人	12	ㄐㄧㄥˇ ㄓ ㄩㄢˊ ㄓㄣ ㄖㄣˊ	動漫	Little Busters!
亞也子	11	ㄧㄚˇ ㄧㄝˇ ㄗ˙	動漫	擅長逃跑的殿下
亞伯特	17	ㄧㄚˇ ㄅㄛˊ ㄊㄜˋ	動漫	憂國的莫里亞蒂
亞修	12	ㄧㄚˇ ㄒㄧㄡ	動漫	ALDNOAH.ZERO
亞修林克斯	21	ㄧㄚˇ ㄒㄧㄡ ㄌㄧㄣˊ ㄎㄜˋ ㄙ	動漫	BANANA FISH
亞可卡嘉莉	19	ㄧㄚˇ ㄎㄜˇ ㄎㄚˇ ㄐㄧㄚ ㄌㄧˋ	動漫	小魔女學園
亞左弔兵衛	14	ㄧㄚˇ ㄗㄨㄛˇ ㄉㄧㄠˋ ㄅㄧㄥ ㄨㄟˋ	動漫	地獄樂
亞拉斯特爾	16	ㄧㄚˇ ㄌㄚ ㄙ ㄊㄜˋ ㄦˇ	動漫	灼眼的夏娜
亞斯塔	21	ㄧㄚˇ ㄙ ㄊㄚˇ	動漫	黑色五葉草
亞森羅蘋	11	ㄧㄚˇ ㄙㄣ ㄌㄨㄛˊ ㄆㄧㄥˊ	動漫	不死少女的謀殺鬧劇
亞爾加德	11	ㄧㄚˇ ㄦˇ ㄐㄧㄚ ㄉㄜˊ	動漫	轉生王女與天才千金的魔法革命
亞瑟波義耳	17	ㄧㄚˇ ㄙㄜˋ ㄅㄛ ㄧˋ ㄦˇ	動漫	炎炎消防隊
亞當	46	ㄧㄚˇ ㄉㄤ	動漫	終末的女武神
亞白米娜	18	ㄧㄚˇ ㄅㄞˊ ㄇㄧˇ ㄋㄚˋ	動漫	怪獸8號
亞童木	17	ㄧㄚˇ ㄊㄨㄥˊ ㄇㄨˋ	動漫	PLUTO冥王
亞細亞實	14	ㄧㄚˇ ㄒㄧˋ ㄧㄚˇ ㄕˊ	動漫	宇崎學妹想要玩！
亞絲娜	21	ㄧㄚˇ ㄙ ㄋㄚˋ	動漫	刀劍神域
亞連沃克	18	ㄧㄚˇ ㄌㄧㄢˊ ㄨㄛˋ ㄎㄜˋ	動漫	驅魔少年
亞魯雷特	19	ㄧㄚˇ ㄌㄨˇ ㄌㄟˊ ㄊㄜˋ	動漫	進擊的巨人
亡靈	18	ㄨㄤˊ ㄌㄧㄥˊ	動漫	嘆氣的亡靈想隱退
交響情人夢	6	ㄐㄧㄠ ㄒㄧㄤˇ ㄑㄧㄥˊ ㄖㄣˊ ㄇㄥˋ	動漫	交響情人夢
交響詩篇	18	ㄐㄧㄠ ㄒㄧㄤˇ ㄕ ㄆㄧㄢ	動漫	交響詩篇
人偶	16	ㄖㄣˊ ㄡˇ	動漫	紫羅蘭永恆花園
人生	15	ㄖㄣˊ ㄕㄥ	動漫	蒼鷺與少年
人生清單	13	ㄖㄣˊ ㄕㄥ ㄑㄧㄥ ㄉㄢ	動漫	殭屍100～在成為殭屍前要做的100件事～
人衣一體	13	ㄖㄣˊ ㄧ ㄧ ㄊㄧˇ	動漫	KILL la KILL
什麼	23	ㄕㄜˊ ㄇㄛ˙	動漫	在地下城尋求邂逅是否搞錯了什麼
仁坂悠介	11	ㄖㄣˊ ㄅㄢˇ ㄧㄡ ㄐㄧㄝˋ	動漫	戀愛與謊言
今井綠	11	ㄐㄧㄣ ㄐㄧㄥˇ ㄌㄩˋ	動漫	白箱
今天	16	ㄐㄧㄣ ㄊㄧㄢ	動漫	NEW GAME!
今村耕平	17	ㄐㄧㄣ ㄘㄨㄣ ㄍㄥ ㄆㄧㄥˊ	動漫	碧藍之海
今泉俊輔	15	ㄐㄧㄣ ㄑㄩㄢˊ ㄐㄩㄣˋ ㄈㄨˇ	動漫	飆速宅男
仙石翔	12	ㄒㄧㄢ ㄕˊ ㄒㄧㄤˊ	動漫	堀與宮村
代替	15	ㄉㄞˋ ㄊㄧˋ	動漫	美少女戰士
令咒	14	ㄌㄧㄥˋ ㄓㄡˋ	動漫	Fate/Zero
以爺爺	14	ㄧˇ ㄧㄝˊ ㄧㄝˊ	動漫	金田一少年之事件簿
仲村由理	18	ㄓㄨㄥˋ ㄘㄨㄣ ㄧㄡˊ ㄌㄧˇ	動漫	Angel Beats!
任務完成	12	ㄖㄣˋ ㄨˋ ㄨㄢˊ ㄔㄥˊ	動漫	新機動戰記鋼彈W
伊井野御子	12	ㄧ ㄐㄧㄥˇ ㄧㄝˇ ㄩˋ ㄗ˙	動漫	輝夜姬想讓人告白
伊佐木要	12	ㄧ ㄗㄨㄛˇ ㄇㄨˋ ㄧㄠˋ	動漫	來自風平浪靜的明日
伊佐那社	17	ㄧ ㄗㄨㄛˇ ㄋㄚˋ ㄕㄜˋ	動漫	K
伊原摩耶花	15	ㄧ ㄩㄢˊ ㄇㄛˊ ㄧㄝ ㄏㄨㄚ	動漫	冰菓
伊吹風子	11	ㄧ ㄔㄨㄟ ㄈㄥ ㄗ˙	動漫	CLANNAD
伊地知星歌	14	ㄧ ㄉㄧˋ ㄓ ㄒㄧㄥ ㄍㄜ	動漫	孤獨搖滾
伊地知虹夏	20	ㄧ ㄉㄧˋ ㄓ ㄏㄨㄥˊ ㄒㄧㄚˋ	動漫	孤獨搖滾
伊芙加登	23	ㄧ ㄈㄨˊ ㄐㄧㄚ ㄉㄥ	動漫	紫羅蘭永恆花園
伊莉娜	11	ㄧ ㄌㄧˋ ㄋㄚˋ	動漫	暗殺教室
伊莉莎白	17	ㄧ ㄌㄧˋ ㄕㄚ ㄅㄞˊ	動漫	黑執事
伊莉雅	19	ㄧ ㄌㄧˋ ㄧㄚˇ	動漫	Fate/stay night
伊莉雅珊瑚	13	ㄧ ㄌㄧˋ ㄧㄚˇ ㄕㄢ ㄏㄨˊ	動漫	轉生王女與天才千金的魔法革命
伊莎貝拉	15	ㄧ ㄕㄚ ㄅㄟˋ ㄌㄚ	動漫	約定的夢幻島
伊藤開司	20	ㄧ ㄊㄥˊ ㄎㄞ ㄙ	動漫	賭博默示錄
伊麗莎白	18	ㄧ ㄌㄧˋ ㄕㄚ ㄅㄞˊ	動漫	七大罪
伏見猿比古	9	ㄈㄨˊ ㄐㄧㄢˋ ㄩㄢˊ ㄅㄧˇ ㄍㄨˇ	動漫	K
伏黑惠	22	ㄈㄨˊ ㄏㄟ ㄏㄨㄟˋ	動漫	咒術迴戰
休安	17	ㄒㄧㄡ ㄢ	動漫	丹特麗安的書架
伯雷亞斯	15	ㄅㄛˊ ㄌㄟˊ ㄧㄚˇ ㄙ	動漫	無職轉生
佐佐原宗平	12	ㄗㄨㄛˇ ㄗㄨㄛˇ ㄩㄢˊ ㄗㄨㄥ ㄆㄧㄥˊ	動漫	鄰座的怪同學
佐佐木	12	ㄗㄨㄛˇ ㄗㄨㄛˇ ㄇㄨˋ	動漫	終末的女武神
佐倉千代	18	ㄗㄨㄛˇ ㄘㄤ ㄑㄧㄢ ㄉㄞˋ	動漫	月刊少女野崎同學
佐倉慈	11	ㄗㄨㄛˇ ㄘㄤ ㄘˊ	動漫	學園孤島
佐倉杏子	14	ㄗㄨㄛˇ ㄘㄤ ㄒㄧㄥˋ ㄗˇ	動漫	魔法少女小圓
佐切	16	ㄗㄨㄛˇ ㄑㄧㄝˋ	動漫	地獄樂
佐原美代子	13	ㄗㄨㄛˇ ㄩㄢˊ ㄇㄟˇ ㄉㄞˋ ㄗˇ	動漫	聲之形
佐古下柳	15	ㄗㄨㄛˇ ㄍㄨˇ ㄒㄧㄚˋ ㄌㄧㄡˇ	動漫	烈火之炎
佐天淚子	15	ㄗㄨㄛˇ ㄊㄧㄢ ㄌㄟˋ ㄗ˙	動漫	科學超電磁砲
佐田恭也	15	ㄗㄨㄛˇ ㄊㄧㄢˊ ㄍㄨㄥ ㄧㄝˇ	動漫	狼少女與黑王子
佐藤和真	23	ㄗㄨㄛˇ ㄊㄥˊ ㄏㄜˊ ㄓㄣ	動漫	為美好的世界獻上祝福
佐藤壽也	15	ㄗㄨㄛˇ ㄊㄥˊ ㄕㄡˋ ㄧㄝˇ	動漫	棒球大聯盟
佐藤正男	12	ㄗㄨㄛˇ ㄊㄥˊ ㄓㄥˋ ㄋㄢˊ	動漫	蠟筆小新
佐藤真冬	18	ㄗㄨㄛˇ ㄊㄥˊ ㄓㄣ ㄉㄨㄥ	動漫	Given被贈與的未來
佐賀	22	ㄗㄨㄛˇ ㄏㄜˋ	動漫	佐賀偶像是傳奇
佐野萬次郎	19	ㄗㄨㄛˇ ㄧㄝˇ ㄨㄢˋ ㄘˋ ㄌㄤˊ	動漫	東京復仇者
佛朗基	10	ㄈㄛˊ ㄌㄤˇ ㄐㄧ	動漫	航海王
佛爾帕斯塔	17	ㄈㄛˊ ㄦˇ ㄆㄚˋ ㄙ ㄊㄚˇ	動漫	FAIRY TAIL魔導少年
你已經死了	13	ㄋㄧˇ ㄧˇ ㄐㄧㄥ ㄙˇ ㄌㄜ˙	動漫	北斗神拳
你想	13	ㄋㄧˇ ㄒㄧㄤˇ	動漫	蒼鷺與少年
你的名字	28	ㄋㄧˇ ㄉㄜ˙ ㄇㄧㄥˊ ㄗˋ	動漫	你的名字
你的名字是	16	ㄋㄧˇ ㄉㄜ˙ ㄇㄧㄥˊ ㄗˋ ㄕˋ	動漫	你的名字
你的謊言	14	ㄋㄧˇ ㄉㄜ˙ ㄏㄨㄤˇ ㄧㄢˊ	動漫	四月是你的謊言
來堂	15	ㄌㄞˊ ㄊㄤˊ	動漫	阿波連同學深不可測
來自	21	ㄌㄞˊ ㄗˋ	動漫	來自風平浪靜的明日
來自深淵	22	ㄌㄞˊ ㄗˋ ㄕㄣ ㄩㄢ	動漫	來自深淵
侍奉社	13	ㄕˋ ㄈㄥˋ ㄕㄜˋ	動漫	果然我的青春戀愛喜劇搞錯了
侵略	22	ㄑㄧㄣ ㄌㄩㄝˋ	動漫	侵略！花枝娘
侵略地上	12	ㄑㄧㄣ ㄌㄩㄝˋ ㄉㄧˋ ㄕㄤˋ	動漫	侵略！花枝娘
侵略藍星	13	ㄑㄧㄣ ㄌㄩㄝˋ ㄌㄢˊ ㄒㄧㄥ	動漫	Keroro軍曹
俄語	21	ㄜˋ ㄩˇ	動漫	不時輕聲地以俄語遮羞的鄰座艾莉同學
保坂	11	ㄅㄠˇ ㄅㄢˇ	動漫	南家三姊妹
保登心愛	19	ㄅㄠˇ ㄉㄥ ㄒㄧㄣ ㄞˋ	動漫	請問您今天要來點兔子嗎？
保科宗四郎	12	ㄅㄠˇ ㄎㄜ ㄗㄨㄥ ㄙˋ ㄌㄤˊ	動漫	怪獸8號
保羅	13	ㄅㄠˇ ㄌㄨㄛˊ	動漫	無職轉生
保育室	11	ㄅㄠˇ ㄩˋ ㄕˋ	動漫	學園奶爸
修坦費爾德	15	ㄒㄧㄡ ㄊㄢˇ ㄈㄟˋ ㄦˇ ㄉㄜˊ	動漫	Code Geass反叛的魯路修
修塔爾克	18	ㄒㄧㄡ ㄊㄚˇ ㄦˇ ㄎㄜˋ	動漫	葬送的芙莉蓮
修女	78	ㄒㄧㄡ ㄋㄩˇ	動漫	荒川爆笑團
修羅	10	ㄒㄧㄡ ㄌㄨㄛˊ	動漫	異修羅
修雷因	10	ㄒㄧㄡ ㄌㄟˊ ㄧㄣ	動漫	轉生成蜘蛛又怎樣
俺物語!!	20	ㄢˇ ㄨˋ ㄩˇ !!	動漫	俺物語!!
倉嶋千百合	14	ㄘㄤ ㄉㄠˇ ㄑㄧㄢ ㄅㄞˇ ㄏㄜˊ	動漫	加速世界
倉持洋一	11	ㄘㄤ ㄔˊ ㄧㄤˊ ㄧ	動漫	鑽石王牌
借力	8	ㄐㄧㄝˋ ㄌㄧˋ	動漫	高校之神
借物	22	ㄐㄧㄝˋ ㄨˋ	動漫	借物少女艾莉緹
借物少女	21	ㄐㄧㄝˋ ㄨˋ ㄕㄠˋ ㄋㄩˇ	動漫	借物少女艾莉緹
偵探	21	ㄓㄣ ㄊㄢˋ	動漫	魔人偵探腦嚙涅羅
偶像	22	ㄡˇ ㄒㄧㄤˋ	動漫	佐賀偶像是傳奇
偶像大師	22	ㄡˇ ㄒㄧㄤˋ ㄉㄚˋ ㄕ	動漫	偶像大師
傑圖亞	13	ㄐㄧㄝˊ ㄊㄨˊ ㄧㄚˇ	動漫	幼女戰記
傑特布萊克	17	ㄐㄧㄝˊ ㄊㄜˋ ㄅㄨˋ ㄌㄞˊ ㄎㄜˋ	動漫	星際牛仔
傑瑞米亞	12	ㄐㄧㄝˊ ㄖㄨㄟˋ ㄇㄧˇ ㄧㄚˇ	動漫	Code Geass反叛的魯路修
傑諾斯	20	ㄐㄧㄝˊ ㄋㄨㄛˋ ㄙ	動漫	一拳超人
傳奇	22	ㄔㄨㄢˊ ㄑㄧˊ	動漫	佐賀偶像是傳奇
優娜	20	ㄧㄡ ㄋㄚˋ	動漫	晨曦公主
元氣	22	ㄩㄢˊ ㄑㄧˋ	動漫	元氣少女緣結神
元祿	20	ㄩㄢˊ ㄌㄨˋ	動漫	昭和元祿落語心中
先島光	18	ㄒㄧㄢ ㄉㄠˇ ㄍㄨㄤ	動漫	來自風平浪靜的明日
光秀	14	ㄍㄨㄤ ㄒㄧㄡˋ	動漫	赤髮白雪姬
克努特	15	ㄎㄜˋ ㄋㄨˇ ㄊㄜˋ	動漫	Vinland Saga海盜戰記
克勞迪亞	17	ㄎㄜˋ ㄌㄠˊ ㄉㄧˊ ㄧㄚˇ	動漫	紫羅蘭永恆花園
克彥	15	ㄎㄜˋ ㄧㄢˋ	動漫	你的名字
克拉	21	ㄎㄜˋ ㄌㄚ	動漫	狼與辛香料
克林	17	ㄎㄜˋ ㄌㄧㄣˊ	動漫	七龍珠
克洛伊	13	ㄎㄜˋ ㄌㄨㄛˋ ㄧ	動漫	Fate/kaleid liner魔法少女☆伊莉雅
克洛迪娜	12	ㄎㄜˋ ㄌㄨㄛˋ ㄉㄧˊ ㄋㄚˋ	動漫	少女歌劇Revue Starlight
克羅姆	13	ㄎㄜˋ ㄌㄨㄛˊ ㄇㄨˇ	動漫	Dr.STONE新石紀
克羅涅	13	ㄎㄜˋ ㄌㄨㄛˊ ㄋㄧㄝˋ	動漫	約定的夢幻島
克萊	20	ㄎㄜˋ ㄌㄞˊ	動漫	嘆氣的亡靈想隱退
克萊因	18	ㄎㄜˋ ㄌㄞˊ ㄧㄣ	動漫	機動戰士鋼彈SEED
克蕾雅	11	ㄎㄜˋ ㄌㄟˇ ㄧㄚˇ	動漫	BACCANO!大騷動!
克里夫	13	ㄎㄜˋ ㄌㄧˇ ㄈㄨ	動漫	黑執事
克雷佛塞特	13	ㄎㄜˋ ㄌㄟˊ ㄈㄛˊ ㄙㄜˋ ㄊㄜˋ	動漫	PROMARE
克雷夫	11	ㄎㄜˋ ㄌㄟˊ ㄈㄨ	動漫	魔法騎士雷阿斯
克魯茲威巴	13	ㄎㄜˋ ㄌㄨˇ ㄗ ㄨㄟ ㄅㄚ	動漫	驚爆危機
兒島弘道	15	ㄦˊ ㄉㄠˇ ㄏㄨㄥˊ ㄉㄠˋ	動漫	ONE OUTS超智遊戲
內海將	14	ㄋㄟˋ ㄏㄞˇ ㄐㄧㄤ	動漫	SSSS.GRIDMAN
內藤鈴	19	ㄋㄟˋ ㄊㄥˊ ㄌㄧㄥˊ	動漫	龍與雀斑公主
全集中	16	ㄑㄩㄢˊ ㄐㄧˊ ㄓㄨㄥ	動漫	鬼滅之刃
兩儀式	20	ㄌㄧㄤˇ ㄧˊ ㄕˋ	動漫	空之境界
兩津勘吉	24	ㄌㄧㄤˇ ㄐㄧㄣ ㄎㄢ ㄐㄧˊ	動漫	烏龍派出所
兩面宿儺	15	ㄌㄧㄤˇ ㄇㄧㄢˋ ㄙㄨˋ ㄋㄨㄛˊ	動漫	咒術迴戰
八九寺真宵	16	ㄅㄚ ㄐㄧㄡˇ ㄙˋ ㄓㄣ ㄒㄧㄠ	動漫	物語系列
八奈見杏菜	17	ㄅㄚ ㄋㄞˋ ㄐㄧㄢˋ ㄒㄧㄥˋ ㄘㄞˋ	動漫	敗北女角太多了
八尋寧寧	17	ㄅㄚ ㄒㄩㄣˊ ㄋㄧㄥˊ ㄋㄧㄥˊ	動漫	地縛少年花子君
八王子直人	15	ㄅㄚ ㄨㄤˊ ㄗˇ ㄓˊ ㄖㄣˊ	動漫	不要欺負我，長瀞同學
八神光	15	ㄅㄚ ㄕㄣˊ ㄍㄨㄤ	動漫	數碼寶貝大冒險
八神太一	22	ㄅㄚ ㄕㄣˊ ㄊㄞˋ ㄧ	動漫	數碼寶貝大冒險
八神疾風	14	ㄅㄚ ㄕㄣˊ ㄐㄧˊ ㄈㄥ	動漫	魔法少女奈葉
八軒勇吾	20	ㄅㄚ ㄒㄩㄢ ㄩㄥˇ ㄨˊ	動漫	銀之匙
公安九課	13	ㄍㄨㄥ ㄢ ㄐㄧㄡˇ ㄎㄜˋ	動漫	攻殼機動隊
公路車	12	ㄍㄨㄥ ㄌㄨˋ ㄔㄜ	動漫	飆速宅男
六合塚彌生	13	ㄌㄧㄡˋ ㄏㄜˊ ㄓㄨㄥˇ ㄇㄧˊ ㄕㄥ	動漫	PSYCHO-PASS心靈判官
六彌凪	8	ㄌㄧㄡˋ ㄇㄧˊ ㄓˇ	動漫	IDOLiSH7
六文	13	ㄌㄧㄡˋ ㄨㄣˊ	動漫	境界之輪迴
六道輪迴	17	ㄌㄧㄡˋ ㄉㄠˋ ㄌㄨㄣˊ ㄏㄨㄟˊ	動漫	境界之輪迴
六道骸	10	ㄌㄧㄡˋ ㄉㄠˋ ㄏㄞˊ	動漫	家庭教師HITMAN REBORN!
兵藤和尊	15	ㄅㄧㄥ ㄊㄥˊ ㄏㄜˊ ㄗㄨㄣ	動漫	賭博默示錄
再借不難	15	ㄗㄞˋ ㄐㄧㄝˋ ㄅㄨˋ ㄋㄢˊ	動漫	烏龍派出所
冬彌	9	ㄉㄨㄥ ㄇㄧˊ	動漫	記錄的地平線
冬月梓	17	ㄉㄨㄥ ㄩㄝˋ ㄗˇ	動漫	麻辣教師GTO
冬獅郎	10	ㄉㄨㄥ ㄕ ㄌㄤˊ	動漫	BLEACH死神
冰上的尤里	22	ㄅㄧㄥ ㄕㄤˋ ㄉㄜ˙ ㄧㄡˊ ㄌㄧˇ	動漫	冰上的尤里
冰菓	24	ㄅㄧㄥ ㄍㄨㄛˇ	動漫	冰菓
凪誠士郎	17	ㄓˇ ㄔㄥˊ ㄕˋ ㄌㄤˊ	動漫	藍色監獄
凸守早苗	12	ㄊㄨˊ ㄕㄡˇ ㄗㄠˇ ㄇㄧㄠˊ	動漫	中二病也想談戀愛
出口智志	12	ㄔㄨ ㄎㄡˇ ㄓˋ ㄓˋ	動漫	ONE OUTS超智遊戲
出手	20	ㄔㄨ ㄕㄡˇ	動漫	別對映像研出手！
出租女友	12	ㄔㄨ ㄗㄨ ㄋㄩˇ ㄧㄡˇ	動漫	租借女友
出雲風子	15	ㄔㄨ ㄩㄣˊ ㄈㄥ ㄗ˙	動漫	不死不運
刀劍神域	26	ㄉㄠ ㄐㄧㄢˋ ㄕㄣˊ ㄩˋ	動漫	刀劍神域
刃牙	21	ㄖㄣˋ ㄧㄚˊ	動漫	刃牙
初春飾利	17	ㄔㄨ ㄔㄨㄣ ㄕˋ ㄌㄧˋ	動漫	科學超電磁砲
利姆路	23	ㄌㄧˋ ㄇㄨˇ ㄌㄨˋ	動漫	關於我轉生變成史萊姆這檔事
利根川幸雄	17	ㄌㄧˋ ㄍㄣ ㄔㄨㄢ ㄒㄧㄥˋ ㄒㄩㄥˊ	動漫	賭博默示錄
利迪	14	ㄌㄧˋ ㄉㄧˊ	動漫	機動戰士鋼彈UC
到我	19	ㄉㄠˋ ㄨㄛˇ	動漫	天使降臨到我身邊
前原圭一	20	ㄑㄧㄢˊ ㄩㄢˊ ㄍㄨㄟ ㄧ	動漫	寒蟬鳴泣之時
前川未來	11	ㄑㄧㄢˊ ㄔㄨㄢ ㄨㄟˋ ㄌㄞˊ	動漫	偶像大師灰姑娘女孩
前輩	205	ㄑㄧㄢˊ ㄅㄟˋ	動漫	前輩有夠煩
前輩有夠煩	19	ㄑㄧㄢˊ ㄅㄟˋ ㄧㄡˇ ㄍㄡˋ ㄈㄢˊ	動漫	前輩有夠煩
剎那	143	ㄔㄚˋ ㄋㄚˋ	動漫	半妖的夜叉姬
剎那F塞耶	20	ㄔㄚˋ ㄋㄚˋ F ㄙㄜˋ ㄧㄝ	動漫	機動戰士鋼彈00
剛力	14	ㄍㄤ ㄌㄧˋ	動漫	奇巧計程車
剛田猛男	18	ㄍㄤ ㄊㄧㄢˊ ㄇㄥˇ ㄋㄢˊ	動漫	俺物語!!
創作者	317	ㄔㄨㄤˋ ㄗㄨㄛˋ ㄓㄜˇ	動漫	Re:CREATORS
劉昴星	20	ㄌㄧㄡˊ ㄇㄠˇ ㄒㄧㄥ	動漫	中華一番
劉美羅	13	ㄌㄧㄡˊ ㄇㄟˇ ㄌㄨㄛˊ	動漫	高校之神
劍之聖女	10	ㄐㄧㄢˋ ㄓ ㄕㄥˋ ㄋㄩˇ	動漫	哥布林殺手
劍宗次朗	15	ㄐㄧㄢˋ ㄗㄨㄥ ㄘˋ ㄌㄤˇ	動漫	異修羅
劍持勇	17	ㄐㄧㄢˋ ㄔˊ ㄩㄥˇ	動漫	金田一少年之事件簿
加油	13	ㄐㄧㄚ ㄧㄡˊ	動漫	NEW GAME!
加洛提莫斯	17	ㄐㄧㄚ ㄌㄨㄛˋ ㄊㄧˊ ㄇㄛˋ ㄙ	動漫	PROMARE
加納咢	11	ㄐㄧㄚ ㄋㄚˋ ㄜˋ	動漫	拳願阿修羅
加賀靜子	13	ㄐㄧㄚ ㄏㄜˋ ㄐㄧㄥˋ ㄗ˙	動漫	會長是女僕大人
加賀香子	15	ㄐㄧㄚ ㄏㄜˋ ㄒㄧㄤ ㄗ˙	動漫	青春紀行
加速	528	ㄐㄧㄚ ㄙㄨˋ	動漫	加速世界
加速世界	20	ㄐㄧㄚ ㄙㄨˋ ㄕˋ ㄐㄧㄝˋ	動漫	加速世界
助六	15	ㄓㄨˋ ㄌㄧㄡˋ	動漫	昭和元祿落語心中
動感超人	16	ㄉㄨㄥˋ ㄍㄢˇ ㄔㄠ ㄖㄣˊ	動漫	蠟筆小新
動畫製作	12	ㄉㄨㄥˋ ㄏㄨㄚˋ ㄓˋ ㄗㄨㄛˋ	動漫	白箱
勝呂龍士	12	ㄕㄥˋ ㄌㄩˇ ㄌㄨㄥˊ ㄕˋ	動漫	青之驅魔師
勝生勇利	20	ㄕㄥˋ ㄕㄥ ㄩㄥˇ ㄌㄧˋ	動漫	冰上的尤里
化貓	11	ㄏㄨㄚˋ ㄇㄠ	動漫	怪化貓
化野	17	ㄏㄨㄚˋ ㄧㄝˇ	動漫	蟲師
北原伊織	20	ㄅㄟˇ ㄩㄢˊ ㄧ ㄓ	動漫	碧藍之海
北斗神拳	23	ㄅㄟˇ ㄉㄡˇ ㄕㄣˊ ㄑㄩㄢˊ	動漫	北斗神拳
北村元康	11	ㄅㄟˇ ㄘㄨㄣ ㄩㄢˊ ㄎㄤ	動漫	盾之勇者成名錄
北村祐作	13	ㄅㄟˇ ㄘㄨㄣ ㄧㄡˋ ㄗㄨㄛˋ	動漫	龍與虎
北條時行	18	ㄅㄟˇ ㄊㄧㄠˊ ㄕˊ ㄒㄧㄥˊ	動漫	擅長逃跑的殿下
北條沙都子	13	ㄅㄟˇ ㄊㄧㄠˊ ㄕㄚ ㄉㄡ ㄗ˙	動漫	寒蟬鳴泣之時
北白川玉子	18	ㄅㄟˇ ㄅㄞˊ ㄔㄨㄢ ㄩˋ ㄗ˙	動漫	玉子市場
十二生肖	11	ㄕˊ ㄦˋ ㄕㄥ ㄒㄧㄠˋ	動漫	水果籃子
十鬼蛇王馬	18	ㄕˊ ㄍㄨㄟˇ ㄕㄜˊ ㄨㄤˊ ㄇㄚˇ	動漫	拳願阿修羅
千反田愛瑠	19	ㄑㄧㄢ ㄈㄢˇ ㄊㄧㄢˊ ㄞˋ ㄌㄧㄡˊ	動漫	冰菓
千堂武士	12	ㄑㄧㄢ ㄊㄤˊ ㄨˇ ㄕˋ	動漫	第一神拳
千壽村征	12	ㄑㄧㄢ ㄕㄡˋ ㄘㄨㄣ ㄓㄥ	動漫	情色漫畫老師
千年伯爵	11	ㄑㄧㄢ ㄋㄧㄢˊ ㄅㄛˊ ㄐㄩㄝˊ	動漫	驅魔少年
千早瞬平	12	ㄑㄧㄢ ㄗㄠˇ ㄕㄨㄣˋ ㄆㄧㄥˊ	動漫	失憶投捕
千曳辰治	11	ㄑㄧㄢ ㄧˋ ㄔㄣˊ ㄓˋ	動漫	Another
千石撫子	12	ㄑㄧㄢ ㄕˊ ㄈㄨˇ ㄗ˙	動漫	物語系列
千秋真一	18	ㄑㄧㄢ ㄑㄧㄡ ㄓㄣ ㄧ	動漫	交響情人夢
千葉翔太郎	16	ㄑㄧㄢ ㄧㄝˋ ㄒㄧㄤˊ ㄊㄞˋ ㄌㄤˊ	動漫	青之壬生浪
千變萬化	25	ㄑㄧㄢ ㄅㄧㄢˋ ㄨㄢˋ ㄏㄨㄚˋ	動漫	嘆氣的亡靈想隱退
千都	18	ㄑㄧㄢ ㄉㄡ	動漫	少女終末旅行
千頭慎次郎	13	ㄑㄧㄢ ㄊㄡˊ ㄕㄣˋ ㄘˋ ㄌㄤˊ	動漫	龍與雀斑公主
千鳥要	16	ㄑㄧㄢ ㄋㄧㄠˇ ㄧㄠˋ	動漫	驚爆危機
半妖	21	ㄅㄢˋ ㄧㄠ	動漫	半妖的夜叉姬
卍解	15	ㄨㄢˋ ㄐㄧㄝˇ	動漫	BLEACH死神
南千秋	13	ㄋㄢˊ ㄑㄧㄢ ㄑㄧㄡ	動漫	南家三姊妹
南夏奈	15	ㄋㄢˊ ㄒㄧㄚˋ ㄋㄞˋ	動漫	南家三姊妹
南夢芽	14	ㄋㄢˊ ㄇㄥˋ ㄧㄚˊ	動漫	SSSS.DYNAZENON
南家	11	ㄋㄢˊ ㄐㄧㄚ	動漫	南家三姊妹
南家三姊妹	19	ㄋㄢˊ ㄐㄧㄚ ㄙㄢ ㄐㄧㄝˇ ㄇㄟˋ	動漫	南家三姊妹
南小鳥	17	ㄋㄢˊ ㄒㄧㄠˇ ㄋㄧㄠˇ	動漫	Love Live!
南方日鶴	15	ㄋㄢˊ ㄈㄤ ㄖˋ ㄏㄜˋ	動漫	夏日重現
南春香	17	ㄋㄢˊ ㄔㄨㄣ ㄒㄧㄤ	動漫	南家三姊妹
南極	62	ㄋㄢˊ ㄐㄧˊ	動漫	比宇宙更遠的地方
南雲	14	ㄋㄢˊ ㄩㄣˊ	動漫	坂本日常
南雲始	18	ㄋㄢˊ ㄩㄣˊ ㄕˇ	動漫	平凡職業造就世界最強
博士	1018	ㄅㄛˊ ㄕˋ	動漫	日常
卡佳里	15	ㄎㄚˇ ㄐㄧㄚ ㄌㄧˇ	動漫	機動戰士鋼彈SEED
卡塔雷特	15	ㄎㄚˇ ㄊㄚˇ ㄌㄟˊ ㄊㄜˋ	動漫	黃金拼圖
卡多斯	12	ㄎㄚˇ ㄉㄨㄛ ㄙ	動漫	君主·埃爾梅羅二世事件簿
卡夫卡	21	ㄎㄚˇ ㄈㄨ ㄎㄚˇ	動漫	怪獸8號
卡巴雷	12	ㄎㄚˇ ㄅㄚ ㄌㄟˊ	動漫	魔法使的新娘
卡文迪許	13	ㄎㄚˇ ㄨㄣˊ ㄉㄧˊ ㄒㄩˇ	動漫	小魔女學園
卡普羅尼	14	ㄎㄚˇ ㄆㄨˇ ㄌㄨㄛˊ ㄋㄧˊ	動漫	風起
卡特爾	12	ㄎㄚˇ ㄊㄜˋ ㄦˇ	動漫	新機動戰記鋼彈W
卡米那	18	ㄎㄚˇ ㄇㄧˇ ㄋㄚˋ	動漫	天元突破紅蓮螺巖
卡蓮	15	ㄎㄚˇ ㄌㄧㄢˊ	動漫	Code Geass反叛的魯路修
卡蜜拉	13	ㄎㄚˇ ㄇㄧˋ ㄌㄚ	動漫	丹特麗安的書架
卡西法	18	ㄎㄚˇ ㄒㄧ ㄈㄚˇ	動漫	霍爾的移動城堡
卷島裕介	12	ㄐㄩㄢˇ ㄉㄠˇ ㄩˋ ㄐㄧㄝˋ	動漫	飆速宅男
厄卡倫	13	ㄜˋ ㄎㄚˇ ㄌㄨㄣˊ	動漫	膽大黨
厄德	14	ㄜˋ ㄉㄜˊ	動漫	機動戰士鋼彈00
及川徹	11	ㄐㄧˊ ㄔㄨㄢ ㄔㄜˋ	動漫	排球少年
友人帳	26	ㄧㄡˇ ㄖㄣˊ ㄓㄤˋ	動漫	夏目友人帳
受傷	19	ㄕㄡˋ ㄕㄤ	動漫	機巧少女不會受傷
古屋純	10	ㄍㄨˇ ㄨ ㄔㄨㄣˊ	動漫	徒然喜歡你
古戶繪梨花	11	ㄍㄨˇ ㄏㄨˋ ㄏㄨㄟˋ ㄌㄧˊ ㄏㄨㄚ	動漫	海貓鳴泣之時
古手川	16	ㄍㄨˇ ㄕㄡˇ ㄔㄨㄢ	動漫	碧藍之海
古手川千紗	15	ㄍㄨˇ ㄕㄡˇ ㄔㄨㄢ ㄑㄧㄢ ㄕㄚ	動漫	碧藍之海
古手梨花	12	ㄍㄨˇ ㄕㄡˇ ㄌㄧˊ ㄏㄨㄚ	動漫	寒蟬鳴泣之時
古河渚	19	ㄍㄨˇ ㄏㄜˊ ㄓㄨˇ	動漫	CLANNAD
古泉一樹	14	ㄍㄨˇ ㄑㄩㄢˊ ㄧ ㄕㄨˋ	動漫	涼宮春日的憂鬱
古立特	11	ㄍㄨˇ ㄌㄧˋ ㄊㄜˋ	動漫	SSSS.GRIDMAN
古見	24	ㄍㄨˇ ㄐㄧㄢˋ	動漫	古見同學是溝通魯蛇
古見硝子	21	ㄍㄨˇ ㄐㄧㄢˋ ㄒㄧㄠ ㄗ˙	動漫	古見同學是溝通魯蛇
古賀朋繪	15	ㄍㄨˇ ㄏㄜˋ ㄆㄥˊ ㄏㄨㄟˋ	動漫	青春豬頭少年不會夢到兔女郎學姊
古雷溫德	14	ㄍㄨˇ ㄌㄟˊ ㄨㄣ ㄉㄜˊ	動漫	GOSICK
只想告訴你	22	ㄓˇ ㄒㄧㄤˇ ㄍㄠˋ ㄙㄨˋ ㄋㄧˇ	動漫	只想告訴你
只有	16	ㄓˇ ㄧㄡˇ	動漫	名偵探柯南
只殺哥布林	12	ㄓˇ ㄕㄚ ㄍㄜ ㄅㄨˋ ㄌㄧㄣˊ	動漫	哥布林殺手
只野仁人	18	ㄓˇ ㄧㄝˇ ㄖㄣˊ ㄖㄣˊ	動漫	古見同學是溝通魯蛇
叫我達令	12	ㄐㄧㄠˋ ㄨㄛˇ ㄉㄚˊ ㄌㄧㄥˋ	動漫	DARLING in the FRANXX
召喚獸	23	ㄓㄠˋ ㄏㄨㄢˋ ㄕㄡˋ	動漫	笨蛋，測驗，召喚獸
可不是	15	ㄎㄜˇ ㄅㄨˊ ㄕˋ	動漫	刀劍神域
可愛	22	ㄎㄜˇ ㄞˋ	動漫	我的妹妹哪有這麼可愛
可能性之獸	12	ㄎㄜˇ ㄋㄥˊ ㄒㄧㄥˋ ㄓ ㄕㄡˋ	動漫	機動戰士鋼彈UC
可蕾娜	12	ㄎㄜˇ ㄌㄟˇ ㄋㄚˋ	動漫	86－不存在的戰區－
可魯貝洛斯	15	ㄎㄜˇ ㄌㄨˇ ㄅㄟˋ ㄌㄨㄛˋ ㄙ	動漫	庫洛魔法使
史卡雷特	15	ㄕˇ ㄎㄚˇ ㄌㄟˊ ㄊㄜˋ	動漫	FAIRY TAIL魔導少年
史坦菲爾德	11	ㄕˇ ㄊㄢˇ ㄈㄟ ㄦˇ ㄉㄜˊ	動漫	BACCANO!大騷動!
史密斯	15	ㄕˇ ㄇㄧˋ ㄙ	動漫	進擊的巨人
史比勒	13	ㄕˇ ㄅㄧˇ ㄌㄜˋ	動漫	借物少女艾莉緹
史比格	20	ㄕˇ ㄅㄧˇ ㄍㄜˊ	動漫	星際牛仔
史派克	20	ㄕˇ ㄆㄞˋ ㄎㄜˋ	動漫	星際牛仔
史特拉托斯	17	ㄕˇ ㄊㄜˋ ㄌㄚ ㄊㄨㄛ ㄙ	動漫	機動戰士鋼彈00
史特路爾森	10	ㄕˇ ㄊㄜˋ ㄌㄨˋ ㄦˇ ㄙㄣ	動漫	無頭騎士異聞錄DuRaRaRa!!
史瑪特	13	ㄕˇ ㄇㄚˇ ㄊㄜˋ	動漫	嘆氣的亡靈想隱退
史萊姆	25	ㄕˇ ㄌㄞˊ ㄇㄨˇ	動漫	關於我轉生變成史萊姆這檔事
右代宮戰人	17	ㄧㄡˋ ㄉㄞˋ ㄍㄨㄥ ㄓㄢˋ ㄖㄣˊ	動漫	海貓鳴泣之時
右代宮緣壽	13	ㄧㄡˋ ㄉㄞˋ ㄍㄨㄥ ㄩㄢˊ ㄕㄡˋ	動漫	海貓鳴泣之時
司瑛士	14	ㄙ ㄧㄥ ㄕˋ	動漫	食戟之靈
各務原撫子	22	ㄍㄜˋ ㄨˋ ㄩㄢˊ ㄈㄨˇ ㄗ˙	動漫	搖曳露營
吉井明久	20	ㄐㄧˊ ㄐㄧㄥˇ ㄇㄧㄥˊ ㄐㄧㄡˇ	動漫	笨蛋，測驗，召喚獸
吉吉	20	ㄐㄧˊ ㄐㄧˊ	動漫	魔女宅急便
吉岡雙葉	19	ㄐㄧˊ ㄍㄤ ㄕㄨㄤ ㄧㄝˋ	動漫	青春之旅
吉川由紀	13	ㄐㄧˊ ㄔㄨㄢ ㄧㄡˊ ㄐㄧˋ	動漫	堀與宮村
吉爾伽美什	14	ㄐㄧˊ ㄦˇ ㄐㄧㄚ ㄇㄟˇ ㄕㄜˊ	動漫	Fate/Grand Order
吉田一美	14	ㄐㄧˊ ㄊㄧㄢˊ ㄧ ㄇㄟˇ	動漫	灼眼的夏娜
吉田千鶴	13	ㄐㄧˊ ㄊㄧㄢˊ ㄑㄧㄢ ㄏㄜˋ	動漫	只想告訴你
吉田春	15	ㄐㄧˊ ㄊㄧㄢˊ ㄔㄨㄣ	動漫	鄰座的怪同學
吉田芹那	12	ㄐㄧˊ ㄊㄧㄢˊ ㄑㄧㄣˊ ㄋㄚˋ	動漫	我內心的糟糕念頭
吉貝爾	8	ㄐㄧˊ ㄅㄟˋ ㄦˇ	動漫	航海王
同學	27	ㄊㄨㄥˊ ㄒㄩㄝˊ	動漫	月刊少女野崎同學
同學是	23	ㄊㄨㄥˊ ㄒㄩㄝˊ ㄕˋ	動漫	古見同學是溝通魯蛇
名偵探柯南	28	ㄇㄧㄥˊ ㄓㄣ ㄊㄢˋ ㄎㄜ ㄋㄢˊ	動漫	名偵探柯南
名取周一	17	ㄇㄧㄥˊ ㄑㄩˇ ㄓㄡ ㄧ	動漫	夏目友人帳
名義發誓	14	ㄇㄧㄥˊ ㄧˋ ㄈㄚ ㄕˋ	動漫	金田一少年之事件簿
向井戶愛花	15	ㄒㄧㄤˋ ㄐㄧㄥˇ ㄏㄨˋ ㄞˋ ㄏㄨㄚ	動漫	來自風平浪靜的明日
君主	21	ㄐㄩㄣ ㄓㄨˇ	動漫	君主·埃爾梅羅二世事件簿
君嶋綾乃	11	ㄐㄩㄣ ㄉㄠˇ ㄌㄧㄥˊ ㄋㄞˇ	動漫	不時輕聲地以俄語遮羞的鄰座艾莉同學
否定者	11	ㄈㄡˇ ㄉㄧㄥˋ ㄓㄜˇ	動漫	不死不運
吸血鬼	72	ㄒㄧ ㄒㄧㄝˇ ㄍㄨㄟˇ	動漫	吸血鬼騎士
吸血鬼騎士	20	ㄒㄧ ㄒㄧㄝˇ ㄍㄨㄟˇ ㄑㄧˊ ㄕˋ	動漫	吸血鬼騎士
吾代忍	11	ㄨˊ ㄉㄞˋ ㄖㄣˇ	動漫	魔人偵探腦嚙涅羅
呂布奉先	15	ㄌㄩˇ ㄅㄨˋ ㄈㄥˋ ㄒㄧㄢ	動漫	終末的女武神
告白	23	ㄍㄠˋ ㄅㄞˊ	動漫	輝夜姬想讓人告白
周防尊	11	ㄓㄡ ㄈㄤˊ ㄗㄨㄣ	動漫	K
周防有希	14	ㄓㄡ ㄈㄤˊ ㄧㄡˇ ㄒㄧ	動漫	不時輕聲地以俄語遮羞的鄰座艾莉同學
周防美琴	12	ㄓㄡ ㄈㄤˊ ㄇㄟˇ ㄑㄧㄣˊ	動漫	校園迷糊大王
和倉結名	11	ㄏㄜˊ ㄘㄤ ㄐㄧㄝˊ ㄇㄧㄥˊ	動漫	花開物語
和泉一織	15	ㄏㄜˊ ㄑㄩㄢˊ ㄧ ㄓ	動漫	IDOLiSH7
和泉三月	11	ㄏㄜˊ ㄑㄩㄢˊ ㄙㄢ ㄩㄝˋ	動漫	IDOLiSH7
和泉正宗	18	ㄏㄜˊ ㄑㄩㄢˊ ㄓㄥˋ ㄗㄨㄥ	動漫	情色漫畫老師
和泉紗霧	15	ㄏㄜˊ ㄑㄩㄢˊ ㄕㄚ ㄨˋ	動漫	情色漫畫老師
和真	15	ㄏㄜˊ ㄓㄣ	動漫	異世界四重奏
和谷義高	12	ㄏㄜˊ ㄍㄨˇ ㄧˋ ㄍㄠ	動漫	棋靈王
咒術迴戰	14	ㄓㄡˋ ㄕㄨˋ ㄏㄨㄟˊ ㄓㄢˋ	動漫	咒術迴戰
咪啪	13	ㄇㄧ ㄆㄚ	動漫	寒蟬鳴泣之時
哆啦A夢	16	ㄉㄨㄛ ㄌㄚ A ㄇㄥˋ	動漫	哆啦A夢
哆啦美	13	ㄉㄨㄛ ㄌㄚ ㄇㄟˇ	動漫	哆啦A夢
哈克	17	ㄏㄚ ㄎㄜˋ	動漫	晨曦公主
哈文特	15	ㄏㄚ ㄨㄣˊ ㄊㄜˋ	動漫	BACCANO!大騷動!
哈普提茲姆	15	ㄏㄚ ㄆㄨˇ ㄊㄧˊ ㄗ ㄇㄨˇ	動漫	機動戰士鋼彈00
哈比	13	ㄏㄚ ㄅㄧˇ	動漫	FAIRY TAIL魔導少年
哈特菲利亞	19	ㄏㄚ ㄊㄜˋ ㄈㄟ ㄌㄧˋ ㄧㄚˇ	動漫	FAIRY TAIL魔導少年
哈魯	11	ㄏㄚ ㄌㄨˇ	動漫	丹特麗安的書架
哥布林殺手	21	ㄍㄜ ㄅㄨˋ ㄌㄧㄣˊ ㄕㄚ ㄕㄡˇ	動漫	哥布林殺手
哪有	22	ㄋㄚˇ ㄧㄡˇ	動漫	我的妹妹哪有這麼可愛
唐之杜志恩	11	ㄊㄤˊ ㄓ ㄉㄨˋ ㄓˋ ㄣ	動漫	PSYCHO-PASS心靈判官
唐澤	12	ㄊㄤˊ ㄗㄜˊ	動漫	男子高中生的日常
喜多川海夢	19	ㄒㄧˇ ㄉㄨㄛ ㄔㄨㄢ ㄏㄞˇ ㄇㄥˋ	動漫	戀上換裝娃娃
喜多郁代	15	ㄒㄧˇ ㄉㄨㄛ ㄩˋ ㄉㄞˋ	動漫	孤獨搖滾
喜歡	17	ㄒㄧˇ ㄏㄨㄢ	動漫	SPY×FAMILY間諜家家酒
喜歡你	20	ㄒㄧˇ ㄏㄨㄢ ㄋㄧˇ	動漫	俺物語!!
喜翠莊	11	ㄒㄧˇ ㄘㄨㄟˋ ㄓㄨㄤ	動漫	花開物語
喬巴	14	ㄑㄧㄠˊ ㄅㄚ	動漫	航海王
喬巴拿	14	ㄑㄧㄠˊ ㄅㄚ ㄋㄚˊ	動漫	JOJO的奇妙冒險
喬斯達	25	ㄑㄧㄠˊ ㄙ ㄉㄚˊ	動漫	JOJO的奇妙冒險
喬瑟夫	21	ㄑㄧㄠˊ ㄙㄜˋ ㄈㄨ	動漫	JOJO的奇妙冒險
喬納森	24	ㄑㄧㄠˊ ㄋㄚˋ ㄙㄣ	動漫	JOJO的奇妙冒險
喬魯諾	14	ㄑㄧㄠˊ ㄌㄨˇ ㄋㄨㄛˋ	動漫	JOJO的奇妙冒險
喰種	13	ㄘㄢ ㄓㄨㄥˇ	動漫	東京喰種
喵太	12	ㄇㄧㄠ ㄊㄞˋ	動漫	記錄的地平線
喵帕斯	12	ㄇㄧㄠ ㄆㄚˋ ㄙ	動漫	悠悠哉哉少女日和
嗚咕	11	ㄨ ㄍㄨ	動漫	Kanon
嘆氣	18	ㄊㄢˋ ㄑㄧˋ	動漫	嘆氣的亡靈想隱退
嘉德麗雅	15	ㄐㄧㄚ ㄉㄜˊ ㄌㄧˋ ㄧㄚˇ	動漫	紫羅蘭永恆花園
嘟嘟	42	ㄉㄨ ㄉㄨ	動漫	中華一番
嘴平伊之助	17	ㄗㄨㄟˇ ㄆㄧㄥˊ ㄧ ㄓ ㄓㄨˋ	動漫	鬼滅之刃
噬魂者	19	ㄕˋ ㄏㄨㄣˊ ㄓㄜˇ	動漫	噬魂者
四乃山	17	ㄙˋ ㄋㄞˇ ㄕㄢ	動漫	屍體如山的死亡遊戲
四之宮	14	ㄙˋ ㄓ ㄍㄨㄥ	動漫	怪獸8號
四宮輝夜	21	ㄙˋ ㄍㄨㄥ ㄏㄨㄟ ㄧㄝˋ	動漫	輝夜姬想讓人告白
四月	24	ㄙˋ ㄩㄝˋ	動漫	四月是你的謊言
四糸乃	11	ㄙˋ ㄇㄧˋ ㄋㄞˇ	動漫	約會大作戰
四葉環	10	ㄙˋ ㄧㄝˋ ㄏㄨㄢˊ	動漫	IDOLiSH7
四谷	11	ㄙˋ ㄍㄨˇ	動漫	相聚一刻
四郎	19	ㄙˋ ㄌㄤˊ	動漫	中華一番
四重奏	19	ㄙˋ ㄔㄨㄥˊ ㄗㄡˋ	動漫	異世界四重奏
四龍	13	ㄙˋ ㄌㄨㄥˊ	動漫	晨曦公主
國崎往人	17	ㄍㄨㄛˊ ㄑㄧˊ ㄨㄤˇ ㄖㄣˊ	動漫	AIR
國木田獨步	17	ㄍㄨㄛˊ ㄇㄨˋ ㄊㄧㄢˊ ㄉㄨˊ ㄅㄨˋ	動漫	文豪Stray Dogs
國木田花丸	9	ㄍㄨㄛˊ ㄇㄨˋ ㄊㄧㄢˊ ㄏㄨㄚ ㄨㄢˊ	動漫	Love Live! Sunshine!!
園原杏里	15	ㄩㄢˊ ㄩㄢˊ ㄒㄧㄥˋ ㄌㄧˇ	動漫	無頭騎士異聞錄DuRaRaRa!!
園崎詩音	10	ㄩㄢˊ ㄑㄧˊ ㄕ ㄧㄣ	動漫	寒蟬鳴泣之時
園崎魅音	15	ㄩㄢˊ ㄑㄧˊ ㄇㄟˋ ㄧㄣ	動漫	寒蟬鳴泣之時
園田海未	15	ㄩㄢˊ ㄊㄧㄢˊ ㄏㄞˇ ㄨㄟˋ	動漫	Love Live!
圓城寺仁	12	ㄩㄢˊ ㄔㄥˊ ㄙˋ ㄖㄣˊ	動漫	膽大黨
圓桌會議	12	ㄩㄢˊ ㄓㄨㄛ ㄏㄨㄟˋ ㄧˋ	動漫	記錄的地平線
圖書	14	ㄊㄨˊ ㄕㄨ	動漫	小書痴的下剋上
土地神	13	ㄊㄨˇ ㄉㄧˋ ㄕㄣˊ	動漫	元氣少女緣結神
土方十四郎	16	ㄊㄨˇ ㄈㄤ ㄕˊ ㄙˋ ㄌㄤˊ	動漫	銀魂
土方歲三	12	ㄊㄨˇ ㄈㄤ ㄙㄨㄟˋ ㄙㄢ	動漫	黃金神威
在地下城	23	ㄗㄞˋ ㄉㄧˋ ㄒㄧㄚˋ ㄔㄥˊ	動漫	在地下城尋求邂逅是否搞錯了什麼
地上最強	12	ㄉㄧˋ ㄕㄤˋ ㄗㄨㄟˋ ㄑㄧㄤˊ	動漫	刃牙
地下學生會	12	ㄉㄧˋ ㄒㄧㄚˋ ㄒㄩㄝˊ ㄕㄥ ㄏㄨㄟˋ	動漫	監獄學園
地動說	12	ㄉㄧˋ ㄉㄨㄥˋ ㄕㄨㄛ	動漫	地。－關於地球的運動－
地場衛	12	ㄉㄧˋ ㄔㄤˇ ㄨㄟˋ	動漫	美少女戰士
地平線	20	ㄉㄧˋ ㄆㄧㄥˊ ㄒㄧㄢˋ	動漫	記錄的地平線
地方	22	ㄉㄧˋ ㄈㄤ	動漫	比宇宙更遠的地方
地獄	133	ㄉㄧˋ ㄩˋ	動漫	鬼燈的冷徹
地獄少女	22	ㄉㄧˋ ㄩˋ ㄕㄠˋ ㄋㄩˇ	動漫	地獄少女
地獄樂	21	ㄉㄧˋ ㄩˋ ㄌㄜˋ	動漫	地獄樂
地獄的吹雪	14	ㄉㄧˋ ㄩˋ ㄉㄜ˙ ㄔㄨㄟ ㄒㄩㄝˇ	動漫	一拳超人
地球	21	ㄉㄧˋ ㄑㄧㄡˊ	動漫	地。－關於地球的運動－
地縛	22	ㄉㄧˋ ㄈㄨˊ	動漫	地縛少年花子君
坂上智代	15	ㄅㄢˇ ㄕㄤˋ ㄓˋ ㄉㄞˋ	動漫	CLANNAD
坂井悠二	18	ㄅㄢˇ ㄐㄧㄥˇ ㄧㄡ ㄦˋ	動漫	灼眼的夏娜
坂木靜香	14	ㄅㄢˇ ㄇㄨˋ ㄐㄧㄥˋ ㄒㄧㄤ	動漫	白箱
坂本太郎	21	ㄅㄢˇ ㄅㄣˇ ㄊㄞˋ ㄌㄤˊ	動漫	坂本日常
坂本日常	23	ㄅㄢˇ ㄅㄣˇ ㄖˋ ㄔㄤˊ	動漫	坂本日常
坂本雄二	13	ㄅㄢˇ ㄅㄣˇ ㄒㄩㄥˊ ㄦˋ	動漫	笨蛋，測驗，召喚獸
坂田銀時	24	ㄅㄢˇ ㄊㄧㄢˊ ㄧㄣˊ ㄕˊ	動漫	銀魂
坦派斯特	23	ㄊㄢˇ ㄆㄞˋ ㄙ ㄊㄜˋ	動漫	關於我轉生變成史萊姆這檔事
埃爾	22	ㄞ ㄦˇ	動漫	零之使魔
埃爾梅羅	21	ㄞ ㄦˇ ㄇㄟˊ ㄌㄨㄛˊ	動漫	君主·埃爾梅羅二世事件簿
城之內克也	15	ㄔㄥˊ ㄓ ㄋㄟˋ ㄎㄜˋ ㄧㄝˇ	動漫	遊戲王
城太郎	12	ㄔㄥˊ ㄊㄞˋ ㄌㄤˊ	動漫	強風吹拂
城惠	18	ㄔㄥˊ ㄏㄨㄟˋ	動漫	記錄的地平線
城戶丈	11	ㄔㄥˊ ㄏㄨˋ ㄓㄤˋ	動漫	數碼寶貝大冒險
城次郎	11	ㄔㄥˊ ㄘˋ ㄌㄤˊ	動漫	強風吹拂
埴之塚光邦	11	ㄓˊ ㄓ ㄓㄨㄥˇ ㄍㄨㄤ ㄅㄤ	動漫	櫻蘭高校男公關部
基利艾拉特	20	ㄐㄧ ㄌㄧˋ ㄞˋ ㄌㄚ ㄊㄜˋ	動漫	Fate/Grand Order
基爾伯特	20	ㄐㄧ ㄦˇ ㄅㄛˊ ㄊㄜˋ	動漫	紫羅蘭永恆花園
基爾巴奈特	14	ㄐㄧ ㄦˇ ㄅㄚ ㄋㄞˋ ㄊㄜˋ	動漫	潘朵拉之心
埼玉	10	ㄑㄧˊ ㄩˋ	動漫	一拳超人
堀京子	20	ㄐㄩㄝˊ ㄐㄧㄥ ㄗ˙	動漫	堀與宮村
堀政行	11	ㄐㄩㄝˊ ㄓㄥˋ ㄒㄧㄥˊ	動漫	月刊少女野崎同學
堀與宮村	22	ㄐㄩㄝˊ ㄩˇ ㄍㄨㄥ ㄘㄨㄣ	動漫	堀與宮村
堀越二郎	18	ㄐㄩㄝˊ ㄩㄝˋ ㄦˋ ㄌㄤˊ	動漫	風起
場地圭介	15	ㄔㄤˇ ㄉㄧˋ ㄍㄨㄟ ㄐㄧㄝˋ	動漫	東京復仇者
塔兒朵	11	ㄊㄚˇ ㄦˊ ㄉㄨㄛˇ	動漫	世界頂尖的暗殺者轉生為異世界貴族
塔帕莎	12	ㄊㄚˇ ㄆㄚˋ ㄕㄚ	動漫	零之使魔
塔矢亮	15	ㄊㄚˇ ㄕˇ ㄌㄧㄤˋ	動漫	棋靈王
塔矢行洋	13	ㄊㄚˇ ㄕˇ ㄒㄧㄥˊ ㄧㄤˊ	動漫	棋靈王
塔羅沙	16	ㄊㄚˇ ㄌㄨㄛˊ ㄕㄚ	動漫	魔法少女奈葉
塔茲米	15	ㄊㄚˇ ㄗ ㄇㄧˇ	動漫	斬！赤紅之瞳
塔荷	11	ㄊㄚˇ ㄏㄜˊ	動漫	交響詩篇
塚本天滿	18	ㄓㄨㄥˇ ㄅㄣˇ ㄊㄧㄢ ㄇㄢˇ	動漫	校園迷糊大王
塞爾堤	10	ㄙㄜˋ ㄦˇ ㄊㄧˊ	動漫	無頭騎士異聞錄DuRaRaRa!!
境界之輪迴	19	ㄐㄧㄥˋ ㄐㄧㄝˋ ㄓ ㄌㄨㄣˊ ㄏㄨㄟˊ	動漫	境界之輪迴
士遠	13	ㄕˋ ㄩㄢˇ	動漫	地獄樂
壬氏	19	ㄖㄣˊ ㄕˋ	動漫	藥師少女的獨語
壬生浪士組	10	ㄖㄣˊ ㄕㄥ ㄌㄤˋ ㄕˋ ㄗㄨˇ	動漫	青之壬生浪
夏娜	24	ㄒㄧㄚˋ ㄋㄚˋ	動漫	灼眼的夏娜
夏子	15	ㄒㄧㄚˋ ㄗ˙	動漫	蒼鷺與少年
夏提雅	17	ㄒㄧㄚˋ ㄊㄧˊ ㄧㄚˇ	動漫	OVERLORD
夏日大作戰	22	ㄒㄧㄚˋ ㄖˋ ㄉㄚˋ ㄗㄨㄛˋ ㄓㄢˋ	動漫	夏日大作戰
夏日重現	24	ㄒㄧㄚˋ ㄖˋ ㄔㄨㄥˊ ㄒㄧㄢˋ	動漫	夏日重現
夏油傑	13	ㄒㄧㄚˋ ㄧㄡˊ ㄐㄧㄝˊ	動漫	咒術迴戰
夏洛克	14	ㄒㄧㄚˋ ㄌㄨㄛˋ ㄎㄜˋ	動漫	不死少女的謀殺鬧劇
夏洛特貝琉	13	ㄒㄧㄚˋ ㄌㄨㄛˋ ㄊㄜˋ ㄅㄟˋ ㄌㄧㄡˊ	動漫	機巧少女不會受傷
夏目友人帳	25	ㄒㄧㄚˋ ㄇㄨˋ ㄧㄡˇ ㄖㄣˊ ㄓㄤˋ	動漫	夏目友人帳
夏目朝子	14	ㄒㄧㄚˋ ㄇㄨˋ ㄔㄠˊ ㄗ˙	動漫	鄰座的怪同學
夏目貴志	23	ㄒㄧㄚˋ ㄇㄨˋ ㄍㄨㄟˋ ㄓˋ	動漫	夏目友人帳
夏美	8	ㄒㄧㄚˋ ㄇㄟˇ	動漫	天氣之子
夏莉歐	11	ㄒㄧㄚˋ ㄌㄧˋ ㄡ	動漫	小魔女學園
夏蘿蘭茲	11	ㄒㄧㄚˋ ㄌㄨㄛˊ ㄌㄢˊ ㄗ	動漫	潘朵拉之心
夕霧	12	ㄒㄧˋ ㄨˋ	動漫	佐賀偶像是傳奇
多姆海伍	22	ㄉㄨㄛ ㄇㄨˇ ㄏㄞˇ ㄨˇ	動漫	黑執事
多尼多尼	13	ㄉㄨㄛ ㄋㄧˊ ㄉㄨㄛ ㄋㄧˊ	動漫	航海王
多拉格尼爾	22	ㄉㄨㄛ ㄌㄚ ㄍㄜˊ ㄋㄧˊ ㄦˇ	動漫	FAIRY TAIL魔導少年
多明尼克	8	ㄉㄨㄛ ㄇㄧㄥˊ ㄋㄧˊ ㄎㄜˋ	動漫	交響詩篇
多田萬里	18	ㄉㄨㄛ ㄊㄧㄢˊ ㄨㄢˋ ㄌㄧˇ	動漫	青春紀行
多莉	13	ㄉㄨㄛ ㄌㄧˋ	動漫	小書痴的下剋上
多軌透	14	ㄉㄨㄛ ㄍㄨㄟˇ ㄊㄡˋ	動漫	夏目友人帳
夜刀神十香	19	ㄧㄝˋ ㄉㄠ ㄕㄣˊ ㄕˊ ㄒㄧㄤ	動漫	約會大作戰
夜刀神狗朗	15	ㄧㄝˋ ㄉㄠ ㄕㄣˊ ㄍㄡˇ ㄌㄤˇ	動漫	K
夜叉姬	20	ㄧㄝˋ ㄔㄚ ㄐㄧ	動漫	半妖的夜叉姬
夜叉神天衣	11	ㄧㄝˋ ㄔㄚ ㄕㄣˊ ㄊㄧㄢ ㄧ	動漫	龍王的工作！
夜城	14	ㄧㄝˋ ㄔㄥˊ	動漫	Cyberpunk: Edgerunners
夜夜	26	ㄧㄝˋ ㄧㄝˋ	動漫	機巧少女不會受傷
夜櫻	24	ㄧㄝˋ ㄧㄥ	動漫	夜櫻家大作戰
夜櫻二刃	12	ㄧㄝˋ ㄧㄥ ㄦˋ ㄖㄣˋ	動漫	夜櫻家大作戰
夜櫻六美	15	ㄧㄝˋ ㄧㄥ ㄌㄧㄡˋ ㄇㄟˇ	動漫	夜櫻家大作戰
夜櫻凶一郎	14	ㄧㄝˋ ㄧㄥ ㄒㄩㄥ ㄧ ㄌㄤˊ	動漫	夜櫻家大作戰
夜櫻家	12	ㄧㄝˋ ㄧㄥ ㄐㄧㄚ	動漫	夜櫻家大作戰
夜櫻辛三	11	ㄧㄝˋ ㄧㄥ ㄒㄧㄣ ㄙㄢ	動漫	夜櫻家大作戰
夜神月	24	ㄧㄝˋ ㄕㄣˊ ㄩㄝˋ	動漫	死亡筆記本
夜襲	11	ㄧㄝˋ ㄒㄧˊ	動漫	斬！赤紅之瞳
夜見介大	14	ㄧㄝˋ ㄐㄧㄢˋ ㄐㄧㄝˋ ㄉㄚˋ	動漫	黑色五葉草
夢幻島	24	ㄇㄥˋ ㄏㄨㄢˋ ㄉㄠˇ	動漫	約定的夢幻島
夢想	425	ㄇㄥˋ ㄒㄧㄤˇ	動漫	棒球大聯盟
大人	23	ㄉㄚˋ ㄖㄣˊ	動漫	會長是女僕大人
大冒險	24	ㄉㄚˋ ㄇㄠˋ ㄒㄧㄢˇ	動漫	數碼寶貝大冒險
大原大次郎	16	ㄉㄚˋ ㄩㄢˊ ㄉㄚˋ ㄘˋ ㄌㄤˊ	動漫	烏龍派出所
大和凜子	15	ㄉㄚˋ ㄏㄜˊ ㄌㄧㄣˇ ㄗ˙	動漫	俺物語!!
大垣千明	17	ㄉㄚˋ ㄩㄢˊ ㄑㄧㄢ ㄇㄧㄥˊ	動漫	搖曳露營
大城光	13	ㄉㄚˋ ㄔㄥˊ ㄍㄨㄤ	動漫	阿波連同學深不可測
大場奈奈	9	ㄉㄚˋ ㄔㄤˇ ㄋㄞˋ ㄋㄞˋ	動漫	少女歌劇Revue Starlight
大學生活	12	ㄉㄚˋ ㄒㄩㄝˊ ㄕㄥ ㄏㄨㄛˊ	動漫	青春紀行
大宮忍	17	ㄉㄚˋ ㄍㄨㄥ ㄖㄣˇ	動漫	黃金拼圖
大崎娜娜	21	ㄉㄚˋ ㄑㄧˊ ㄋㄚˋ ㄋㄚˋ	動漫	NANA
大木大樹	19	ㄉㄚˋ ㄇㄨˋ ㄉㄚˋ ㄕㄨˋ	動漫	Dr.STONE新石紀
大江奏	12	ㄉㄚˋ ㄐㄧㄤ ㄗㄡˋ	動漫	花牌情緣
大王	21	ㄉㄚˋ ㄨㄤˊ	動漫	校園迷糊大王
大臣	69	ㄉㄚˋ ㄔㄣˊ	動漫	鈴芽之旅
大衛	22	ㄉㄚˋ ㄨㄟˋ	動漫	Cyberpunk: Edgerunners
大賢者	15	ㄉㄚˋ ㄒㄧㄢˊ ㄓㄜˇ	動漫	關於我轉生變成史萊姆這檔事
大路餅藏	15	ㄉㄚˋ ㄌㄨˋ ㄅㄧㄥˇ ㄗㄤˋ	動漫	玉子市場
大道寺知世	19	ㄉㄚˋ ㄉㄠˋ ㄙˋ ㄓ ㄕˋ	動漫	庫洛魔法使
大門兄弟	12	ㄉㄚˋ ㄇㄣˊ ㄒㄩㄥ ㄉㄧˋ	動漫	奇巧計程車
大雄	24	ㄉㄚˋ ㄒㄩㄥˊ	動漫	哆啦A夢
天下大將軍	13	ㄊㄧㄢ ㄒㄧㄚˋ ㄉㄚˋ ㄐㄧㄤ ㄐㄩㄣ	動漫	王者天下
天使	19	ㄊㄧㄢ ㄕˇ	動漫	天使降臨到我身邊
天元	23	ㄊㄧㄢ ㄩㄢˊ	動漫	天元突破紅蓮螺巖
天國	80	ㄊㄧㄢ ㄍㄨㄛˊ	動漫	天國大魔境
天國大魔境	22	ㄊㄧㄢ ㄍㄨㄛˊ ㄉㄚˋ ㄇㄛˊ ㄐㄧㄥˋ	動漫	天國大魔境
天堂之吻	19	ㄊㄧㄢ ㄊㄤˊ ㄓ ㄨㄣˇ	動漫	天堂之吻
天堂真矢	14	ㄊㄧㄢ ㄊㄤˊ ㄓㄣ ㄕˇ	動漫	少女歌劇Revue Starlight
天天座理世	14	ㄊㄧㄢ ㄊㄧㄢ ㄗㄨㄛˋ ㄌㄧˇ ㄕˋ	動漫	請問您今天要來點兔子嗎？
天才千金	19	ㄊㄧㄢ ㄘㄞˊ ㄑㄧㄢ ㄐㄧㄣ	動漫	轉生王女與天才千金的魔法革命
天木鍊	13	ㄊㄧㄢ ㄇㄨˋ ㄌㄧㄢˋ	動漫	盾之勇者成名錄
天氣	1025	ㄊㄧㄢ ㄑㄧˋ	動漫	天氣之子
天氣之子	25	ㄊㄧㄢ ㄑㄧˋ ㄓ ㄗˇ	動漫	天氣之子
天海春香	20	ㄊㄧㄢ ㄏㄞˇ ㄔㄨㄣ ㄒㄧㄤ	動漫	偶像大師
天空	516	ㄊㄧㄢ ㄎㄨㄥ	動漫	AIR
天空之城	8	ㄊㄧㄢ ㄎㄨㄥ ㄓ ㄔㄥˊ	動漫	天空之城
天草篠	15	ㄊㄧㄢ ㄘㄠˇ ㄒㄧㄠˇ	動漫	妄想學生會
天道茜	20	ㄊㄧㄢ ㄉㄠˋ ㄑㄧㄢˋ	動漫	亂馬1/2
天道輝	20	ㄊㄧㄢ ㄉㄠˋ ㄏㄨㄟ	動漫	殭屍100～在成為殭屍前要做的100件事～
天道靡	12	ㄊㄧㄢ ㄉㄠˋ ㄇㄧˇ	動漫	亂馬1/2
天野凪	17	ㄊㄧㄢ ㄧㄝˇ ㄓˇ	動漫	天氣之子
天野陽菜	20	ㄊㄧㄢ ㄧㄝˇ ㄧㄤˊ ㄘㄞˋ	動漫	天氣之子
天野雪輝	20	ㄊㄧㄢ ㄧㄝˇ ㄒㄩㄝˇ ㄏㄨㄟ	動漫	未來日記
天馬賢三	22	ㄊㄧㄢ ㄇㄚˇ ㄒㄧㄢˊ ㄙㄢ	動漫	MONSTER
太刀川美美	13	ㄊㄞˋ ㄉㄠ ㄔㄨㄢ ㄇㄟˇ ㄇㄟˇ	動漫	數碼寶貝大冒險
太宰治	19	ㄊㄞˋ ㄗㄞˇ ㄓˋ	動漫	文豪Stray Dogs
太陽之手	10	ㄊㄞˋ ㄧㄤˊ ㄓ ㄕㄡˇ	動漫	烘焙王
失憶投捕	20	ㄕ ㄧˋ ㄊㄡˊ ㄅㄨˇ	動漫	失憶投捕
失馬	9	ㄕ ㄇㄚˇ	動漫	SSSS.DYNAZENON
奇佐爾緹	14	ㄑㄧˊ ㄗㄨㄛˇ ㄦˇ ㄊㄧˊ	動漫	君主·埃爾梅羅二世事件簿
奇古	12	ㄑㄧˊ ㄍㄨˇ	動漫	晨曦公主
奇巧計程車	23	ㄑㄧˊ ㄑㄧㄠˇ ㄐㄧˋ ㄔㄥˊ ㄔㄜ	動漫	奇巧計程車
奇犽	21	ㄑㄧˊ ㄧㄚˊ	動漫	獵人
奈奈華	13	ㄋㄞˋ ㄋㄞˋ ㄏㄨㄚˊ	動漫	碧藍之海
奈落	11	ㄋㄞˋ ㄌㄨㄛˋ	動漫	犬夜叉
奈葉	22	ㄋㄞˋ ㄧㄝˋ	動漫	魔法少女奈葉
奧伊卡茲	15	ㄠˋ ㄧ ㄎㄚˇ ㄗ	動漫	香格里拉・開拓異境
奧克茲	14	ㄠˋ ㄎㄜˋ ㄗ	動漫	地。－關於地球的運動－
奧寺美紀	17	ㄠˋ ㄙˋ ㄇㄟˇ ㄐㄧˋ	動漫	你的名字
奧山真澄	12	ㄠˋ ㄕㄢ ㄓㄣ ㄔㄥˊ	動漫	交響情人夢
奧村燐	18	ㄠˋ ㄘㄨㄣ ㄌㄧㄣˊ	動漫	青之驅魔師
奧村英二	18	ㄠˋ ㄘㄨㄣ ㄧㄥ ㄦˋ	動漫	BANANA FISH
奧村雪男	15	ㄠˋ ㄘㄨㄣ ㄒㄩㄝˇ ㄋㄢˊ	動漫	青之驅魔師
奧森	12	ㄠˋ ㄙㄣ	動漫	來自深淵
奧茲貝	18	ㄠˋ ㄗ ㄅㄟˋ	動漫	潘朵拉之心
奧黛莉伯恩	15	ㄠˋ ㄉㄞˋ ㄌㄧˋ ㄅㄛˊ ㄣ	動漫	機動戰士鋼彈UC
女亂馬	15	ㄋㄩˇ ㄌㄨㄢˋ ㄇㄚˇ	動漫	亂馬1/2
女僕	22	ㄋㄩˇ ㄆㄨˊ	動漫	會長是女僕大人
女僕拿鐵	12	ㄋㄩˇ ㄆㄨˊ ㄋㄚˊ ㄊㄧㄝˇ	動漫	會長是女僕大人
女孩	22	ㄋㄩˇ ㄏㄞˊ	動漫	偶像大師灰姑娘女孩
女武神	22	ㄋㄩˇ ㄨˇ ㄕㄣˊ	動漫	終末的女武神
女神咖啡廳	20	ㄋㄩˇ ㄕㄣˊ ㄎㄚ ㄈㄟ ㄊㄧㄥ	動漫	女神咖啡廳
女神官	16	ㄋㄩˇ ㄕㄣˊ ㄍㄨㄢ	動漫	哥布林殺手
女郎	22	ㄋㄩˇ ㄌㄤˊ	動漫	青春豬頭少年不會夢到兔女郎學姊
奴良滑瓢	11	ㄋㄨˊ ㄌㄧㄤˊ ㄏㄨㄚˊ ㄆㄧㄠˊ	動漫	妖怪少爺
奴良陸生	18	ㄋㄨˊ ㄌㄧㄤˊ ㄌㄨˋ ㄕㄥ	動漫	妖怪少爺
如月千早	17	ㄖㄨˊ ㄩㄝˋ ㄑㄧㄢ ㄗㄠˇ	動漫	偶像大師
妄想學生會	20	ㄨㄤˋ ㄒㄧㄤˇ ㄒㄩㄝˊ ㄕㄥ ㄏㄨㄟˋ	動漫	妄想學生會
妖怪少爺	20	ㄧㄠ ㄍㄨㄞˋ ㄕㄠˋ ㄧㄝˊ	動漫	妖怪少爺
妖精尾巴	14	ㄧㄠ ㄐㄧㄥ ㄨㄟˇ ㄅㄚ	動漫	FAIRY TAIL魔導少年
妖精弓手	14	ㄧㄠ ㄐㄧㄥ ㄍㄨㄥ ㄕㄡˇ	動漫	哥布林殺手
妖魔	20	ㄧㄠ ㄇㄛˊ	動漫	百鬼夜行抄
妮亞	14	ㄋㄧˊ ㄧㄚˇ	動漫	天元突破紅蓮螺巖
妮可羅賓	12	ㄋㄧˊ ㄎㄜˇ ㄌㄨㄛˊ ㄅㄧㄣ	動漫	航海王
妮娜弗多拿	17	ㄋㄧˊ ㄋㄚˋ ㄈㄨˊ ㄉㄨㄛ ㄋㄚˊ	動漫	MONSTER
妮絲	19	ㄋㄧˊ ㄙ	動漫	七大罪
妹妹	22	ㄇㄟˋ ㄇㄟˋ	動漫	我的妹妹哪有這麼可愛
妹尾愛子	15	ㄇㄟˋ ㄨㄟˇ ㄞˋ ㄗˇ	動漫	小魔女DoReMi
妹控	13	ㄇㄟˋ ㄎㄨㄥˋ	動漫	我的妹妹哪有這麼可愛
姆魯姆魯	12	ㄇㄨˇ ㄌㄨˇ ㄇㄨˇ ㄌㄨˇ	動漫	未來日記
姬坂乃愛	11	ㄐㄧ ㄅㄢˇ ㄋㄞˇ ㄞˋ	動漫	天使降臨到我身邊
姬路瑞希	17	ㄐㄧ ㄌㄨˋ ㄖㄨㄟˋ ㄒㄧ	動漫	笨蛋，測驗，召喚獸
威廉	20	ㄨㄟ ㄌㄧㄢˊ	動漫	憂國的莫里亞蒂
娃娃	24	ㄨㄚˊ ㄨㄚˊ	動漫	戀上換裝娃娃
娜娜奇	15	ㄋㄚˋ ㄋㄚˋ ㄑㄧˊ	動漫	來自深淵
娜娜莉	14	ㄋㄚˋ ㄋㄚˋ ㄌㄧˋ	動漫	Code Geass反叛的魯路修
娜潔希坦	9	ㄋㄚˋ ㄐㄧㄝˊ ㄒㄧ ㄊㄢˇ	動漫	斬！赤紅之瞳
娜美	19	ㄋㄚˋ ㄇㄟˇ	動漫	航海王
娜貝拉爾	11	ㄋㄚˋ ㄅㄟˋ ㄌㄚ ㄦˇ	動漫	OVERLORD
嬴政	18	ㄧㄥˊ ㄓㄥˋ	動漫	王者天下
存在X	12	ㄘㄨㄣˊ ㄗㄞˋ X	動漫	幼女戰記
存在感	11	ㄘㄨㄣˊ ㄗㄞˋ ㄍㄢˇ	動漫	久保同學不放過我
季夏	15	ㄐㄧˋ ㄒㄧㄚˋ	動漫	晨曦公主
孤爪研磨	10	ㄍㄨ ㄓㄠˇ ㄧㄢˊ ㄇㄛˊ	動漫	排球少年
孤獨搖滾	25	ㄍㄨ ㄉㄨˊ ㄧㄠˊ ㄍㄨㄣˇ	動漫	孤獨搖滾
孫悟空	50	ㄙㄨㄣ ㄨˋ ㄎㄨㄥ	動漫	七龍珠
孫悟飯	19	ㄙㄨㄣ ㄨˋ ㄈㄢˋ	動漫	七龍珠
學園奶爸	19	ㄒㄩㄝˊ ㄩㄢˊ ㄋㄞˇ ㄅㄚˋ	動漫	學園奶爸
學園孤島	20	ㄒㄩㄝˊ ㄩㄢˊ ㄍㄨ ㄉㄠˇ	動漫	學園孤島
學園生活部	12	ㄒㄩㄝˊ ㄩㄢˊ ㄕㄥ ㄏㄨㄛˊ ㄅㄨˋ	動漫	學園孤島
學妹	20	ㄒㄩㄝˊ ㄇㄟˋ	動漫	宇崎學妹想要玩！
學姊	22	ㄒㄩㄝˊ ㄐㄧㄝˇ	動漫	青春豬頭少年不會夢到兔女郎學姊
學生會	250	ㄒㄩㄝˊ ㄕㄥ ㄏㄨㄟˋ	動漫	學生會的一存
學長	309	ㄒㄩㄝˊ ㄓㄤˇ	動漫	不要欺負我，長瀞同學
宅男腐女	23	ㄓㄞˊ ㄋㄢˊ ㄈㄨˇ ㄋㄩˇ	動漫	宅男腐女戀愛真難
宇崎	22	ㄩˇ ㄑㄧˊ	動漫	宇崎學妹想要玩！
宇崎月	11	ㄩˇ ㄑㄧˊ ㄩㄝˋ	動漫	宇崎學妹想要玩！
宇崎花	18	ㄩˇ ㄑㄧˊ ㄏㄨㄚ	動漫	宇崎學妹想要玩！
宇智波佐助	22	ㄩˇ ㄓˋ ㄅㄛ ㄗㄨㄛˇ ㄓㄨˋ	動漫	火影忍者
宇智波鼬	13	ㄩˇ ㄓˋ ㄅㄛ ㄧㄡˋ	動漫	火影忍者
宇治松千夜	13	ㄩˇ ㄓˋ ㄙㄨㄥ ㄑㄧㄢ ㄧㄝˋ	動漫	請問您今天要來點兔子嗎？
守屋菖蒲	12	ㄕㄡˇ ㄨ ㄔㄤ ㄆㄨˊ	動漫	青之箱
安原繪麻	16	ㄢ ㄩㄢˊ ㄏㄨㄟˋ ㄇㄚˊ	動漫	白箱
安城鳴子	17	ㄢ ㄔㄥˊ ㄇㄧㄥˊ ㄗ˙	動漫	未聞花名
安堂麗治	11	ㄢ ㄊㄤˊ ㄌㄧˋ ㄓˋ	動漫	監獄學園
安妮	19	ㄢ ㄋㄧˊ	動漫	SPY×FAMILY間諜家家酒
安妮亞	16	ㄢ ㄋㄧˊ ㄧㄚˇ	動漫	SPY×FAMILY間諜家家酒
安妮亞佛傑	18	ㄢ ㄋㄧˊ ㄧㄚˇ ㄈㄛˊ ㄐㄧㄝˊ	動漫	SPY×FAMILY間諜家家酒
安室透	10	ㄢ ㄕˋ ㄊㄡˋ	動漫	名偵探柯南
安德羅	12	ㄢ ㄉㄜˊ ㄌㄨㄛˊ	動漫	神之塔
安德里希	16	ㄢ ㄉㄜˊ ㄌㄧˇ ㄒㄧ	動漫	嘆氣的亡靈想隱退
安曇小太郎	17	ㄢ ㄊㄢˊ ㄒㄧㄠˇ ㄊㄞˋ ㄌㄤˊ	動漫	月色真美
安潔莉	12	ㄢ ㄐㄧㄝˊ ㄌㄧˋ	動漫	魔法使的新娘
安琪艾瑪	13	ㄢ ㄑㄧˊ ㄞˋ ㄇㄚˇ	動漫	86－不存在的戰區－
安茲	24	ㄢ ㄗ	動漫	異世界四重奏
安茲大人	14	ㄢ ㄗ ㄉㄚˋ ㄖㄣˊ	動漫	OVERLORD
安茲烏爾恭	22	ㄢ ㄗ ㄨ ㄦˇ ㄍㄨㄥ	動漫	OVERLORD
安西教練	13	ㄢ ㄒㄧ ㄐㄧㄠˋ ㄌㄧㄢˋ	動漫	灌籃高手
安迪	13	ㄢ ㄉㄧˊ	動漫	不死不運
宗介	19	ㄗㄨㄥ ㄐㄧㄝˋ	動漫	崖上的波妞
宗像禮司	10	ㄗㄨㄥ ㄒㄧㄤˋ ㄌㄧˇ ㄙ	動漫	K
宗像草太	20	ㄗㄨㄥ ㄒㄧㄤˋ ㄘㄠˇ ㄊㄞˋ	動漫	鈴芽之旅
宜野座伸元	15	ㄧˊ ㄧㄝˇ ㄗㄨㄛˋ ㄕㄣ ㄩㄢˊ	動漫	PSYCHO-PASS心靈判官
室井靜信	14	ㄕˋ ㄐㄧㄥˇ ㄐㄧㄥˋ ㄒㄧㄣˋ	動漫	屍鬼
宮內一穗	11	ㄍㄨㄥ ㄋㄟˋ ㄧ ㄙㄨㄟˋ	動漫	悠悠哉哉少女日和
宮內蓮華	19	ㄍㄨㄥ ㄋㄟˋ ㄌㄧㄢˊ ㄏㄨㄚˊ	動漫	悠悠哉哉少女日和
宮園薰	19	ㄍㄨㄥ ㄩㄢˊ ㄒㄩㄣ	動漫	四月是你的謊言
宮城良田	17	ㄍㄨㄥ ㄔㄥˊ ㄌㄧㄤˊ ㄊㄧㄢˊ	動漫	灌籃高手
宮姐	11	ㄍㄨㄥ ㄐㄧㄝˇ	動漫	天使降臨到我身邊
宮尾音夢	11	ㄍㄨㄥ ㄨㄟˇ ㄧㄣ ㄇㄥˋ	動漫	WITCH WATCH魔女守護者
宮村伊澄	17	ㄍㄨㄥ ㄘㄨㄣ ㄧ ㄔㄥˊ	動漫	堀與宮村
宮森葵	19	ㄍㄨㄥ ㄙㄣ ㄎㄨㄟˊ	動漫	白箱
宮水三葉	22	ㄍㄨㄥ ㄕㄨㄟˇ ㄙㄢ ㄧㄝˋ	動漫	你的名字
宮水四葉	19	ㄍㄨㄥ ㄕㄨㄟˇ ㄙˋ ㄧㄝˋ	動漫	你的名字
宮澤謙吾	11	ㄍㄨㄥ ㄗㄜˊ ㄑㄧㄢ ㄨˊ	動漫	Little Busters!
宮田一郎	14	ㄍㄨㄥ ㄊㄧㄢˊ ㄧ ㄌㄤˊ	動漫	第一神拳
家庭教師	22	ㄐㄧㄚ ㄊㄧㄥˊ ㄐㄧㄠˋ ㄕ	動漫	家庭教師HITMAN REBORN!
家族	482	ㄐㄧㄚ ㄗㄨˊ	動漫	CLANNAD
宿海仁太	22	ㄙㄨˋ ㄏㄞˇ ㄖㄣˊ ㄊㄞˋ	動漫	未聞花名
寄生獸	23	ㄐㄧˋ ㄕㄥ ㄕㄡˋ	動漫	寄生獸
富岡義勇	15	ㄈㄨˋ ㄍㄤ ㄧˋ ㄩㄥˇ	動漫	鬼滅之刃
富樫勇太	20	ㄈㄨˋ ㄐㄧㄢ ㄩㄥˇ ㄊㄞˋ	動漫	中二病也想談戀愛
寒蟬鳴泣	22	ㄏㄢˊ ㄔㄢˊ ㄇㄧㄥˊ ㄑㄧˋ	動漫	寒蟬鳴泣之時
實玖瑠	15	ㄕˊ ㄐㄧㄡˇ ㄌㄧㄡˊ	動漫	涼宮春日的憂鬱
實莉	11	ㄕˊ ㄌㄧˋ	動漫	記錄的地平線
寶可夢	18	ㄅㄠˇ ㄎㄜˇ ㄇㄥˋ	動漫	寶可夢
寶多六花	15	ㄅㄠˇ ㄉㄨㄛ ㄌㄧㄡˋ ㄏㄨㄚ	動漫	SSSS.GRIDMAN
寶月夜宵	15	ㄅㄠˇ ㄩㄝˋ ㄧㄝˋ ㄒㄧㄠ	動漫	黑暗集會
寶月詠子	14	ㄅㄠˇ ㄩㄝˋ ㄩㄥˇ ㄗ˙	動漫	黑暗集會
寺島伸夫	14	ㄙˋ ㄉㄠˇ ㄕㄣ ㄈㄨ	動漫	NANA
封印解除	14	ㄈㄥ ㄧㄣˋ ㄐㄧㄝˇ ㄔㄨˊ	動漫	庫洛魔法使
將棋	13	ㄐㄧㄤ ㄑㄧˊ	動漫	3月的獅子
尋求	23	ㄒㄩㄣˊ ㄑㄧㄡˊ	動漫	在地下城尋求邂逅是否搞錯了什麼
小丸	17	ㄒㄧㄠˇ ㄨㄢˊ	動漫	天國大魔境
小傑	24	ㄒㄧㄠˇ ㄐㄧㄝˊ	動漫	獵人
小剛	17	ㄒㄧㄠˇ ㄍㄤ	動漫	寶可夢
小原鞠莉	8	ㄒㄧㄠˇ ㄩㄢˊ ㄐㄩˊ ㄌㄧˋ	動漫	Love Live! Sunshine!!
小圓	26	ㄒㄧㄠˇ ㄩㄢˊ	動漫	魔法少女小圓
小夏	14	ㄒㄧㄠˇ ㄒㄧㄚˋ	動漫	昭和元祿落語心中
小夫	15	ㄒㄧㄠˇ ㄈㄨ	動漫	哆啦A夢
小川杠	17	ㄒㄧㄠˇ ㄔㄨㄢ ㄍㄤ	動漫	Dr.STONE新石紀
小戶川	21	ㄒㄧㄠˇ ㄏㄨˋ ㄔㄨㄢ	動漫	奇巧計程車
小智	25	ㄒㄧㄠˇ ㄓˋ	動漫	寶可夢
小書痴	21	ㄒㄧㄠˇ ㄕㄨ ㄔ	動漫	小書痴的下剋上
小杉權藏	12	ㄒㄧㄠˇ ㄕㄢ ㄑㄩㄢˊ ㄗㄤˋ	動漫	殭屍100～在成為殭屍前要做的100件事～
小松奈奈	18	ㄒㄧㄠˇ ㄙㄨㄥ ㄋㄞˋ ㄋㄞˋ	動漫	NANA
小林千尋	15	ㄒㄧㄠˇ ㄌㄧㄣˊ ㄑㄧㄢ ㄒㄩㄣˊ	動漫	我內心的糟糕念頭
小林龍膽	12	ㄒㄧㄠˇ ㄌㄧㄣˊ ㄌㄨㄥˊ ㄉㄢˇ	動漫	食戟之靈
小柳花子	15	ㄒㄧㄠˇ ㄌㄧㄡˇ ㄏㄨㄚ ㄗˇ	動漫	宅男腐女戀愛真難
小桑	20	ㄒㄧㄠˇ ㄙㄤ	動漫	魔法公主
小次郎	13	ㄒㄧㄠˇ ㄘˋ ㄌㄤˊ	動漫	寶可夢
小泉花陽	9	ㄒㄧㄠˇ ㄑㄩㄢˊ ㄏㄨㄚ ㄧㄤˊ	動漫	Love Live!
小泉讓二	15	ㄒㄧㄠˇ ㄑㄩㄢˊ ㄖㄤˋ ㄦˋ	動漫	天堂之吻
小淵澤報瀨	17	ㄒㄧㄠˇ ㄩㄢ ㄗㄜˊ ㄅㄠˋ ㄌㄞˋ	動漫	比宇宙更遠的地方
小湊亞耶	11	ㄒㄧㄠˇ ㄘㄡˋ ㄧㄚˇ ㄧㄝ	動漫	青春之旅
小湊春市	13	ㄒㄧㄠˇ ㄘㄡˋ ㄔㄨㄣ ㄕˋ	動漫	鑽石王牌
小玲	13	ㄒㄧㄠˇ ㄌㄧㄥˊ	動漫	神隱少女
小珊	15	ㄒㄧㄠˇ ㄕㄢ	動漫	荒川爆笑團
小磯健二	20	ㄒㄧㄠˇ ㄐㄧ ㄐㄧㄢˋ ㄦˋ	動漫	夏日大作戰
小舟潮	19	ㄒㄧㄠˇ ㄓㄡ ㄔㄠˊ	動漫	夏日重現
小舟澪	17	ㄒㄧㄠˇ ㄓㄡ ㄌㄧㄥˊ	動漫	夏日重現
小花	38	ㄒㄧㄠˇ ㄏㄨㄚ	動漫	小魔女DoReMi
小蘭	11	ㄒㄧㄠˇ ㄌㄢˊ	動漫	藥師少女的獨語
小豪	15	ㄒㄧㄠˇ ㄏㄠˊ	動漫	寶可夢
小路綾	13	ㄒㄧㄠˇ ㄌㄨˋ ㄌㄧㄥˊ	動漫	黃金拼圖
小酒窩	13	ㄒㄧㄠˇ ㄐㄧㄡˇ ㄨㄛ	動漫	路人超能100
小野田坂道	18	ㄒㄧㄠˇ ㄧㄝˇ ㄊㄧㄢˊ ㄅㄢˇ ㄉㄠˋ	動漫	飆速宅男
小野白菊	11	ㄒㄧㄠˇ ㄧㄝˇ ㄅㄞˊ ㄐㄩˊ	動漫	女神咖啡廳
小閻王	11	ㄒㄧㄠˇ ㄧㄢˊ ㄨㄤˊ	動漫	幽遊白書
小霞	19	ㄒㄧㄠˇ ㄒㄧㄚˊ	動漫	寶可夢
小鞠知花	13	ㄒㄧㄠˇ ㄐㄩˊ ㄓ ㄏㄨㄚ	動漫	敗北女角太多了
小魔女	23	ㄒㄧㄠˇ ㄇㄛˊ ㄋㄩˇ	動漫	小魔女DoReMi
小魔女學園	21	ㄒㄧㄠˇ ㄇㄛˊ ㄋㄩˇ ㄒㄩㄝˊ ㄩㄢˊ	動漫	小魔女學園
小鳥遊六花	17	ㄒㄧㄠˇ ㄋㄧㄠˇ ㄧㄡˊ ㄌㄧㄡˋ ㄏㄨㄚ	動漫	中二病也想談戀愛
少女	30	ㄕㄠˋ ㄋㄩˇ	動漫	少女終末旅行
少女歌劇	20	ㄕㄠˋ ㄋㄩˇ ㄍㄜ ㄐㄩˋ	動漫	少女歌劇Revue Starlight
少女漫畫家	13	ㄕㄠˋ ㄋㄩˇ ㄇㄢˋ ㄏㄨㄚˋ ㄐㄧㄚ	動漫	月刊少女野崎同學
少年	26	ㄕㄠˋ ㄋㄧㄢˊ	動漫	青春豬頭少年不會夢到兔女郎學姊
少年之	24	ㄕㄠˋ ㄋㄧㄢˊ ㄓ	動漫	金田一少年之事件簿
尚文	10	ㄕㄤˋ ㄨㄣˊ	動漫	異世界四重奏
尤吉歐	14	ㄧㄡˊ ㄐㄧˊ ㄡ	動漫	刀劍神域
尤拉	15	ㄧㄡˊ ㄌㄚ	動漫	機動戰士鋼彈SEED
尤比緹利亞	15	ㄧㄡˊ ㄅㄧˇ ㄊㄧˊ ㄌㄧˋ ㄧㄚˇ	動漫	Re:CREATORS
尤莉	15	ㄧㄡˊ ㄌㄧˋ	動漫	少女終末旅行
尤莉亞	18	ㄧㄡˊ ㄌㄧˋ ㄧㄚˇ	動漫	北斗神拳
尤菲莉亞	15	ㄧㄡˊ ㄈㄟ ㄌㄧˋ ㄧㄚˇ	動漫	轉生王女與天才千金的魔法革命
尤諾	18	ㄧㄡˊ ㄋㄨㄛˋ	動漫	黑色五葉草
尤里	24	ㄧㄡˊ ㄌㄧˇ	動漫	冰上的尤里
就是	17	ㄐㄧㄡˋ ㄕˋ	動漫	輝夜姬想讓人告白
尼亞	14	ㄋㄧˊ ㄧㄚˇ	動漫	死亡筆記本
尼基福羅夫	17	ㄋㄧˊ ㄐㄧ ㄈㄨˊ ㄌㄨㄛˊ ㄈㄨ	動漫	冰上的尤里
尼斯	15	ㄋㄧˊ ㄙ	動漫	神之塔
尼爾瓦修	10	ㄋㄧˊ ㄦˇ ㄨㄚˇ ㄒㄧㄡ	動漫	交響詩篇
尼特羅	11	ㄋㄧˊ ㄊㄜˋ ㄌㄨㄛˊ	動漫	獵人
尼祿瓦內提	15	ㄋㄧˊ ㄌㄨˋ ㄨㄚˇ ㄋㄟˋ ㄊㄧˊ	動漫	91Days
尾崎敏夫	15	ㄨㄟˇ ㄑㄧˊ ㄇㄧㄣˇ ㄈㄨ	動漫	屍鬼
尾形百之助	11	ㄨㄟˇ ㄒㄧㄥˊ ㄅㄞˇ ㄓ ㄓㄨˋ	動漫	黃金神威
屍神殿	15	ㄕ ㄕㄣˊ ㄉㄧㄢˋ	動漫	屍體如山的死亡遊戲
屍體如山	19	ㄕ ㄊㄧˇ ㄖㄨˊ ㄕㄢ	動漫	屍體如山的死亡遊戲
屍鬼	20	ㄕ ㄍㄨㄟˇ	動漫	屍鬼
屏風浦帆稀	11	ㄆㄧㄥˊ ㄈㄥ ㄆㄨˇ ㄈㄢˊ ㄒㄧ	動漫	桃源暗鬼
山下一夫	15	ㄕㄢ ㄒㄧㄚˋ ㄧ ㄈㄨ	動漫	拳願阿修羅
山中曆	12	ㄕㄢ ㄓㄨㄥ ㄌㄧˋ	動漫	SSSS.DYNAZENON
山井戀	14	ㄕㄢ ㄐㄧㄥˇ ㄌㄧㄢˋ	動漫	古見同學是溝通魯蛇
山口賢二	11	ㄕㄢ ㄎㄡˇ ㄒㄧㄢˊ ㄦˋ	動漫	鄰座的怪同學
山吹沙綾	13	ㄕㄢ ㄔㄨㄟ ㄕㄚ ㄌㄧㄥˊ	動漫	BanG Dream!
山本武	13	ㄕㄢ ㄅㄣˇ ㄨˇ	動漫	家庭教師HITMAN REBORN!
山田	20	ㄕㄢ ㄊㄧㄢˊ	動漫	地獄樂
山田亞由美	12	ㄕㄢ ㄊㄧㄢˊ ㄧㄚˇ ㄧㄡˊ ㄇㄟˇ	動漫	蜂蜜幸運草
山田太郎	11	ㄕㄢ ㄊㄧㄢˊ ㄊㄞˋ ㄌㄤˊ	動漫	失憶投捕
山田妖精	14	ㄕㄢ ㄊㄧㄢˊ ㄧㄠ ㄐㄧㄥ	動漫	情色漫畫老師
山田杏奈	17	ㄕㄢ ㄊㄧㄢˊ ㄒㄧㄥˋ ㄋㄞˋ	動漫	我內心的糟糕念頭
山田涼	17	ㄕㄢ ㄊㄧㄢˊ ㄌㄧㄤˊ	動漫	孤獨搖滾
山童	12	ㄕㄢ ㄊㄨㄥˊ	動漫	地獄少女
岡崎朋也	22	ㄍㄤ ㄑㄧˊ ㄆㄥˊ ㄧㄝˇ	動漫	CLANNAD
岩倉美津未	19	ㄧㄢˊ ㄘㄤ ㄇㄟˇ ㄐㄧㄣ ㄨㄟˋ	動漫	躍動青春
岩戶環	15	ㄧㄢˊ ㄏㄨˋ ㄏㄨㄢˊ	動漫	鈴芽之旅
岩戶鈴芽	23	ㄧㄢˊ ㄏㄨˋ ㄌㄧㄥˊ ㄧㄚˊ	動漫	鈴芽之旅
岩永琴子	19	ㄧㄢˊ ㄩㄥˇ ㄑㄧㄣˊ ㄗ˙	動漫	虛構推理
岩谷尚文	19	ㄧㄢˊ ㄍㄨˇ ㄕㄤˋ ㄨㄣˊ	動漫	盾之勇者成名錄
峰龍太郎	16	ㄈㄥ ㄌㄨㄥˊ ㄊㄞˋ ㄌㄤˊ	動漫	交響情人夢
島村卯月	18	ㄉㄠˇ ㄘㄨㄣ ㄇㄠˇ ㄩㄝˋ	動漫	偶像大師灰姑娘女孩
島田美波	15	ㄉㄠˇ ㄊㄧㄢˊ ㄇㄟˇ ㄅㄛ	動漫	笨蛋，測驗，召喚獸
崎宮美咲	13	ㄑㄧˊ ㄍㄨㄥ ㄇㄟˇ ㄒㄧㄠˋ	動漫	屍體如山的死亡遊戲
崖上的波妞	24	ㄧㄞˊ ㄕㄤˋ ㄉㄜ˙ ㄅㄛ ㄋㄧㄡ	動漫	崖上的波妞
嵐山悟郎	11	ㄌㄢˊ ㄕㄢ ㄨˋ ㄌㄤˊ	動漫	侵略！花枝娘
川嶋亞美	15	ㄔㄨㄢ ㄉㄠˇ ㄧㄚˇ ㄇㄟˇ	動漫	龍與虎
川本日向	15	ㄔㄨㄢ ㄅㄣˇ ㄖˋ ㄒㄧㄤˋ	動漫	3月的獅子
川本明里	17	ㄔㄨㄢ ㄅㄣˇ ㄇㄧㄥˊ ㄌㄧˇ	動漫	3月的獅子
川本桃	13	ㄔㄨㄢ ㄅㄣˇ ㄊㄠˊ	動漫	3月的獅子
川澄舞	10	ㄔㄨㄢ ㄔㄥˊ ㄨˇ	動漫	Kanon
工作	20	ㄍㄨㄥ ㄗㄨㄛˋ	動漫	龍王的工作！
工作細胞	24	ㄍㄨㄥ ㄗㄨㄛˋ ㄒㄧˋ ㄅㄠ	動漫	工作細胞
工藤新一	22	ㄍㄨㄥ ㄊㄥˊ ㄒㄧㄣ ㄧ	動漫	名偵探柯南
左王子蘭子	12	ㄗㄨㄛˇ ㄨㄤˊ ㄗˇ ㄌㄢˊ ㄗ˙	動漫	散華禮彌
巨噬細胞	10	ㄐㄩˋ ㄕˋ ㄒㄧˋ ㄅㄠ	動漫	工作細胞
巴布	9	ㄅㄚ ㄅㄨˋ	動漫	散華禮彌
巴德尼	13	ㄅㄚ ㄉㄜˊ ㄋㄧˊ	動漫	地。－關於地球的運動－
巴特	18	ㄅㄚ ㄊㄜˋ	動漫	攻殼機動隊
巴納吉	18	ㄅㄚ ㄋㄚˋ ㄐㄧˊ	動漫	機動戰士鋼彈UC
巴衛	17	ㄅㄚ ㄨㄟˋ	動漫	元氣少女緣結神
巴魯	23	ㄅㄚ ㄌㄨˇ	動漫	天空之城
巴麻美	18	ㄅㄚ ㄇㄚˊ ㄇㄟˇ	動漫	魔法少女小圓
巽幸太郎	9	ㄒㄩㄣˋ ㄒㄧㄥˋ ㄊㄞˋ ㄌㄤˊ	動漫	佐賀偶像是傳奇
市之宮行	18	ㄕˋ ㄓ ㄍㄨㄥ ㄒㄧㄥˊ	動漫	荒川爆笑團
市川京太郎	20	ㄕˋ ㄔㄨㄢ ㄐㄧㄥ ㄊㄞˋ ㄌㄤˊ	動漫	我內心的糟糕念頭
市川雷諾	16	ㄕˋ ㄔㄨㄢ ㄌㄟˊ ㄋㄨㄛˋ	動漫	怪獸8號
市谷有咲	12	ㄕˋ ㄍㄨˇ ㄧㄡˇ ㄒㄧㄠˋ	動漫	BanG Dream!
布倫希爾德	20	ㄅㄨˋ ㄌㄨㄣˊ ㄒㄧ ㄦˇ ㄉㄜˊ	動漫	終末的女武神
布拉德弗倫	17	ㄅㄨˋ ㄌㄚ ㄉㄜˊ ㄈㄨˊ ㄌㄨㄣˊ	動漫	OVERLORD
布朗	21	ㄅㄨˋ ㄌㄤˇ	動漫	零之使魔
布朗德	13	ㄅㄨˋ ㄌㄤˇ ㄉㄜˊ	動漫	PLUTO冥王
布洛瓦	16	ㄅㄨˋ ㄌㄨㄛˋ ㄨㄚˇ	動漫	GOSICK
布瑪	13	ㄅㄨˋ ㄇㄚˇ	動漫	七龍珠
布甘比利亞	20	ㄅㄨˋ ㄍㄢ ㄅㄧˇ ㄌㄧˋ ㄧㄚˇ	動漫	紫羅蘭永恆花園
布盧	14	ㄅㄨˋ ㄌㄨˊ	動漫	紫羅蘭永恆花園
布萊克貝爾	12	ㄅㄨˋ ㄌㄞˊ ㄎㄜˋ ㄅㄟˋ ㄦˇ	動漫	SPY×FAMILY間諜家家酒
布蘭卡	12	ㄅㄨˋ ㄌㄢˊ ㄎㄚˇ	動漫	BANANA FISH
布里德加賀	13	ㄅㄨˋ ㄌㄧˇ ㄉㄜˊ ㄐㄧㄚ ㄏㄜˋ	動漫	閃電霹靂車
布雷克	12	ㄅㄨˋ ㄌㄟˊ ㄎㄜˋ	動漫	潘朵拉之心
布魯克	9	ㄅㄨˋ ㄌㄨˇ ㄎㄜˋ	動漫	航海王
布魯諾	19	ㄅㄨˋ ㄌㄨˇ ㄋㄨㄛˋ	動漫	異世界藥局
希倫克	15	ㄒㄧ ㄌㄨㄣˊ ㄎㄜˋ	動漫	MONSTER
希洛唯	18	ㄒㄧ ㄌㄨㄛˋ ㄨㄟˊ	動漫	新機動戰記鋼彈W
希爾法	16	ㄒㄧ ㄦˇ ㄈㄚˇ	動漫	黑色五葉草
希達	20	ㄒㄧ ㄉㄚˊ	動漫	天空之城
希雅郝里亞	14	ㄒㄧ ㄧㄚˇ ㄏㄠˇ ㄌㄧˇ ㄧㄚˇ	動漫	平凡職業造就世界最強
希露菲葉特	17	ㄒㄧ ㄌㄨˋ ㄈㄟ ㄧㄝˋ ㄊㄜˋ	動漫	無職轉生
帕瓦	20	ㄆㄚˋ ㄨㄚˇ	動漫	鏈鋸人
常守朱	22	ㄔㄤˊ ㄕㄡˇ ㄓㄨ	動漫	PSYCHO-PASS心靈判官
常盤惠次	13	ㄔㄤˊ ㄆㄢˊ ㄏㄨㄟˋ ㄘˋ	動漫	銀之匙
常盤綠	14	ㄔㄤˊ ㄆㄢˊ ㄌㄩˋ	動漫	玉子市場
常陸院光	14	ㄔㄤˊ ㄌㄨˋ ㄩㄢˋ ㄍㄨㄤ	動漫	櫻蘭高校男公關部
常陸院馨	12	ㄔㄤˊ ㄌㄨˋ ㄩㄢˋ ㄒㄧㄣ	動漫	櫻蘭高校男公關部
幕之內一步	18	ㄇㄨˋ ㄓ ㄋㄟˋ ㄧ ㄅㄨˋ	動漫	第一神拳
幕澤櫻花	9	ㄇㄨˋ ㄗㄜˊ ㄧㄥ ㄏㄨㄚ	動漫	女神咖啡廳
平凡職業	21	ㄆㄧㄥˊ ㄈㄢˊ ㄓˊ ㄧㄝˋ	動漫	平凡職業造就世界最強
平和島靜雄	12	ㄆㄧㄥˊ ㄏㄜˊ ㄉㄠˇ ㄐㄧㄥˋ ㄒㄩㄥˊ	動漫	無頭騎士異聞錄DuRaRaRa!!
平澤唯	22	ㄆㄧㄥˊ ㄗㄜˊ ㄨㄟˊ	動漫	K-ON!輕音部
平賀才人	17	ㄆㄧㄥˊ ㄏㄜˋ ㄘㄞˊ ㄖㄣˊ	動漫	零之使魔
幸平創真	21	ㄒㄧㄥˋ ㄆㄧㄥˊ ㄔㄨㄤˋ ㄓㄣ	動漫	食戟之靈
幸村祥一郎	11	ㄒㄧㄥˋ ㄘㄨㄣ ㄒㄧㄤˊ ㄧ ㄌㄤˊ	動漫	會長是女僕大人
幸村精市	11	ㄒㄧㄥˋ ㄘㄨㄣ ㄐㄧㄥ ㄕˋ	動漫	網球王子
幸福婚約	21	ㄒㄧㄥˋ ㄈㄨˊ ㄏㄨㄣ ㄩㄝ	動漫	我的幸福婚約
幸運☆星	22	ㄒㄧㄥˋ ㄩㄣˋ ☆ ㄒㄧㄥ	動漫	幸運☆星
幸運星	13	ㄒㄧㄥˋ ㄩㄣˋ ㄒㄧㄥ	動漫	幸運☆星
幻之第六人	13	ㄏㄨㄢˋ ㄓ ㄉㄧˋ ㄌㄧㄡˋ ㄖㄣˊ	動漫	黑子的籃球
幻想殺手	13	ㄏㄨㄢˋ ㄒㄧㄤˇ ㄕㄚ ㄕㄡˇ	動漫	魔法禁書目錄
幻書	11	ㄏㄨㄢˋ ㄕㄨ	動漫	丹特麗安的書架
幻燈	18	ㄏㄨㄢˋ ㄉㄥ	動漫	黑暗集會
幼女戰記	21	ㄧㄡˋ ㄋㄩˇ ㄓㄢˋ ㄐㄧˋ	動漫	幼女戰記
幽遊白書	8	ㄧㄡ ㄧㄡˊ ㄅㄞˊ ㄕㄨ	動漫	幽遊白書
店主	28	ㄉㄧㄢˋ ㄓㄨˇ	動漫	異世界食堂
座敷童子	15	ㄗㄨㄛˋ ㄈㄨ ㄊㄨㄥˊ ㄗˇ	動漫	鬼燈的冷徹
庫克米拉	12	ㄎㄨˋ ㄎㄜˋ ㄇㄧˇ ㄌㄚ	動漫	86－不存在的戰區－
庫拉魯斯	12	ㄎㄨˋ ㄌㄚ ㄌㄨˇ ㄙ	動漫	平凡職業造就世界最強
庫洛洛	12	ㄎㄨˋ ㄌㄨㄛˋ ㄌㄨㄛˋ	動漫	獵人
庫洛魔法使	24	ㄎㄨˋ ㄌㄨㄛˋ ㄇㄛˊ ㄈㄚˇ ㄕˇ	動漫	庫洛魔法使
庫魯斯	11	ㄎㄨˋ ㄌㄨˇ ㄙ	動漫	機動戰士鋼彈UC
庸子	16	ㄩㄥ ㄗ˙	動漫	天元突破紅蓮螺巖
弓原紗季	14	ㄍㄨㄥ ㄩㄢˊ ㄕㄚ ㄐㄧˋ	動漫	虛構推理
弗利沙	12	ㄈㄨˊ ㄌㄧˋ ㄕㄚ	動漫	七龍珠
弗爾伏朗托	12	ㄈㄨˊ ㄦˇ ㄈㄨˊ ㄌㄤˇ ㄊㄨㄛ	動漫	機動戰士鋼彈UC
弧次郎	12	ㄏㄨˊ ㄘˋ ㄌㄤˊ	動漫	擅長逃跑的殿下
張五飛	11	ㄓㄤ ㄨˇ ㄈㄟ	動漫	新機動戰記鋼彈W
強風吹拂	20	ㄑㄧㄤˊ ㄈㄥ ㄔㄨㄟ ㄈㄨˊ	動漫	強風吹拂
彌勒	12	ㄇㄧˊ ㄌㄜˋ	動漫	犬夜叉
彌海砂	18	ㄇㄧˊ ㄏㄞˇ ㄕㄚ	動漫	死亡筆記本
形真理	12	ㄒㄧㄥˊ ㄓㄣ ㄌㄧˇ	動漫	怪化貓
彩川恒雄	14	ㄘㄞˇ ㄔㄨㄢ ㄏㄥˊ ㄒㄩㄥˊ	動漫	ONE OUTS超智遊戲
彭德佛傑	16	ㄆㄥˊ ㄉㄜˊ ㄈㄛˊ ㄐㄧㄝˊ	動漫	SPY×FAMILY間諜家家酒
影子	170	ㄧㄥˇ ㄗ˙	動漫	夏日重現
影山律	17	ㄧㄥˇ ㄕㄢ ㄌㄩˋ	動漫	路人超能100
影山茂夫	22	ㄧㄥˇ ㄕㄢ ㄇㄠˋ ㄈㄨ	動漫	路人超能100
影山飛雄	21	ㄧㄥˇ ㄕㄢ ㄈㄟ ㄒㄩㄥˊ	動漫	排球少年
彼得	80	ㄅㄧˇ ㄉㄜˊ	動漫	狼的孩子雨和雪
後藤	12	ㄏㄡˋ ㄊㄥˊ	動漫	寄生獸
後藤一里	23	ㄏㄡˋ ㄊㄥˊ ㄧ ㄌㄧˇ	動漫	孤獨搖滾
徒然喜歡你	19	ㄊㄨˊ ㄖㄢˊ ㄒㄧˇ ㄏㄨㄢ ㄋㄧˇ	動漫	徒然喜歡你
御坂美琴	22	ㄩˋ ㄅㄢˇ ㄇㄟˇ ㄑㄧㄣˊ	動漫	魔法禁書目錄
御子柴實琴	16	ㄩˋ ㄗ˙ ㄔㄞˊ ㄕˊ ㄑㄧㄣˊ	動漫	月刊少女野崎同學
御幸一也	14	ㄩˋ ㄒㄧㄥˋ ㄧ ㄧㄝˇ	動漫	鑽石王牌
御影玲王	15	ㄩˋ ㄧㄥˇ ㄌㄧㄥˊ ㄨㄤˊ	動漫	藍色監獄
御影秋	17	ㄩˋ ㄧㄥˇ ㄑㄧㄡ	動漫	銀之匙
復仇	54	ㄈㄨˋ ㄔㄡˊ	動漫	91Days
德古沙	16	ㄉㄜˊ ㄍㄨˇ ㄕㄚ	動漫	攻殼機動隊
德布洛瓦	17	ㄉㄜˊ ㄅㄨˋ ㄌㄨㄛˋ ㄨㄚˇ	動漫	GOSICK
德拉	14	ㄉㄜˊ ㄌㄚ	動漫	玉子市場
德斯蒙	14	ㄉㄜˊ ㄙ ㄇㄥˊ	動漫	SPY×FAMILY間諜家家酒
心中	20	ㄒㄧㄣ ㄓㄨㄥ	動漫	昭和元祿落語心中
心就是你	12	ㄒㄧㄣ ㄐㄧㄡˋ ㄕˋ ㄋㄧˇ	動漫	小魔女學園
心愛智乃	12	ㄒㄧㄣ ㄞˋ ㄓˋ ㄋㄞˇ	動漫	請問您今天要來點兔子嗎？
忍野忍	11	ㄖㄣˇ ㄧㄝˇ ㄖㄣˇ	動漫	物語系列
志喜屋夢子	12	ㄓˋ ㄒㄧˇ ㄨ ㄇㄥˋ ㄗ˙	動漫	敗北女角太多了
志志雄真實	11	ㄓˋ ㄓˋ ㄒㄩㄥˊ ㄓㄣ ㄕˊ	動漫	神劍闖江湖
志摩凜	19	ㄓˋ ㄇㄛˊ ㄌㄧㄣˇ	動漫	搖曳露營
志摩聰介	16	ㄓˋ ㄇㄛˊ ㄘㄨㄥ ㄐㄧㄝˋ	動漫	躍動青春
志村新八	21	ㄓˋ ㄘㄨㄣ ㄒㄧㄣ ㄅㄚ	動漫	銀魂
忠邦	20	ㄓㄨㄥ ㄅㄤ	動漫	男子高中生的日常
念能力	15	ㄋㄧㄢˋ ㄋㄥˊ ㄌㄧˋ	動漫	獵人
怎樣	20	ㄗㄜˇ ㄧㄤˋ	動漫	轉生成蜘蛛又怎樣
怪化貓	20	ㄍㄨㄞˋ ㄏㄨㄚˋ ㄇㄠ	動漫	怪化貓
怪同學	20	ㄍㄨㄞˋ ㄊㄨㄥˊ ㄒㄩㄝˊ	動漫	鄰座的怪同學
怪物	72	ㄍㄨㄞˋ ㄨˋ	動漫	MONSTER
怪獸8號	23	ㄍㄨㄞˋ ㄕㄡˋ 8 ㄏㄠˋ	動漫	怪獸8號
怪盜X	10	ㄍㄨㄞˋ ㄉㄠˋ X	動漫	魔人偵探腦嚙涅羅
怪盜基德	12	ㄍㄨㄞˋ ㄉㄠˋ ㄐㄧ ㄉㄜˊ	動漫	名偵探柯南
恐山安娜	15	ㄎㄨㄥˇ ㄕㄢ ㄢ ㄋㄚˋ	動漫	通靈王
恩滋華斯	17	ㄣ ㄗ ㄏㄨㄚˊ ㄙ	動漫	魔法使的新娘
悠悠哉哉	21	ㄧㄡ ㄧㄡ ㄗㄞ ㄗㄞ	動漫	悠悠哉哉少女日和
情色	20	ㄑㄧㄥˊ ㄙㄜˋ	動漫	情色漫畫老師
情色漫畫	20	ㄑㄧㄥˊ ㄙㄜˋ ㄇㄢˋ ㄏㄨㄚˋ	動漫	情色漫畫老師
惠惠	17	ㄏㄨㄟˋ ㄏㄨㄟˋ	動漫	為美好的世界獻上祝福
惠飛須澤	15	ㄏㄨㄟˋ ㄈㄟ ㄒㄩ ㄗㄜˊ	動漫	學園孤島
惡羅王	12	ㄜˋ ㄌㄨㄛˊ ㄨㄤˊ	動漫	元氣少女緣結神
惡靈	12	ㄜˋ ㄌㄧㄥˊ	動漫	黑暗集會
惡魔人	12	ㄜˋ ㄇㄛˊ ㄖㄣˊ	動漫	DEVILMAN crybaby
惡魔的足跡	13	ㄜˋ ㄇㄛˊ ㄉㄜ˙ ㄗㄨˊ ㄐㄧ	動漫	炎炎消防隊
惣流明日香	17	ㄗㄨㄥˇ ㄌㄧㄡˊ ㄇㄧㄥˊ ㄖˋ ㄒㄧㄤ	動漫	新世紀福音戰士
想要玩	20	ㄒㄧㄤˇ ㄧㄠˋ ㄨㄢˊ	動漫	宇崎學妹想要玩！
愚地獨步	14	ㄩˊ ㄉㄧˋ ㄉㄨˊ ㄅㄨˋ	動漫	刃牙
愛因茲貝倫	17	ㄞˋ ㄧㄣ ㄗ ㄅㄟˋ ㄌㄨㄣˊ	動漫	Fate/Zero
愛城華戀	18	ㄞˋ ㄔㄥˊ ㄏㄨㄚˊ ㄌㄧㄢˋ	動漫	少女歌劇Revue Starlight
愛姆露	13	ㄞˋ ㄇㄨˇ ㄌㄨˋ	動漫	香格里拉・開拓異境
愛德	13	ㄞˋ ㄉㄜˊ	動漫	星際牛仔
愛德華	24	ㄞˋ ㄉㄜˊ ㄏㄨㄚˊ	動漫	鋼之鍊金術師
愛莉兒	13	ㄞˋ ㄌㄧˋ ㄦˊ	動漫	轉生成蜘蛛又怎樣
愛蜜莉雅	21	ㄞˋ ㄇㄧˋ ㄌㄧˋ ㄧㄚˇ	動漫	Re:從零開始的異世界生活
愛野美奈子	14	ㄞˋ ㄧㄝˇ ㄇㄟˇ ㄋㄞˋ ㄗˇ	動漫	美少女戰士
愛麗絲	88	ㄞˋ ㄌㄧˋ ㄙ	動漫	刀劍神域
愛麗絲菲爾	17	ㄞˋ ㄌㄧˋ ㄙ ㄈㄟ ㄦˇ	動漫	Fate/Zero
憂國	22	ㄧㄡ ㄍㄨㄛˊ	動漫	憂國的莫里亞蒂
憂鬱	25	ㄧㄡ ㄩˋ	動漫	涼宮春日的憂鬱
懲罰你	15	ㄔㄥˊ ㄈㄚˊ ㄋㄧˇ	動漫	美少女戰士
戀愛	26	ㄌㄧㄢˋ ㄞˋ	動漫	果然我的青春戀愛喜劇搞錯了
戀愛與謊言	18	ㄌㄧㄢˋ ㄞˋ ㄩˇ ㄏㄨㄤˇ ㄧㄢˊ	動漫	戀愛與謊言
成名錄	21	ㄔㄥˊ ㄇㄧㄥˊ ㄌㄨˋ	動漫	盾之勇者成名錄
成瀨翔	15	ㄔㄥˊ ㄌㄞˋ ㄒㄧㄤˊ	動漫	orange橘色奇蹟
成為	19	ㄔㄥˊ ㄨㄟˊ	動漫	航海王
我們這一家	26	ㄨㄛˇ ㄇㄣˊ ㄓㄜˋ ㄧ ㄐㄧㄚ	動漫	我們這一家
我出發了	15	ㄨㄛˇ ㄔㄨ ㄈㄚ ㄌㄜ˙	動漫	鈴芽之旅
我妻善逸	19	ㄨㄛˇ ㄑㄧ ㄕㄢˋ ㄧˋ	動漫	鬼滅之刃
我妻由乃	17	ㄨㄛˇ ㄑㄧ ㄧㄡˊ ㄋㄞˇ	動漫	未來日記
我很好奇	14	ㄨㄛˇ ㄏㄣˇ ㄏㄠˇ ㄑㄧˊ	動漫	冰菓
我愛羅	15	ㄨㄛˇ ㄞˋ ㄌㄨㄛˊ	動漫	火影忍者
我推的孩子	26	ㄨㄛˇ ㄊㄨㄟ ㄉㄜ˙ ㄏㄞˊ ㄗ˙	動漫	我推的孩子
我是天才	16	ㄨㄛˇ ㄕˋ ㄊㄧㄢ ㄘㄞˊ	動漫	灌籃高手
我是鋼彈	13	ㄨㄛˇ ㄕˋ ㄍㄤ ㄉㄢˋ	動漫	機動戰士鋼彈00
我的回合	14	ㄨㄛˇ ㄉㄜ˙ ㄏㄨㄟˊ ㄏㄜˊ	動漫	遊戲王
戰區	23	ㄓㄢˋ ㄑㄩ	動漫	86－不存在的戰區－
戰場原黑儀	18	ㄓㄢˋ ㄔㄤˇ ㄩㄢˊ ㄏㄟ ㄧˊ	動漫	物語系列
戰慄的龍卷	15	ㄓㄢˋ ㄌㄧˋ ㄉㄜ˙ ㄌㄨㄥˊ ㄐㄩㄢˇ	動漫	一拳超人
戰爭	15	ㄓㄢˋ ㄓㄥ	動漫	輝夜姬想讓人告白
戰記	21	ㄓㄢˋ ㄐㄧˋ	動漫	新機動戰記鋼彈W
戴安娜	13	ㄉㄞˋ ㄢ ㄋㄚˋ	動漫	小魔女學園
戴拿賽諾	10	ㄉㄞˋ ㄋㄚˊ ㄙㄞˋ ㄋㄨㄛˋ	動漫	SSSS.DYNAZENON
戴露塔	10	ㄉㄞˋ ㄌㄨˋ ㄊㄚˇ	動漫	海貓鳴泣之時
戶塚彩加	12	ㄏㄨˋ ㄓㄨㄥˇ ㄘㄞˇ ㄐㄧㄚ	動漫	果然我的青春戀愛喜劇搞錯了
戶山香澄	20	ㄏㄨˋ ㄕㄢ ㄒㄧㄤ ㄔㄥˊ	動漫	BanG Dream!
戶愚呂弟	12	ㄏㄨˋ ㄩˊ ㄌㄩˇ ㄉㄧˋ	動漫	幽遊白書
手塚國光	18	ㄕㄡˇ ㄓㄨㄥˇ ㄍㄨㄛˊ ㄍㄨㄤ	動漫	網球王子
手記	15	ㄕㄡˇ ㄐㄧˋ	動漫	紫羅蘭永恆花園
托席	14	ㄊㄨㄛ ㄒㄧˊ	動漫	北斗神拳
托爾芬	20	ㄊㄨㄛ ㄦˇ ㄈㄣ	動漫	Vinland Saga海盜戰記
托爾茲	13	ㄊㄨㄛ ㄦˇ ㄗ	動漫	Vinland Saga海盜戰記
找到你了	14	ㄓㄠˇ ㄉㄠˋ ㄋㄧˇ ㄌㄜ˙	動漫	未聞花名
投手	19	ㄊㄡˊ ㄕㄡˇ	動漫	王牌投手振臂高揮
投手丘	10	ㄊㄡˊ ㄕㄡˇ ㄑㄧㄡ	動漫	王牌投手振臂高揮
折原臨也	13	ㄓㄜˊ ㄩㄢˊ ㄌㄧㄣˊ ㄧㄝˇ	動漫	無頭騎士異聞錄DuRaRaRa!!
折木奉太郎	22	ㄓㄜˊ ㄇㄨˋ ㄈㄥˋ ㄊㄞˋ ㄌㄤˊ	動漫	冰菓
披集朱拉暖	13	ㄆㄧ ㄐㄧˊ ㄓㄨ ㄌㄚ ㄋㄨㄢˇ	動漫	冰上的尤里
押水菜子	13	ㄧㄚ ㄕㄨㄟˇ ㄘㄞˋ ㄗˇ	動漫	花開物語
拉克絲	17	ㄌㄚ ㄎㄜˋ ㄙ	動漫	機動戰士鋼彈SEED
拉克萊科	13	ㄌㄚ ㄎㄜˋ ㄌㄞˊ ㄎㄜ	動漫	神之塔
拉姆	17	ㄌㄚ ㄇㄨˇ	動漫	Re:從零開始的異世界生活
拉姆達	10	ㄌㄚ ㄇㄨˇ ㄉㄚˊ	動漫	海貓鳴泣之時
拉巴伯溫拿	12	ㄌㄚ ㄅㄚ ㄅㄛˊ ㄨㄣ ㄋㄚˊ	動漫	新機動戰記鋼彈W
拉德魯索	10	ㄌㄚ ㄉㄜˊ ㄌㄨˇ ㄙㄨㄛˇ	動漫	BACCANO!大騷動!
拉拉	13	ㄌㄚ ㄌㄚ	動漫	小魔女DoReMi
拉斐爾	14	ㄌㄚ ㄈㄟˇ ㄦˇ	動漫	地。－關於地球的運動－
拉普達	15	ㄌㄚ ㄆㄨˇ ㄉㄚˊ	動漫	天空之城
拉歐	16	ㄌㄚ ㄡ	動漫	北斗神拳
拉比	12	ㄌㄚ ㄅㄧˇ	動漫	驅魔少年
拉芙塔莉雅	16	ㄌㄚ ㄈㄨˊ ㄊㄚˇ ㄌㄧˋ ㄧㄚˇ	動漫	盾之勇者成名錄
拉雪特	11	ㄌㄚ ㄒㄩㄝˇ ㄊㄜˋ	動漫	君主·埃爾梅羅二世事件簿
招待不周	13	ㄓㄠ ㄉㄞˋ ㄅㄨˋ ㄓㄡ	動漫	食戟之靈
拳四郎	21	ㄑㄩㄢˊ ㄙˋ ㄌㄤˊ	動漫	北斗神拳
拳擊	23	ㄑㄩㄢˊ ㄐㄧˊ	動漫	第一神拳
拳願競技	12	ㄑㄩㄢˊ ㄩㄢˋ ㄐㄧㄥˋ ㄐㄧˋ	動漫	拳願阿修羅
拳願阿修羅	20	ㄑㄩㄢˊ ㄩㄢˋ ㄚ ㄒㄧㄡ ㄌㄨㄛˊ	動漫	拳願阿修羅
振臂	18	ㄓㄣˋ ㄅㄧˋ	動漫	王牌投手振臂高揮
捉弄	20	ㄓㄨㄛ ㄋㄨㄥˋ	動漫	擅長捉弄人的高木同學
捉弄人	23	ㄓㄨㄛ ㄋㄨㄥˋ ㄖㄣˊ	動漫	擅長捉弄人的高木同學
掌中老虎	14	ㄓㄤˇ ㄓㄨㄥ ㄌㄠˇ ㄏㄨˇ	動漫	龍與虎
排球少年	13	ㄆㄞˊ ㄑㄧㄡˊ ㄕㄠˋ ㄋㄧㄢˊ	動漫	排球少年
推的孩子	15	ㄊㄨㄟ ㄉㄜ˙ ㄏㄞˊ ㄗ˙	動漫	我推的孩子
提耶利亞	13	ㄊㄧˊ ㄧㄝ ㄌㄧˋ ㄧㄚˇ	動漫	機動戰士鋼彈00
換裝	24	ㄏㄨㄢˋ ㄓㄨㄤ	動漫	戀上換裝娃娃
換裝娃娃	25	ㄏㄨㄢˋ ㄓㄨㄤ ㄨㄚˊ ㄨㄚˊ	動漫	戀上換裝娃娃
搖曳露營	24	ㄧㄠˊ ㄧˋ ㄌㄨˋ ㄧㄥˊ	動漫	搖曳露營
摩訶亞爾邦	17	ㄇㄛˊ ㄏㄜ ㄧㄚˇ ㄦˇ ㄅㄤ	動漫	噬魂者
撒旦之子	12	ㄙㄚ ㄉㄢˋ ㄓ ㄗˇ	動漫	青之驅魔師
播磨拳兒	15	ㄅㄛˋ ㄇㄛˊ ㄑㄩㄢˊ ㄦˊ	動漫	校園迷糊大王
擅長	24	ㄕㄢˋ ㄔㄤˊ	動漫	擅長捉弄人的高木同學
擅長逃跑	20	ㄕㄢˋ ㄔㄤˊ ㄊㄠˊ ㄆㄠˇ	動漫	擅長逃跑的殿下
攻殼機動隊	4	ㄍㄨㄥ ㄎㄜˊ ㄐㄧ ㄉㄨㄥˋ ㄉㄨㄟˋ	動漫	攻殼機動隊
政府通知	10	ㄓㄥˋ ㄈㄨˇ ㄊㄨㄥ ㄓ	動漫	戀愛與謊言
敕使	16	ㄔˋ ㄕˇ	動漫	你的名字
敗北女角	23	ㄅㄞˋ ㄅㄟˇ ㄋㄩˇ ㄐㄧㄠˇ	動漫	敗北女角太多了
教師	23	ㄐㄧㄠˋ ㄕ	動漫	靈異教師神眉
散華禮彌	18	ㄙㄢˋ ㄏㄨㄚˊ ㄌㄧˇ ㄇㄧˊ	動漫	散華禮彌
數碼寶貝	25	ㄕㄨˋ ㄇㄚˇ ㄅㄠˇ ㄅㄟˋ	動漫	數碼寶貝大冒險
文學少女	13	ㄨㄣˊ ㄒㄩㄝˊ ㄕㄠˋ ㄋㄩˇ	動漫	男子高中生的日常
文豪	24	ㄨㄣˊ ㄏㄠˊ	動漫	文豪Stray Dogs
斐迪南	16	ㄈㄟˇ ㄉㄧˊ ㄋㄢˊ	動漫	小書痴的下剋上
斬子	20	ㄓㄢˇ ㄗ˙	動漫	天國大魔境
斯克	13	ㄙ ㄎㄜˋ	動漫	君主·埃爾梅羅二世事件簿
斯卡	12	ㄙ ㄎㄚˇ	動漫	鋼之鍊金術師
斯芬古	11	ㄙ ㄈㄣ ㄍㄨˇ	動漫	君主·埃爾梅羅二世事件簿
斯雷因	15	ㄙ ㄌㄟˊ ㄧㄣ	動漫	ALDNOAH.ZERO
斯露	20	ㄙ ㄌㄨˋ	動漫	零之使魔
新世界	15	ㄒㄧㄣ ㄕˋ ㄐㄧㄝˋ	動漫	死亡筆記本
新世紀	25	ㄒㄧㄣ ㄕˋ ㄐㄧˋ	動漫	新世紀福音戰士
新垣綾瀨	12	ㄒㄧㄣ ㄩㄢˊ ㄌㄧㄥˊ ㄌㄞˋ	動漫	我的妹妹哪有這麼可愛
新娘	24	ㄒㄧㄣ ㄋㄧㄤˊ	動漫	五等分的新娘
新條直輝	14	ㄒㄧㄣ ㄊㄧㄠˊ ㄓˊ ㄏㄨㄟ	動漫	閃電霹靂車
新條茜	12	ㄒㄧㄣ ㄊㄧㄠˊ ㄑㄧㄢˋ	動漫	SSSS.GRIDMAN
新機動	20	ㄒㄧㄣ ㄐㄧ ㄉㄨㄥˋ	動漫	新機動戰記鋼彈W
新門紅丸	10	ㄒㄧㄣ ㄇㄣˊ ㄏㄨㄥˊ ㄨㄢˊ	動漫	炎炎消防隊
旅行	843	ㄌㄩˇ ㄒㄧㄥˊ	動漫	少女終末旅行
旋風管家	22	ㄒㄩㄢˋ ㄈㄥ ㄍㄨㄢˇ ㄐㄧㄚ	動漫	旋風管家
旗木卡卡西	17	ㄑㄧˊ ㄇㄨˋ ㄎㄚˇ ㄎㄚˇ ㄒㄧ	動漫	火影忍者
日向冬樹	11	ㄖˋ ㄒㄧㄤˋ ㄉㄨㄥ ㄕㄨˋ	動漫	Keroro軍曹
日向夏美	10	ㄖˋ ㄒㄧㄤˋ ㄒㄧㄚˋ ㄇㄟˇ	動漫	Keroro軍曹
日向秀樹	14	ㄖˋ ㄒㄧㄤˋ ㄒㄧㄡˋ ㄕㄨˋ	動漫	Angel Beats!
日向翔陽	24	ㄖˋ ㄒㄧㄤˋ ㄒㄧㄤˊ ㄧㄤˊ	動漫	排球少年
日向雛田	12	ㄖˋ ㄒㄧㄤˋ ㄔㄨˊ ㄊㄧㄢˊ	動漫	火影忍者
日和	21	ㄖˋ ㄏㄜˊ	動漫	悠悠哉哉少女日和
日常	503	ㄖˋ ㄔㄤˊ	動漫	日常
日暮永遠	18	ㄖˋ ㄇㄨˋ ㄩㄥˇ ㄩㄢˇ	動漫	半妖的夜叉姬
日暮籬	20	ㄖˋ ㄇㄨˋ ㄌㄧˊ	動漫	犬夜叉
日比野	21	ㄖˋ ㄅㄧˇ ㄧㄝˇ	動漫	怪獸8號
日番谷	10	ㄖˋ ㄈㄢ ㄍㄨˇ	動漫	BLEACH死神
早乙女亂馬	23	ㄗㄠˇ ㄧˇ ㄋㄩˇ ㄌㄨㄢˋ ㄇㄚˇ	動漫	亂馬1/2
早坂愛	11	ㄗㄠˇ ㄅㄢˇ ㄞˋ	動漫	輝夜姬想讓人告白
早坂紫	17	ㄗㄠˇ ㄅㄢˇ ㄗˇ	動漫	天堂之吻
早川秋	17	ㄗㄠˇ ㄔㄨㄢ ㄑㄧㄡ	動漫	鏈鋸人
旭日之心	12	ㄒㄩˋ ㄖˋ ㄓ ㄒㄧㄣ	動漫	魔法少女奈葉
昆阿圭羅	15	ㄎㄨㄣ ㄚ ㄍㄨㄟ ㄌㄨㄛˊ	動漫	神之塔
明日	23	ㄇㄧㄥˊ ㄖˋ	動漫	來自風平浪靜的明日
明智健悟	15	ㄇㄧㄥˊ ㄓˋ ㄐㄧㄢˋ ㄨˋ	動漫	金田一少年之事件簿
明神彌彥	15	ㄇㄧㄥˊ ㄕㄣˊ ㄇㄧˊ ㄧㄢˋ	動漫	神劍闖江湖
星井美希	15	ㄒㄧㄥ ㄐㄧㄥˇ ㄇㄟˇ ㄒㄧ	動漫	偶像大師
星子	11	ㄒㄧㄥ ㄗ˙	動漫	膽大黨
星川莉莉	10	ㄒㄧㄥ ㄔㄨㄢ ㄌㄧˋ ㄌㄧˋ	動漫	佐賀偶像是傳奇
星星	237	ㄒㄧㄥ ㄒㄧㄥ	動漫	荒川爆笑團
星空凜	13	ㄒㄧㄥ ㄎㄨㄥ ㄌㄧㄣˇ	動漫	Love Live!
星野宮子	17	ㄒㄧㄥ ㄧㄝˇ ㄍㄨㄥ ㄗ˙	動漫	天使降臨到我身邊
星野愛	24	ㄒㄧㄥ ㄧㄝˇ ㄞˋ	動漫	我推的孩子
星野日向	13	ㄒㄧㄥ ㄧㄝˇ ㄖˋ ㄒㄧㄤˋ	動漫	天使降臨到我身邊
星際牛仔	22	ㄒㄧㄥ ㄐㄧˋ ㄋㄧㄡˊ ㄗㄞˇ	動漫	星際牛仔
星馳阿魯斯	11	ㄒㄧㄥ ㄔˊ ㄚ ㄌㄨˇ ㄙ	動漫	異修羅
映像研	20	ㄧㄥˋ ㄒㄧㄤˋ ㄧㄢˊ	動漫	別對映像研出手！
春野櫻	19	ㄔㄨㄣ ㄧㄝˇ ㄧㄥ	動漫	火影忍者
春風	20	ㄔㄨㄣ ㄈㄥ	動漫	小魔女DoReMi
昭和	20	ㄓㄠ ㄏㄜˊ	動漫	昭和元祿落語心中
時崎狂三	13	ㄕˊ ㄑㄧˊ ㄎㄨㄤˊ ㄙㄢ	動漫	約會大作戰
時雄	15	ㄕˊ ㄒㄩㄥˊ	動漫	天國大魔境
晨曦公主	22	ㄔㄣˊ ㄒㄧ ㄍㄨㄥ ㄓㄨˇ	動漫	晨曦公主
普利謝茨基	15	ㄆㄨˇ ㄌㄧˋ ㄒㄧㄝˋ ㄘˊ ㄐㄧ	動漫	冰上的尤里
普羅	15	ㄆㄨˇ ㄌㄨㄛˊ	動漫	BACCANO!大騷動!
普魯托	10	ㄆㄨˇ ㄌㄨˇ ㄊㄨㄛ	動漫	PLUTO冥王
智將	12	ㄓˋ ㄐㄧㄤ	動漫	失憶投捕
智慧之神	12	ㄓˋ ㄏㄨㄟˋ ㄓ ㄕㄣˊ	動漫	虛構推理
暗殺教室	24	ㄢˋ ㄕㄚ ㄐㄧㄠˋ ㄕˋ	動漫	暗殺教室
暗殺時間	14	ㄢˋ ㄕㄚ ㄕˊ ㄐㄧㄢ	動漫	暗殺教室
暗殺者	17	ㄢˋ ㄕㄚ ㄓㄜˇ	動漫	世界頂尖的暗殺者轉生為異世界貴族
曉美焰	21	ㄒㄧㄠˇ ㄇㄟˇ ㄧㄢˋ	動漫	魔法少女小圓
更科瑠夏	12	ㄍㄥˋ ㄎㄜ ㄌㄧㄡˊ ㄒㄧㄚˋ	動漫	租借女友
更遠	22	ㄍㄥˋ ㄩㄢˇ	動漫	比宇宙更遠的地方
書架	19	ㄕㄨ ㄐㄧㄚˋ	動漫	丹特麗安的書架
曼恩	15	ㄇㄢˋ ㄣ	動漫	Cyberpunk: Edgerunners
替身	15	ㄊㄧˋ ㄕㄣ	動漫	JOJO的奇妙冒險
最強	22	ㄗㄨㄟˋ ㄑㄧㄤˊ	動漫	平凡職業造就世界最強
最強的世界	12	ㄗㄨㄟˋ ㄑㄧㄤˊ ㄉㄜ˙ ㄕˋ ㄐㄧㄝˋ	動漫	別對映像研出手！
最高	13	ㄗㄨㄟˋ ㄍㄠ	動漫	PLUTO冥王
會長是	21	ㄏㄨㄟˋ ㄓㄤˇ ㄕˋ	動漫	會長是女僕大人
月亮	15	ㄩㄝˋ ㄌㄧㄤˋ	動漫	美少女戰士
月光下	19	ㄩㄝˋ ㄍㄨㄤ ㄒㄧㄚˋ	動漫	月光下的異世界之旅
月刊	23	ㄩㄝˋ ㄎㄢ	動漫	月刊少女野崎同學
月城雪兔	13	ㄩㄝˋ ㄔㄥˊ ㄒㄩㄝˇ ㄊㄨˋ	動漫	庫洛魔法使
月宮亞由	15	ㄩㄝˋ ㄍㄨㄥ ㄧㄚˇ ㄧㄡˊ	動漫	Kanon
月山習	16	ㄩㄝˋ ㄕㄢ ㄒㄧˊ	動漫	東京喰種
月島流星	14	ㄩㄝˋ ㄉㄠˇ ㄌㄧㄡˊ ㄒㄧㄥ	動漫	女神咖啡廳
月島螢	14	ㄩㄝˋ ㄉㄠˇ ㄧㄥˊ	動漫	排球少年
月色真美	19	ㄩㄝˋ ㄙㄜˋ ㄓㄣ ㄇㄟˇ	動漫	月色真美
月野兔	23	ㄩㄝˋ ㄧㄝˇ ㄊㄨˋ	動漫	美少女戰士
有借有還	15	ㄧㄡˇ ㄐㄧㄝˋ ㄧㄡˇ ㄏㄞˊ	動漫	烏龍派出所
有樂亭八雲	18	ㄧㄡˇ ㄌㄜˋ ㄊㄧㄥˊ ㄅㄚ ㄩㄣˊ	動漫	昭和元祿落語心中
有田春雪	18	ㄧㄡˇ ㄊㄧㄢˊ ㄔㄨㄣ ㄒㄩㄝˇ	動漫	加速世界
有馬佳奈	16	ㄧㄡˇ ㄇㄚˇ ㄐㄧㄚ ㄋㄞˋ	動漫	我推的孩子
有馬公生	22	ㄧㄡˇ ㄇㄚˇ ㄍㄨㄥ ㄕㄥ	動漫	四月是你的謊言
有馬貴將	11	ㄧㄡˇ ㄇㄚˇ ㄍㄨㄟˋ ㄐㄧㄤ	動漫	東京喰種
朋友	6725	ㄆㄥˊ ㄧㄡˇ	動漫	20世紀少年
服部平次	13	ㄈㄨˊ ㄅㄨˋ ㄆㄧㄥˊ ㄘˋ	動漫	名偵探柯南
朝倉新	18	ㄔㄠˊ ㄘㄤ ㄒㄧㄣ	動漫	坂本日常
朝比奈	15	ㄔㄠˊ ㄅㄧˇ ㄋㄞˋ	動漫	涼宮春日的憂鬱
朝田詩乃	15	ㄔㄠˊ ㄊㄧㄢˊ ㄕ ㄋㄞˇ	動漫	刀劍神域
朝野太陽	18	ㄔㄠˊ ㄧㄝˇ ㄊㄞˋ ㄧㄤˊ	動漫	夜櫻家大作戰
木下秀吉	12	ㄇㄨˋ ㄒㄧㄚˋ ㄒㄧㄡˋ ㄐㄧˊ	動漫	笨蛋，測驗，召喚獸
木之下和也	18	ㄇㄨˋ ㄓ ㄒㄧㄚˋ ㄏㄜˊ ㄧㄝˇ	動漫	租借女友
木之本桃矢	11	ㄇㄨˋ ㄓ ㄅㄣˇ ㄊㄠˊ ㄕˇ	動漫	庫洛魔法使
木之本櫻	22	ㄇㄨˋ ㄓ ㄅㄣˇ ㄧㄥ	動漫	庫洛魔法使
木刀之龍	12	ㄇㄨˋ ㄉㄠ ㄓ ㄌㄨㄥˊ	動漫	通靈王
木原紡	11	ㄇㄨˋ ㄩㄢˊ ㄈㄤˇ	動漫	來自風平浪靜的明日
木木	12	ㄇㄨˋ ㄇㄨˋ	動漫	赤髮白雪姬
木村達也	9	ㄇㄨˋ ㄘㄨㄣ ㄉㄚˊ ㄧㄝˇ	動漫	第一神拳
木野真琴	15	ㄇㄨˋ ㄧㄝˇ ㄓㄣ ㄑㄧㄣˊ	動漫	美少女戰士
未來日記	22	ㄨㄟˋ ㄌㄞˊ ㄖˋ ㄐㄧˋ	動漫	未來日記
未來的信	12	ㄨㄟˋ ㄌㄞˊ ㄉㄜ˙ ㄒㄧㄣˋ	動漫	orange橘色奇蹟
未聞花名	24	ㄨㄟˋ ㄨㄣˊ ㄏㄨㄚ ㄇㄧㄥˊ	動漫	未聞花名
本城蓮	16	ㄅㄣˇ ㄔㄥˊ ㄌㄧㄢˊ	動漫	NANA
本田未央	14	ㄅㄣˇ ㄊㄧㄢˊ ㄨㄟˋ ㄧㄤ	動漫	偶像大師灰姑娘女孩
本田透	22	ㄅㄣˇ ㄊㄧㄢˊ ㄊㄡˋ	動漫	水果籃子
本田速人	14	ㄅㄣˇ ㄊㄧㄢˊ ㄙㄨˋ ㄖㄣˊ	動漫	烏龍派出所
本間芽衣子	19	ㄅㄣˇ ㄐㄧㄢ ㄧㄚˊ ㄧ ㄗ˙	動漫	未聞花名
札克席茲	12	ㄓㄚˊ ㄎㄜˋ ㄒㄧˊ ㄗ	動漫	潘朵拉之心
朱伊斯	11	ㄓㄨ ㄧ ㄙ	動漫	不死不運
朱菜	15	ㄓㄨ ㄘㄞˋ	動漫	關於我轉生變成史萊姆這檔事
朴武真	11	ㄆㄨˊ ㄨˇ ㄓㄣ	動漫	高校之神
朵拉	15	ㄉㄨㄛˇ ㄌㄚ	動漫	天空之城
朽木白哉	12	ㄒㄧㄡˇ ㄇㄨˋ ㄅㄞˊ ㄗㄞ	動漫	BLEACH死神
朽木露琪亞	21	ㄒㄧㄡˇ ㄇㄨˋ ㄌㄨˋ ㄑㄧˊ ㄧㄚˇ	動漫	BLEACH死神
杉下京太郎	15	ㄕㄢ ㄒㄧㄚˋ ㄐㄧㄥ ㄊㄞˋ ㄌㄤˊ	動漫	WIND BREAKER防風少年
杉元	14	ㄕㄢ ㄩㄢˊ	動漫	黃金神威
杉元佐一	21	ㄕㄢ ㄩㄢˊ ㄗㄨㄛˇ ㄧ	動漫	黃金神威
杉山高志	14	ㄕㄢ ㄕㄢ ㄍㄠ ㄓˋ	動漫	強風吹拂
杉崎鍵	18	ㄕㄢ ㄑㄧˊ ㄐㄧㄢˋ	動漫	學生會的一存
李娜莉李	14	ㄌㄧˇ ㄋㄚˋ ㄌㄧˋ ㄌㄧˇ	動漫	驅魔少年
李小狼	17	ㄌㄧˇ ㄒㄧㄠˇ ㄌㄤˊ	動漫	庫洛魔法使
李月龍	16	ㄌㄧˇ ㄩㄝˋ ㄌㄨㄥˊ	動漫	BANANA FISH
李牧	11	ㄌㄧˇ ㄇㄨˋ	動漫	王者天下
村坂梓	12	ㄘㄨㄣ ㄅㄢˇ ㄗˇ	動漫	orange橘色奇蹟
村尾修子	13	ㄘㄨㄣ ㄨㄟˇ ㄒㄧㄡ ㄗ˙	動漫	青春之旅
村重結月	13	ㄘㄨㄣ ㄓㄨㄥˋ ㄐㄧㄝˊ ㄩㄝˋ	動漫	躍動青春
村野里美	16	ㄘㄨㄣ ㄧㄝˇ ㄌㄧˇ ㄇㄟˇ	動漫	寄生獸
村長	48	ㄘㄨㄣ ㄓㄤˇ	動漫	荒川爆笑團
杜山詩惠美	14	ㄉㄨˋ ㄕㄢ ㄕ ㄏㄨㄟˋ ㄇㄟˇ	動漫	青之驅魔師
杜拉瓦利	20	ㄉㄨˋ ㄌㄚ ㄨㄚˇ ㄌㄧˋ	動漫	零之使魔
杜諾爾	11	ㄉㄨˋ ㄋㄨㄛˋ ㄦˇ	動漫	小魔女學園
杰哈	13	ㄐㄧㄝˊ ㄏㄚ	動漫	晨曦公主
東京卍會	14	ㄉㄨㄥ ㄐㄧㄥ ㄨㄢˋ ㄏㄨㄟˋ	動漫	東京復仇者
東京喰種	23	ㄉㄨㄥ ㄐㄧㄥ ㄘㄢ ㄓㄨㄥˇ	動漫	東京喰種
東京復仇者	24	ㄉㄨㄥ ㄐㄧㄥ ㄈㄨˋ ㄔㄡˊ ㄓㄜˇ	動漫	東京復仇者
東和馬	16	ㄉㄨㄥ ㄏㄜˊ ㄇㄚˇ	動漫	烘焙王
東堂盡八	11	ㄉㄨㄥ ㄊㄤˊ ㄐㄧㄣˋ ㄅㄚ	動漫	飆速宅男
東方仗助	16	ㄉㄨㄥ ㄈㄤ ㄓㄤˋ ㄓㄨˋ	動漫	JOJO的奇妙冒險
東條希	10	ㄉㄨㄥ ㄊㄧㄠˊ ㄒㄧ	動漫	Love Live!
東雲名乃	14	ㄉㄨㄥ ㄩㄣˊ ㄇㄧㄥˊ ㄋㄞˇ	動漫	日常
松前緒花	17	ㄙㄨㄥ ㄑㄧㄢˊ ㄒㄩˋ ㄏㄨㄚ	動漫	花開物語
松岡凜	14	ㄙㄨㄥ ㄍㄤ ㄌㄧㄣˇ	動漫	Free!男子游泳部
松浦果南	15	ㄙㄨㄥ ㄆㄨˇ ㄍㄨㄛˇ ㄋㄢˊ	動漫	Love Live! Sunshine!!
松野千冬	13	ㄙㄨㄥ ㄧㄝˇ ㄑㄧㄢ ㄉㄨㄥ	動漫	東京復仇者
松雪集	15	ㄙㄨㄥ ㄒㄩㄝˇ ㄐㄧˊ	動漫	未聞花名
林克斯	18	ㄌㄧㄣˊ ㄎㄜˋ ㄙ	動漫	機動戰士鋼彈UC
林田奈奈	14	ㄌㄧㄣˊ ㄊㄧㄢˊ ㄋㄞˋ ㄋㄞˋ	動漫	青春紀行
架印	10	ㄐㄧㄚˋ ㄧㄣˋ	動漫	境界之輪迴
柊司	15	ㄓㄨㄥ ㄙ	動漫	幸運☆星
柊鏡	17	ㄓㄨㄥ ㄐㄧㄥˋ	動漫	幸運☆星
柏崎茜	9	ㄅㄛˊ ㄑㄧˊ ㄑㄧㄢˋ	動漫	強風吹拂
柚子	19	ㄧㄡˋ ㄗ˙	動漫	我們這一家
柯魯特奧	14	ㄎㄜ ㄌㄨˇ ㄊㄜˋ ㄠˋ	動漫	91Days
柳之	15	ㄌㄧㄡˇ ㄓ	動漫	異修羅
柳澤光央	12	ㄌㄧㄡˇ ㄗㄜˊ ㄍㄨㄤ ㄧㄤ	動漫	青春紀行
柿花	16	ㄕˋ ㄏㄨㄚ	動漫	奇巧計程車
栗原萬里	9	ㄌㄧˋ ㄩㄢˊ ㄨㄢˋ ㄌㄧˇ	動漫	監獄學園
校園	20	ㄒㄧㄠˋ ㄩㄢˊ	動漫	校園迷糊大王
根島由佳吏	16	ㄍㄣ ㄉㄠˇ ㄧㄡˊ ㄐㄧㄚ ㄌㄧˋ	動漫	戀愛與謊言
根津讓二	12	ㄍㄣ ㄐㄧㄣ ㄖㄤˋ ㄦˋ	動漫	監獄學園
格蕾	17	ㄍㄜˊ ㄌㄟˇ	動漫	終末的女武神
格雷	26	ㄍㄜˊ ㄌㄟˊ	動漫	FAIRY TAIL魔導少年
格雷拉特	22	ㄍㄜˊ ㄌㄟˊ ㄌㄚ ㄊㄜˋ	動漫	無職轉生
桂小太郎	12	ㄍㄨㄟˋ ㄒㄧㄠˇ ㄊㄞˋ ㄌㄤˊ	動漫	銀魂
桂木彌子	15	ㄍㄨㄟˋ ㄇㄨˋ ㄇㄧˊ ㄗ˙	動漫	魔人偵探腦嚙涅羅
桂雛菊	13	ㄍㄨㄟˋ ㄔㄨˊ ㄐㄩˊ	動漫	旋風管家
桃喰綺羅莉	14	ㄊㄠˊ ㄘㄢ ㄑㄧˇ ㄌㄨㄛˊ ㄌㄧˋ	動漫	狂賭之淵
桃園奈奈生	20	ㄊㄠˊ ㄩㄢˊ ㄋㄞˋ ㄋㄞˋ ㄕㄥ	動漫	元氣少女緣結神
桃太郎	9	ㄊㄠˊ ㄊㄞˋ ㄌㄤˊ	動漫	鬼燈的冷徹
桃源暗鬼	19	ㄊㄠˊ ㄩㄢˊ ㄢˋ ㄍㄨㄟˇ	動漫	桃源暗鬼
桃瀨成海	20	ㄊㄠˊ ㄌㄞˋ ㄔㄥˊ ㄏㄞˇ	動漫	宅男腐女戀愛真難
桐人	24	ㄊㄨㄥˊ ㄖㄣˊ	動漫	刀劍神域
桐山零	20	ㄊㄨㄥˊ ㄕㄢ ㄌㄧㄥˊ	動漫	3月的獅子
桐敷沙子	12	ㄊㄨㄥˊ ㄈㄨ ㄕㄚ ㄗ˙	動漫	屍鬼
桐生剎那	12	ㄊㄨㄥˊ ㄕㄥ ㄔㄚˋ ㄋㄚˋ	動漫	拳願阿修羅
桐谷和人	22	ㄊㄨㄥˊ ㄍㄨˇ ㄏㄜˊ ㄖㄣˊ	動漫	刀劍神域
桐谷直葉	16	ㄊㄨㄥˊ ㄍㄨˇ ㄓˊ ㄧㄝˋ	動漫	刀劍神域
桐間紗路	11	ㄊㄨㄥˊ ㄐㄧㄢ ㄕㄚ ㄌㄨˋ	動漫	請問您今天要來點兔子嗎？
桑原和真	18	ㄙㄤ ㄩㄢˊ ㄏㄜˊ ㄓㄣ	動漫	幽遊白書
桔梗	9	ㄐㄧㄝˊ ㄍㄥˇ	動漫	犬夜叉
梅宮一	17	ㄇㄟˊ ㄍㄨㄥ ㄧ	動漫	WIND BREAKER防風少年
梅茵	19	ㄇㄟˊ ㄧㄣ	動漫	小書痴的下剋上
梅菲斯特	11	ㄇㄟˊ ㄈㄟ ㄙ ㄊㄜˋ	動漫	青之驅魔師
梅迪西斯	16	ㄇㄟˊ ㄉㄧˊ ㄒㄧ ㄙ	動漫	異世界藥局
梅里奧達斯	20	ㄇㄟˊ ㄌㄧˇ ㄠˋ ㄉㄚˊ ㄙ	動漫	七大罪
梅麗莎毛	11	ㄇㄟˊ ㄌㄧˋ ㄕㄚ ㄇㄠˊ	動漫	驚爆危機
梓川咲太	20	ㄗˇ ㄔㄨㄢ ㄒㄧㄠˋ ㄊㄞˋ	動漫	青春豬頭少年不會夢到兔女郎學姊
梓川月乃	12	ㄗˇ ㄔㄨㄢ ㄩㄝˋ ㄋㄞˇ	動漫	烘焙王
梨花妃	13	ㄌㄧˊ ㄏㄨㄚ ㄈㄟ	動漫	藥師少女的獨語
梶秋彥	12	ㄨㄟˇ ㄑㄧㄡ ㄧㄢˋ	動漫	Given被贈與的未來
棋靈王	22	ㄑㄧˊ ㄌㄧㄥˊ ㄨㄤˊ	動漫	棋靈王
棒球大聯盟	20	ㄅㄤˋ ㄑㄧㄡˊ ㄉㄚˋ ㄌㄧㄢˊ ㄇㄥˊ	動漫	棒球大聯盟
棗恭介	14	ㄗㄠˇ ㄍㄨㄥ ㄐㄧㄝˋ	動漫	Little Busters!
棗鈴	15	ㄗㄠˇ ㄌㄧㄥˊ	動漫	Little Busters!
森之宮羊子	10	ㄙㄣ ㄓ ㄍㄨㄥ ㄧㄤˊ ㄗ˙	動漫	學園奶爸
森嶋帆高	23	ㄙㄣ ㄉㄠˇ ㄈㄢˊ ㄍㄠ	動漫	天氣之子
森田忍	11	ㄙㄣ ㄊㄧㄢˊ ㄖㄣˇ	動漫	蜂蜜幸運草
森羅日下部	20	ㄙㄣ ㄌㄨㄛˊ ㄖˋ ㄒㄧㄚˋ ㄅㄨˋ	動漫	炎炎消防隊
植野直花	15	ㄓˊ ㄧㄝˇ ㄓˊ ㄏㄨㄚ	動漫	聲之形
椎名深夏	12	ㄓㄨㄟ ㄇㄧㄥˊ ㄕㄣ ㄒㄧㄚˋ	動漫	學生會的一存
椎名真冬	11	ㄓㄨㄟ ㄇㄧㄥˊ ㄓㄣ ㄉㄨㄥ	動漫	學生會的一存
楓子	11	ㄈㄥ ㄗ˙	動漫	加速世界
楡井秋彥	12	ㄩˊ ㄐㄧㄥˇ ㄑㄧㄡ ㄧㄢˋ	動漫	WIND BREAKER防風少年
榊原恆一	18	ㄕㄣˊ ㄩㄢˊ ㄏㄥˊ ㄧ	動漫	Another
榊逸仁	12	ㄕㄣˊ ㄧˋ ㄖㄣˊ	動漫	宇崎學妹想要玩！
槙島聖護	17	ㄉㄧㄢ ㄉㄠˇ ㄕㄥˋ ㄏㄨˋ	動漫	PSYCHO-PASS心靈判官
槙田悠里	14	ㄉㄧㄢ ㄊㄧㄢˊ ㄧㄡ ㄌㄧˇ	動漫	青春之旅
樞木朱雀	20	ㄕㄨ ㄇㄨˋ ㄓㄨ ㄑㄩㄝˋ	動漫	Code Geass反叛的魯路修
樺倉太郎	13	ㄏㄨㄚˋ ㄘㄤ ㄊㄞˋ ㄌㄤˊ	動漫	宅男腐女戀愛真難
橘子	117	ㄐㄩˊ ㄗ˙	動漫	我們這一家
橘真琴	16	ㄐㄩˊ ㄓㄣ ㄑㄧㄣˊ	動漫	Free!男子游泳部
機動戰士	26	ㄐㄧ ㄉㄨㄥˋ ㄓㄢˋ ㄕˋ	動漫	機動戰士鋼彈SEED
機器人	13	ㄐㄧ ㄑㄧˋ ㄖㄣˊ	動漫	PLUTO冥王
機巧	19	ㄐㄧ ㄑㄧㄠˇ	動漫	機巧少女不會受傷
櫛枝實乃梨	17	ㄐㄧㄝˊ ㄓ ㄕˊ ㄋㄞˇ ㄌㄧˊ	動漫	龍與虎
櫻井桃子	13	ㄧㄥ ㄐㄧㄥˇ ㄊㄠˊ ㄗ˙	動漫	前輩有夠煩
櫻井真一	15	ㄧㄥ ㄐㄧㄥˇ ㄓㄣ ㄧ	動漫	宇崎學妹想要玩！
櫻內梨子	17	ㄧㄥ ㄋㄟˋ ㄌㄧˊ ㄗ˙	動漫	Love Live! Sunshine!!
櫻島麻衣	17	ㄧㄥ ㄉㄠˇ ㄇㄚˊ ㄧ	動漫	青春豬頭少年不會夢到兔女郎學姊
櫻川九郎	16	ㄧㄥ ㄔㄨㄢ ㄐㄧㄡˇ ㄌㄤˊ	動漫	虛構推理
櫻木花道	25	ㄧㄥ ㄇㄨˋ ㄏㄨㄚ ㄉㄠˋ	動漫	灌籃高手
櫻澤墨	11	ㄧㄥ ㄗㄜˊ ㄇㄛˋ	動漫	租借女友
櫻田妮妮	13	ㄧㄥ ㄊㄧㄢˊ ㄋㄧˊ ㄋㄧˊ	動漫	蠟筆小新
櫻田實和子	13	ㄧㄥ ㄊㄧㄢˊ ㄕˊ ㄏㄜˊ ㄗ˙	動漫	天堂之吻
櫻蘭	23	ㄧㄥ ㄌㄢˊ	動漫	櫻蘭高校男公關部
櫻遙	20	ㄧㄥ ㄧㄠˊ	動漫	WIND BREAKER防風少年
櫻野栗夢	15	ㄧㄥ ㄧㄝˇ ㄌㄧˋ ㄇㄥˋ	動漫	學生會的一存
欣梅爾	16	ㄒㄧㄣ ㄇㄟˊ ㄦˇ	動漫	葬送的芙莉蓮
欺負我	20	ㄑㄧ ㄈㄨˋ ㄨㄛˇ	動漫	不要欺負我，長瀞同學
歐爾麥特	14	ㄡ ㄦˇ ㄇㄞˋ ㄊㄜˋ	動漫	我的英雄學院
歐畢	11	ㄡ ㄅㄧˋ	動漫	赤髮白雪姬
歐索娜	15	ㄡ ㄙㄨㄛˇ ㄋㄚˋ	動漫	魔女宅急便
武之內空	17	ㄨˇ ㄓ ㄋㄟˋ ㄎㄨㄥ	動漫	數碼寶貝大冒險
武內樹	15	ㄨˇ ㄋㄟˋ ㄕㄨˋ	動漫	頭文字D
武田晴海	15	ㄨˇ ㄊㄧㄢˊ ㄑㄧㄥˊ ㄏㄞˇ	動漫	前輩有夠煩
武藏	12	ㄨˇ ㄗㄤˋ	動漫	寶可夢
武藤遊戲	22	ㄨˇ ㄊㄥˊ ㄧㄡˊ ㄒㄧˋ	動漫	遊戲王
武裝偵探社	14	ㄨˇ ㄓㄨㄤ ㄓㄣ ㄊㄢˋ ㄕㄜˋ	動漫	文豪Stray Dogs
死亡回歸	15	ㄙˇ ㄨㄤˊ ㄏㄨㄟˊ ㄍㄨㄟ	動漫	Re:從零開始的異世界生活
死亡筆記本	26	ㄙˇ ㄨㄤˊ ㄅㄧˇ ㄐㄧˋ ㄅㄣˇ	動漫	死亡筆記本
死亡遊戲	19	ㄙˇ ㄨㄤˊ ㄧㄡˊ ㄒㄧˋ	動漫	屍體如山的死亡遊戲
死後世界	13	ㄙˇ ㄏㄡˋ ㄕˋ ㄐㄧㄝˋ	動漫	Angel Beats!
死柄木弔	11	ㄙˇ ㄅㄧㄥˇ ㄇㄨˋ ㄉㄧㄠˋ	動漫	我的英雄學院
死氣之炎	13	ㄙˇ ㄑㄧˋ ㄓ ㄧㄢˊ	動漫	家庭教師HITMAN REBORN!
死神	25	ㄙˇ ㄕㄣˊ	動漫	境界之輪迴
死神之子	10	ㄙˇ ㄕㄣˊ ㄓ ㄗˇ	動漫	噬魂者
死靈術士	11	ㄙˇ ㄌㄧㄥˊ ㄕㄨˋ ㄕˋ	動漫	屍體如山的死亡遊戲
殭屍少女	10	ㄐㄧㄤ ㄕ ㄕㄠˋ ㄋㄩˇ	動漫	散華禮彌
殺手	130	ㄕㄚ ㄕㄡˇ	動漫	坂本日常
殺手T細胞	15	ㄕㄚ ㄕㄡˇ T ㄒㄧˋ ㄅㄠ	動漫	工作細胞
殺生丸	17	ㄕㄚ ㄕㄥ ㄨㄢˊ	動漫	犬夜叉
殺老師	22	ㄕㄚ ㄌㄠˇ ㄕ	動漫	暗殺教室
殿下	20	ㄉㄧㄢˋ ㄒㄧㄚˋ	動漫	擅長逃跑的殿下
比企谷八幡	20	ㄅㄧˇ ㄑㄧˋ ㄍㄨˇ ㄅㄚ ㄈㄢ	動漫	果然我的青春戀愛喜劇搞錯了
比克	15	ㄅㄧˇ ㄎㄜˋ	動漫	七龍珠
比利	143	ㄅㄧˇ ㄌㄧˋ	動漫	不死不運
比宇宙	22	ㄅㄧˇ ㄩˇ ㄓㄡˋ	動漫	比宇宙更遠的地方
比良平千咲	14	ㄅㄧˇ ㄌㄧㄤˊ ㄆㄧㄥˊ ㄑㄧㄢ ㄒㄧㄠˋ	動漫	來自風平浪靜的明日
比良拓海	13	ㄅㄧˇ ㄌㄧㄤˊ ㄊㄨㄛˋ ㄏㄞˇ	動漫	月色真美
毛利小五郎	17	ㄇㄠˊ ㄌㄧˋ ㄒㄧㄠˇ ㄨˇ ㄌㄤˊ	動漫	名偵探柯南
毛利蘭	19	ㄇㄠˊ ㄌㄧˋ ㄌㄢˊ	動漫	名偵探柯南
水上麻衣	16	ㄕㄨㄟˇ ㄕㄤˋ ㄇㄚˊ ㄧ	動漫	日常
水原千鶴	15	ㄕㄨㄟˇ ㄩㄢˊ ㄑㄧㄢ ㄏㄜˋ	動漫	租借女友
水島太太	14	ㄕㄨㄟˇ ㄉㄠˇ ㄊㄞˋ ㄊㄞˋ	動漫	我們這一家
水崎燕	14	ㄕㄨㄟˇ ㄑㄧˊ ㄧㄢˋ	動漫	別對映像研出手！
水果籃子	24	ㄕㄨㄟˇ ㄍㄨㄛˇ ㄌㄢˊ ㄗ˙	動漫	水果籃子
水準	13	ㄕㄨㄟˇ ㄓㄨㄣˇ	動漫	PLUTO冥王
水瀨伊織	10	ㄕㄨㄟˇ ㄌㄞˋ ㄧ ㄓ	動漫	偶像大師
水瀨名雪	13	ㄕㄨㄟˇ ㄌㄞˋ ㄇㄧㄥˊ ㄒㄩㄝˇ	動漫	Kanon
水篠颯太	18	ㄕㄨㄟˇ ㄒㄧㄠˇ ㄙㄚˋ ㄊㄞˋ	動漫	Re:CREATORS
水谷雫	18	ㄕㄨㄟˇ ㄍㄨˇ ㄋㄚˇ	動漫	鄰座的怪同學
水野亞美	20	ㄕㄨㄟˇ ㄧㄝˇ ㄧㄚˇ ㄇㄟˇ	動漫	美少女戰士
水野愛	15	ㄕㄨㄟˇ ㄧㄝˇ ㄞˋ	動漫	佐賀偶像是傳奇
水野茜	15	ㄕㄨㄟˇ ㄧㄝˇ ㄑㄧㄢˋ	動漫	月色真美
水鏡凍季也	10	ㄕㄨㄟˇ ㄐㄧㄥˋ ㄉㄨㄥˋ ㄐㄧˋ ㄧㄝˇ	動漫	烈火之炎
永恆	25	ㄩㄥˇ ㄏㄥˊ	動漫	紫羅蘭永恆花園
永瀨嵐	11	ㄩㄥˇ ㄌㄞˋ ㄌㄢˊ	動漫	天堂之吻
永遠	17	ㄩㄥˇ ㄩㄢˇ	動漫	名偵探柯南
江戶川亂步	11	ㄐㄧㄤ ㄏㄨˋ ㄔㄨㄢ ㄌㄨㄢˋ ㄅㄨˋ	動漫	文豪Stray Dogs
江戶川柯南	25	ㄐㄧㄤ ㄏㄨˋ ㄔㄨㄢ ㄎㄜ ㄋㄢˊ	動漫	名偵探柯南
江頭美嘉	14	ㄐㄧㄤ ㄊㄡˊ ㄇㄟˇ ㄐㄧㄚ	動漫	躍動青春
池澤佳主馬	13	ㄔˊ ㄗㄜˊ ㄐㄧㄚ ㄓㄨˇ ㄇㄚˇ	動漫	夏日大作戰
池袋	8	ㄔˊ ㄉㄞˋ	動漫	無頭騎士異聞錄DuRaRaRa!!
決定	16	ㄐㄩㄝˊ ㄉㄧㄥˋ	動漫	寶可夢
沖田總司	11	ㄔㄨㄥ ㄊㄧㄢˊ ㄗㄨㄥˇ ㄙ	動漫	青之壬生浪
沖田總悟	14	ㄔㄨㄥ ㄊㄧㄢˊ ㄗㄨㄥˇ ㄨˋ	動漫	銀魂
沙織巴吉納	13	ㄕㄚ ㄓ ㄅㄚ ㄐㄧˊ ㄋㄚˋ	動漫	我的妹妹哪有這麼可愛
河了貂	16	ㄏㄜˊ ㄌㄜ˙ ㄉㄧㄠ	動漫	王者天下
河內恭介	14	ㄏㄜˊ ㄋㄟˋ ㄍㄨㄥ ㄐㄧㄝˋ	動漫	烘焙王
河原	16	ㄏㄜˊ ㄩㄢˊ	動漫	你的名字
河螢多朗	18	ㄏㄜˊ ㄧㄥˊ ㄉㄨㄛ ㄌㄤˇ	動漫	黑暗集會
泉光子郎	15	ㄑㄩㄢˊ ㄍㄨㄤ ㄗˇ ㄌㄤˊ	動漫	數碼寶貝大冒險
泉孝介	9	ㄑㄩㄢˊ ㄒㄧㄠˋ ㄐㄧㄝˋ	動漫	王牌投手振臂高揮
泉新一	21	ㄑㄩㄢˊ ㄒㄧㄣ ㄧ	動漫	寄生獸
泉此方	20	ㄑㄩㄢˊ ㄘˇ ㄈㄤ	動漫	幸運☆星
泉鏡花	10	ㄑㄩㄢˊ ㄐㄧㄥˋ ㄏㄨㄚ	動漫	文豪Stray Dogs
法拉第	8	ㄈㄚˇ ㄌㄚ ㄉㄧˋ	動漫	Cyberpunk: Edgerunners
法蘭秀秀	13	ㄈㄚˇ ㄌㄢˊ ㄒㄧㄡˋ ㄒㄧㄡˋ	動漫	佐賀偶像是傳奇
法蘭西	20	ㄈㄚˇ ㄌㄢˊ ㄒㄧ	動漫	零之使魔
法馬	16	ㄈㄚˇ ㄇㄚˇ	動漫	異世界藥局
波奇塔	12	ㄅㄛ ㄑㄧˊ ㄊㄚˇ	動漫	鏈鋸人
波妞	25	ㄅㄛ ㄋㄧㄡ	動漫	崖上的波妞
波德萊爾	15	ㄅㄛ ㄉㄜˊ ㄌㄞˊ ㄦˇ	動漫	紫羅蘭永恆花園
波爾卡	17	ㄅㄛ ㄦˇ ㄎㄚˇ	動漫	屍體如山的死亡遊戲
泰斯塔羅莎	14	ㄊㄞˋ ㄙ ㄊㄚˇ ㄌㄨㄛˊ ㄕㄚ	動漫	驚爆危機
泰莎	14	ㄊㄞˋ ㄕㄚ	動漫	驚爆危機
洛伊德佛傑	24	ㄌㄨㄛˋ ㄧ ㄉㄜˊ ㄈㄛˊ ㄐㄧㄝˊ	動漫	SPY×FAMILY間諜家家酒
洛克昂	17	ㄌㄨㄛˋ ㄎㄜˋ ㄤˊ	動漫	機動戰士鋼彈00
洛基	25	ㄌㄨㄛˋ ㄐㄧ	動漫	機巧少女不會受傷
洛夫	17	ㄌㄨㄛˋ ㄈㄨ	動漫	不時輕聲地以俄語遮羞的鄰座艾莉同學
洛琪希	19	ㄌㄨㄛˋ ㄑㄧˊ ㄒㄧ	動漫	無職轉生
洛蒂楊森	16	ㄌㄨㄛˋ ㄉㄧˋ ㄧㄤˊ ㄙㄣ	動漫	小魔女學園
津島善子	10	ㄐㄧㄣ ㄉㄠˇ ㄕㄢˋ ㄗ˙	動漫	Love Live! Sunshine!!
津田隆利	18	ㄐㄧㄣ ㄊㄧㄢˊ ㄌㄨㄥˊ ㄌㄧˋ	動漫	妄想學生會
活下去	46	ㄏㄨㄛˊ ㄒㄧㄚˋ ㄑㄩˋ	動漫	魔法公主
活出	13	ㄏㄨㄛˊ ㄔㄨ	動漫	蒼鷺與少年
流川楓	22	ㄌㄧㄡˊ ㄔㄨㄢ ㄈㄥ	動漫	灌籃高手
浦飯幽助	21	ㄆㄨˇ ㄈㄢˋ ㄧㄡ ㄓㄨˋ	動漫	幽遊白書
海因里	15	ㄏㄞˇ ㄧㄣ ㄌㄧˇ	動漫	MONSTER
海坊主	14	ㄏㄞˇ ㄈㄤ ㄓㄨˇ	動漫	怪化貓
海塔	14	ㄏㄞˇ ㄊㄚˇ	動漫	葬送的芙莉蓮
海村	12	ㄏㄞˇ ㄘㄨㄣ	動漫	來自風平浪靜的明日
海藤瞬	17	ㄏㄞˇ ㄊㄥˊ ㄕㄨㄣˋ	動漫	齊木楠雄的災難
海貓	19	ㄏㄞˇ ㄇㄠ	動漫	海貓鳴泣之時
海賊王	16	ㄏㄞˇ ㄗㄟˊ ㄨㄤˊ	動漫	航海王
海馬瀨人	17	ㄏㄞˇ ㄇㄚˇ ㄌㄞˋ ㄖㄣˊ	動漫	遊戲王
涼宮春日	26	ㄌㄧㄤˊ ㄍㄨㄥ ㄔㄨㄣ ㄖˋ	動漫	涼宮春日的憂鬱
涼風青葉	18	ㄌㄧㄤˊ ㄈㄥ ㄑㄧㄥ ㄧㄝˋ	動漫	NEW GAME!
淀治	23	ㄉㄧㄢˋ ㄓˋ	動漫	鏈鋸人
深不可測	19	ㄕㄣ ㄅㄨˋ ㄎㄜˇ ㄘㄜˋ	動漫	阿波連同學深不可測
深淵	40	ㄕㄣ ㄩㄢ	動漫	來自深淵
深澄真	17	ㄕㄣ ㄔㄥˊ ㄓㄣ	動漫	月光下的異世界之旅
淺右	17	ㄑㄧㄢˇ ㄧㄡˋ	動漫	地獄樂
淺草綠	18	ㄑㄧㄢˇ ㄘㄠˇ ㄌㄩˋ	動漫	別對映像研出手！
清峰葉流火	18	ㄑㄧㄥ ㄈㄥ ㄧㄝˋ ㄌㄧㄡˊ ㄏㄨㄛˇ	動漫	失憶投捕
清水惠	11	ㄑㄧㄥ ㄕㄨㄟˇ ㄏㄨㄟˋ	動漫	屍鬼
清水薰	14	ㄑㄧㄥ ㄕㄨㄟˇ ㄒㄩㄣ	動漫	棒球大聯盟
清瀧桂香	10	ㄑㄧㄥ ㄌㄨㄥˊ ㄍㄨㄟˋ ㄒㄧㄤ	動漫	龍王的工作！
清瀨灰二	15	ㄑㄧㄥ ㄌㄞˋ ㄏㄨㄟ ㄦˋ	動漫	強風吹拂
渚薰	14	ㄓㄨˇ ㄒㄩㄣ	動漫	新世紀福音戰士
渡久地東亞	18	ㄉㄨˋ ㄐㄧㄡˇ ㄉㄧˋ ㄉㄨㄥ ㄧㄚˇ	動漫	ONE OUTS超智遊戲
渡亮太	15	ㄉㄨˋ ㄌㄧㄤˋ ㄊㄞˋ	動漫	四月是你的謊言
渡邊曜	12	ㄉㄨˋ ㄅㄧㄢ ㄧㄠˋ	動漫	Love Live! Sunshine!!
渡邊瑠果	14	ㄉㄨˋ ㄅㄧㄢ ㄌㄧㄡˊ ㄍㄨㄛˇ	動漫	龍與雀斑公主
測驗	22	ㄘㄜˋ ㄧㄢˋ	動漫	笨蛋，測驗，召喚獸
湊友希那	10	ㄘㄡˋ ㄧㄡˇ ㄒㄧ ㄋㄚˋ	動漫	BanG Dream!
湯婆婆	19	ㄊㄤ ㄆㄛˊ ㄆㄛˊ	動漫	神隱少女
源光	15	ㄩㄢˊ ㄍㄨㄤ	動漫	地縛少年花子君
源櫻	20	ㄩㄢˊ ㄧㄥ	動漫	佐賀偶像是傳奇
源輝	13	ㄩㄢˊ ㄏㄨㄟ	動漫	地縛少年花子君
溝通	23	ㄍㄡ ㄊㄨㄥ	動漫	古見同學是溝通魯蛇
溫帕雷特	17	ㄨㄣ ㄆㄚˋ ㄌㄟˊ ㄊㄜˋ	動漫	轉生王女與天才千金的魔法革命
溫水和彥	20	ㄨㄣ ㄕㄨㄟˇ ㄏㄜˊ ㄧㄢˋ	動漫	敗北女角太多了
溫莉	14	ㄨㄣ ㄌㄧˋ	動漫	鋼之鍊金術師
溫蒂瑪貝爾	11	ㄨㄣ ㄉㄧˋ ㄇㄚˇ ㄅㄟˋ ㄦˇ	動漫	FAIRY TAIL魔導少年
滿艦飾真子	15	ㄇㄢˇ ㄐㄧㄢˋ ㄕˋ ㄓㄣ ㄗ˙	動漫	KILL la KILL
漢吉佐耶	13	ㄏㄢˋ ㄐㄧˊ ㄗㄨㄛˇ ㄧㄝ	動漫	進擊的巨人
漩渦鳴人	25	ㄒㄩㄢˊ ㄨㄛ ㄇㄧㄥˊ ㄖㄣˊ	動漫	火影忍者
漫畫	21	ㄇㄢˋ ㄏㄨㄚˋ	動漫	情色漫畫老師
潔世一	23	ㄐㄧㄝˊ ㄕˋ ㄧ	動漫	藍色監獄
潘希魯貢	17	ㄆㄢ ㄒㄧ ㄌㄨˇ ㄍㄨㄥˋ	動漫	香格里拉・開拓異境
潘德拉剛	21	ㄆㄢ ㄉㄜˊ ㄌㄚ ㄍㄤ	動漫	Fate/stay night
潘朵拉之心	20	ㄆㄢ ㄉㄨㄛˇ ㄌㄚ ㄓ ㄒㄧㄣ	動漫	潘朵拉之心
潮田渚	19	ㄔㄠˊ ㄊㄧㄢˊ ㄓㄨˇ	動漫	暗殺教室
澀谷凜	15	ㄙㄜˋ ㄍㄨˇ ㄌㄧㄣˇ	動漫	偶像大師灰姑娘女孩
澤村大地	18	ㄗㄜˊ ㄘㄨㄣ ㄉㄚˋ ㄉㄧˋ	動漫	排球少年
澤村榮純	19	ㄗㄜˊ ㄘㄨㄣ ㄖㄨㄥˊ ㄔㄨㄣˊ	動漫	鑽石王牌
澤渡真琴	11	ㄗㄜˊ ㄉㄨˋ ㄓㄣ ㄑㄧㄣˊ	動漫	Kanon
澤田綱吉	20	ㄗㄜˊ ㄊㄧㄢˊ ㄍㄤ ㄐㄧˊ	動漫	家庭教師HITMAN REBORN!
澤諾	10	ㄗㄜˊ ㄋㄨㄛˋ	動漫	晨曦公主
澤近愛理	14	ㄗㄜˊ ㄐㄧㄣˋ ㄞˋ ㄌㄧˇ	動漫	校園迷糊大王
澤部椿	17	ㄗㄜˊ ㄅㄨˋ ㄔㄨㄣ	動漫	四月是你的謊言
濱岡梓	12	ㄅㄧㄣ ㄍㄤ ㄗˇ	動漫	碧藍之海
瀧本日富美	12	ㄌㄨㄥˊ ㄅㄣˇ ㄖˋ ㄈㄨˋ ㄇㄟˇ	動漫	NEW GAME!
瀨尾結月	14	ㄌㄞˋ ㄨㄟˇ ㄐㄧㄝˊ ㄩㄝˋ	動漫	月刊少女野崎同學
瀨川音符	13	ㄌㄞˋ ㄔㄨㄢ ㄧㄣ ㄈㄨˊ	動漫	小魔女DoReMi
灌籃高手	28	ㄍㄨㄢˋ ㄌㄢˊ ㄍㄠ ㄕㄡˇ	動漫	灌籃高手
火影	17	ㄏㄨㄛˇ ㄧㄥˇ	動漫	火影忍者
火影忍者	8	ㄏㄨㄛˇ ㄧㄥˇ ㄖㄣˇ ㄓㄜˇ	動漫	火影忍者
火星騎士	11	ㄏㄨㄛˇ ㄒㄧㄥ ㄑㄧˊ ㄕˋ	動漫	ALDNOAH.ZERO
火神大我	18	ㄏㄨㄛˇ ㄕㄣˊ ㄉㄚˋ ㄨㄛˇ	動漫	黑子的籃球
火箭隊	13	ㄏㄨㄛˇ ㄐㄧㄢˋ ㄉㄨㄟˋ	動漫	寶可夢
火野麗	17	ㄏㄨㄛˇ ㄧㄝˇ ㄌㄧˋ	動漫	美少女戰士
火龍	34	ㄏㄨㄛˇ ㄌㄨㄥˊ	動漫	烈火之炎
灰原哀	15	ㄏㄨㄟ ㄩㄢˊ ㄞ	動漫	名偵探柯南
灰姑娘	21	ㄏㄨㄟ ㄍㄨ ㄋㄧㄤˊ	動漫	偶像大師灰姑娘女孩
灰姑娘女孩	12	ㄏㄨㄟ ㄍㄨ ㄋㄧㄤˊ ㄋㄩˇ ㄏㄞˊ	動漫	偶像大師灰姑娘女孩
灰狼	14	ㄏㄨㄟ ㄌㄤˊ	動漫	GOSICK
灼眼的夏娜	23	ㄓㄨㄛˊ ㄧㄢˇ ㄉㄜ˙ ㄒㄧㄚˋ ㄋㄚˋ	動漫	灼眼的夏娜
災難	24	ㄗㄞ ㄋㄢˋ	動漫	齊木楠雄的災難
炎炎消防隊	22	ㄧㄢˊ ㄧㄢˊ ㄒㄧㄠ ㄈㄤˊ ㄉㄨㄟˋ	動漫	炎炎消防隊
為了	15	ㄨㄟˋ ㄌㄜ˙	動漫	小書痴的下剋上
烈海王	13	ㄌㄧㄝˋ ㄏㄞˇ ㄨㄤˊ	動漫	刃牙
烈火之炎	19	ㄌㄧㄝˋ ㄏㄨㄛˇ ㄓ ㄧㄢˊ	動漫	烈火之炎
烏斯	13	ㄨ ㄙ	動漫	黑色五葉草
烏蘭	15	ㄨ ㄌㄢˊ	動漫	PLUTO冥王
烏間惟臣	13	ㄨ ㄐㄧㄢ ㄨㄟˊ ㄔㄣˊ	動漫	暗殺教室
烏龍派出所	26	ㄨ ㄌㄨㄥˊ ㄆㄞˋ ㄔㄨ ㄙㄨㄛˇ	動漫	烏龍派出所
烏龍茶	23	ㄨ ㄌㄨㄥˊ ㄔㄚˊ	動漫	碧藍之海
烘焙王	18	ㄏㄨㄥ ㄅㄟˋ ㄨㄤˊ	動漫	烘焙王
無慘	10	ㄨˊ ㄘㄢˇ	動漫	鬼滅之刃
無職轉生	24	ㄨˊ ㄓˊ ㄓㄨㄢˇ ㄕㄥ	動漫	無職轉生
無臉男	15	ㄨˊ ㄌㄧㄢˇ ㄋㄢˊ	動漫	神隱少女
無陀野無人	15	ㄨˊ ㄊㄨㄛˊ ㄧㄝˇ ㄨˊ ㄖㄣˊ	動漫	桃源暗鬼
無頭	22	ㄨˊ ㄊㄡˊ	動漫	無頭騎士異聞錄DuRaRaRa!!
煉獄杏壽郎	12	ㄌㄧㄢˋ ㄩˋ ㄒㄧㄥˋ ㄕㄡˋ ㄌㄤˊ	動漫	鬼滅之刃
煌大和	22	ㄏㄨㄤˊ ㄉㄚˋ ㄏㄜˊ	動漫	機動戰士鋼彈SEED
照橋心美	15	ㄓㄠˋ ㄑㄧㄠˊ ㄒㄧㄣ ㄇㄟˇ	動漫	齊木楠雄的災難
燃堂力	19	ㄖㄢˊ ㄊㄤˊ ㄌㄧˋ	動漫	齊木楠雄的災難
燃燒救火隊	11	ㄖㄢˊ ㄕㄠ ㄐㄧㄡˋ ㄏㄨㄛˇ ㄉㄨㄟˋ	動漫	PROMARE
燃燒的眼睛	13	ㄖㄢˊ ㄕㄠ ㄉㄜ˙ ㄧㄢˇ ㄐㄧㄥ	動漫	灼眼的夏娜
燒鹽檸檬	15	ㄕㄠ ㄧㄢˊ ㄋㄧㄥˊ ㄇㄥˊ	動漫	敗北女角太多了
爆裂魔法	15	ㄅㄠˋ ㄌㄧㄝˋ ㄇㄛˊ ㄈㄚˇ	動漫	為美好的世界獻上祝福
爆豪勝己	21	ㄅㄠˋ ㄏㄠˊ ㄕㄥˋ ㄐㄧˇ	動漫	我的英雄學院
爽子	13	ㄕㄨㄤˇ ㄗ˙	動漫	只想告訴你
爾梅	20	ㄦˇ ㄇㄟˊ	動漫	君主·埃爾梅羅二世事件簿
爾薩特	13	ㄦˇ ㄙㄚˋ ㄊㄜˋ	動漫	黑執事
片居誠	12	ㄆㄧㄢˋ ㄐㄩ ㄔㄥˊ	動漫	古見同學是溝通魯蛇
牛込里美	15	ㄋㄧㄡˊ ㄖㄨˋ ㄌㄧˇ ㄇㄟˇ	動漫	BanG Dream!
牧之原翔子	10	ㄇㄨˋ ㄓ ㄩㄢˊ ㄒㄧㄤˊ ㄗ˙	動漫	青春豬頭少年不會夢到兔女郎學姊
牧村美樹	14	ㄇㄨˋ ㄘㄨㄣ ㄇㄟˇ ㄕㄨˋ	動漫	DEVILMAN crybaby
牧村美樹男	12	ㄇㄨˋ ㄘㄨㄣ ㄇㄟˇ ㄕㄨˋ ㄋㄢˊ	動漫	DEVILMAN crybaby
牧真人	20	ㄇㄨˋ ㄓㄣ ㄖㄣˊ	動漫	蒼鷺與少年
牧野神奈	12	ㄇㄨˋ ㄧㄝˇ ㄕㄣˊ ㄋㄞˋ	動漫	玉子市場
物語系列	23	ㄨˋ ㄩˇ ㄒㄧˋ ㄌㄧㄝˋ	動漫	物語系列
特南克斯	10	ㄊㄜˋ ㄋㄢˊ ㄎㄜˋ ㄙ	動漫	七龍珠
特洛瓦巴頓	14	ㄊㄜˋ ㄌㄨㄛˋ ㄨㄚˇ ㄅㄚ ㄉㄨㄣˋ	動漫	新機動戰記鋼彈W
特洛耶特	15	ㄊㄜˋ ㄌㄨㄛˋ ㄧㄝ ㄊㄜˋ	動漫	ALDNOAH.ZERO
特級廚師	13	ㄊㄜˋ ㄐㄧˊ ㄔㄨˊ ㄕ	動漫	中華一番
特萊希	14	ㄊㄜˋ ㄌㄞˊ ㄒㄧ	動漫	Re:CREATORS
犬夜叉	25	ㄑㄩㄢˇ ㄧㄝˋ ㄔㄚ	動漫	犬夜叉
犬山葵	15	ㄑㄩㄢˇ ㄕㄢ ㄎㄨㄟˊ	動漫	搖曳露營
犯罪係數	14	ㄈㄢˋ ㄗㄨㄟˋ ㄒㄧˋ ㄕㄨˋ	動漫	PSYCHO-PASS心靈判官
犯罪卿	13	ㄈㄢˋ ㄗㄨㄟˋ ㄑㄧㄥ	動漫	憂國的莫里亞蒂
狂賭之淵	23	ㄎㄨㄤˊ ㄉㄨˇ ㄓ ㄩㄢ	動漫	狂賭之淵
狡嚙慎也	19	ㄐㄧㄠˇ ㄋㄧㄝˋ ㄕㄣˋ ㄧㄝˇ	動漫	PSYCHO-PASS心靈判官
狩房淡幽	15	ㄕㄡˋ ㄈㄤˊ ㄉㄢˋ ㄧㄡ	動漫	蟲師
狼少女	19	ㄌㄤˊ ㄕㄠˋ ㄋㄩˇ	動漫	狼少女與黑王子
狼的孩子	12	ㄌㄤˊ ㄉㄜ˙ ㄏㄞˊ ㄗ˙	動漫	狼的孩子雨和雪
狼與辛香料	23	ㄌㄤˊ ㄩˇ ㄒㄧㄣ ㄒㄧㄤ ㄌㄧㄠˋ	動漫	狼與辛香料
狼谷隼	13	ㄌㄤˊ ㄍㄨˇ ㄓㄨㄣˇ	動漫	學園奶爸
狼谷鷹	11	ㄌㄤˊ ㄍㄨˇ ㄧㄥ	動漫	學園奶爸
獄寺隼人	15	ㄩˋ ㄙˋ ㄓㄨㄣˇ ㄖㄣˊ	動漫	家庭教師HITMAN REBORN!
獅堂光	17	ㄕ ㄊㄤˊ ㄍㄨㄤ	動漫	魔法騎士雷阿斯
獅子王司	11	ㄕ ㄗ˙ ㄨㄤˊ ㄙ	動漫	Dr.STONE新石紀
獨語	24	ㄉㄨˊ ㄩˇ	動漫	藥師少女的獨語
獵人	142	ㄌㄧㄝˋ ㄖㄣˊ	動漫	獵人
獻上祝福	25	ㄒㄧㄢˋ ㄕㄤˋ ㄓㄨˋ ㄈㄨˊ	動漫	為美好的世界獻上祝福
獻出心臟	16	ㄒㄧㄢˋ ㄔㄨ ㄒㄧㄣ ㄗㄤˋ	動漫	進擊的巨人
玉子市場	20	ㄩˋ ㄗ˙ ㄕˋ ㄔㄤˇ	動漫	玉子市場
玉木真理	20	ㄩˋ ㄇㄨˋ ㄓㄣ ㄌㄧˇ	動漫	比宇宙更遠的地方
玉葉妃	15	ㄩˋ ㄧㄝˋ ㄈㄟ	動漫	藥師少女的獨語
玉藻京介	11	ㄩˋ ㄗㄠˇ ㄐㄧㄥ ㄐㄧㄝˋ	動漫	靈異教師神眉
王宮藥劑師	12	ㄨㄤˊ ㄍㄨㄥ ㄧㄠˋ ㄐㄧˋ ㄕ	動漫	赤髮白雪姬
王權者	11	ㄨㄤˊ ㄑㄩㄢˊ ㄓㄜˇ	動漫	K
王牌	48	ㄨㄤˊ ㄆㄞˊ	動漫	鑽石王牌
王者天下	23	ㄨㄤˊ ㄓㄜˇ ㄊㄧㄢ ㄒㄧㄚˋ	動漫	王者天下
王騎	12	ㄨㄤˊ ㄑㄧˊ	動漫	王者天下
玖蘭樞	14	ㄐㄧㄡˇ ㄌㄢˊ ㄕㄨ	動漫	吸血鬼騎士
珊瑚	334	ㄕㄢ ㄏㄨˊ	動漫	犬夜叉
珊璞	15	ㄕㄢ ㄆㄨˊ	動漫	亂馬1/2
珞緹	12	ㄌㄨㄛˋ ㄊㄧˊ	動漫	異世界藥局
班諾	11	ㄅㄢ ㄋㄨㄛˋ	動漫	小書痴的下剋上
理莎	17	ㄌㄧˇ ㄕㄚ	動漫	崖上的波妞
琉璃昂	12	ㄌㄧㄡˊ ㄌㄧˊ ㄤˊ	動漫	在地下城尋求邂逅是否搞錯了什麼
琥珀	22	ㄏㄨˇ ㄆㄛˋ	動漫	Dr.STONE新石紀
琦薇	13	ㄑㄧˊ ㄨㄟˊ	動漫	Cyberpunk: Edgerunners
琪歌露	14	ㄑㄧˊ ㄍㄜ ㄌㄨˋ	動漫	怪獸8號
琪琪	23	ㄑㄧˊ ㄑㄧˊ	動漫	魔女宅急便
琴吹紬	15	ㄑㄧㄣˊ ㄔㄨㄟ ㄔㄡˊ	動漫	K-ON!輕音部
瑞希	15	ㄖㄨㄟˋ ㄒㄧ	動漫	元氣少女緣結神
瑟琳塔	10	ㄙㄜˋ ㄌㄧㄣˊ ㄊㄚˇ	動漫	Fate/kaleid liner魔法少女☆伊莉雅
瑪修	20	ㄇㄚˇ ㄒㄧㄡ	動漫	Fate/Grand Order
瑪利亞	13	ㄇㄚˇ ㄌㄧˋ ㄧㄚˇ	動漫	不時輕聲地以俄語遮羞的鄰座艾莉同學
瑪琳	9	ㄇㄚˇ ㄌㄧㄣˊ	動漫	七大罪
瑪茵	14	ㄇㄚˇ ㄧㄣ	動漫	斬！赤紅之瞳
瑪荷	10	ㄇㄚˇ ㄏㄜˊ	動漫	世界頂尖的暗殺者轉生為異世界貴族
瑪莉亞	15	ㄇㄚˇ ㄌㄧˋ ㄧㄚˇ	動漫	旋風管家
瑪莉妲	11	ㄇㄚˇ ㄌㄧˋ ㄉㄚˊ	動漫	機動戰士鋼彈UC
瑪贊塔	15	ㄇㄚˇ ㄗㄢˋ ㄊㄚˇ	動漫	轉生王女與天才千金的魔法革命
環古達	12	ㄏㄨㄢˊ ㄍㄨˇ ㄉㄚˊ	動漫	炎炎消防隊
瓦特	17	ㄨㄚˇ ㄊㄜˋ	動漫	丹特麗安的書架
甘佐	11	ㄍㄢ ㄗㄨㄛˇ	動漫	91Days
生志摩妄	12	ㄕㄥ ㄓˋ ㄇㄛˊ ㄨㄤˋ	動漫	狂賭之淵
田中	60	ㄊㄧㄢˊ ㄓㄨㄥ	動漫	奇巧計程車
田中吉竹	15	ㄊㄧㄢˊ ㄓㄨㄥ ㄐㄧˊ ㄓㄨˊ	動漫	男子高中生的日常
田井中律	17	ㄊㄧㄢˊ ㄐㄧㄥˇ ㄓㄨㄥ ㄌㄩˋ	動漫	K-ON!輕音部
田宮良子	14	ㄊㄧㄢˊ ㄍㄨㄥ ㄌㄧㄤˊ ㄗ˙	動漫	寄生獸
田島悠一郎	11	ㄊㄧㄢˊ ㄉㄠˇ ㄧㄡ ㄧ ㄌㄤˊ	動漫	王牌投手振臂高揮
田所惠	16	ㄊㄧㄢˊ ㄙㄨㄛˇ ㄏㄨㄟˋ	動漫	食戟之靈
田沼要	15	ㄊㄧㄢˊ ㄓㄠˇ ㄧㄠˋ	動漫	夏目友人帳
田畑秀則	17	ㄊㄧㄢˊ ㄊㄧㄢˊ ㄒㄧㄡˋ ㄗㄜˊ	動漫	男子高中生的日常
由比濱結衣	15	ㄧㄡˊ ㄅㄧˇ ㄅㄧㄣ ㄐㄧㄝˊ ㄧ	動漫	果然我的青春戀愛喜劇搞錯了
男公關部	24	ㄋㄢˊ ㄍㄨㄥ ㄍㄨㄢ ㄅㄨˋ	動漫	櫻蘭高校男公關部
男子	23	ㄋㄢˊ ㄗˇ	動漫	男子高中生的日常
男子高中生	13	ㄋㄢˊ ㄗˇ ㄍㄠ ㄓㄨㄥ ㄕㄥ	動漫	男子高中生的日常
界塚伊奈帆	17	ㄐㄧㄝˋ ㄓㄨㄥˇ ㄧ ㄋㄞˋ ㄈㄢˊ	動漫	ALDNOAH.ZERO
畫眉丸	19	ㄏㄨㄚˋ ㄇㄟˊ ㄨㄢˊ	動漫	地獄樂
異世界	23	ㄧˋ ㄕˋ ㄐㄧㄝˋ	動漫	異世界四重奏
異世界之旅	11	ㄧˋ ㄕˋ ㄐㄧㄝˋ ㄓ ㄌㄩˇ	動漫	月光下的異世界之旅
異世界藥局	18	ㄧˋ ㄕˋ ㄐㄧㄝˋ ㄧㄠˋ ㄐㄩˊ	動漫	異世界藥局
異世界食堂	18	ㄧˋ ㄕˋ ㄐㄧㄝˋ ㄕˊ ㄊㄤˊ	動漫	異世界食堂
異修羅	16	ㄧˋ ㄒㄧㄡ ㄌㄨㄛˊ	動漫	異修羅
異聞錄	22	ㄧˋ ㄨㄣˊ ㄌㄨˋ	動漫	無頭騎士異聞錄DuRaRaRa!!
異能	9	ㄧˋ ㄋㄥˊ	動漫	我的幸福婚約
症候群	13	ㄓㄥˋ ㄏㄡˋ ㄑㄩㄣˊ	動漫	青春豬頭少年不會夢到兔女郎學姊
登塔	13	ㄉㄥ ㄊㄚˇ	動漫	神之塔
白井黑子	19	ㄅㄞˊ ㄐㄧㄥˇ ㄏㄟ ㄗˇ	動漫	科學超電磁砲
白咲花	15	ㄅㄞˊ ㄒㄧㄠˋ ㄏㄨㄚ	動漫	天使降臨到我身邊
白崎香織	11	ㄅㄞˊ ㄑㄧˊ ㄒㄧㄤ ㄓ	動漫	平凡職業造就世界最強
白川	18	ㄅㄞˊ ㄔㄨㄢ	動漫	奇巧計程車
白澤	14	ㄅㄞˊ ㄗㄜˊ	動漫	鬼燈的冷徹
白石由竹	16	ㄅㄞˊ ㄕˊ ㄧㄡˊ ㄓㄨˊ	動漫	黃金神威
白石純太	17	ㄅㄞˊ ㄕˊ ㄔㄨㄣˊ ㄊㄞˋ	動漫	久保同學不放過我
白石結月	13	ㄅㄞˊ ㄕˊ ㄐㄧㄝˊ ㄩㄝˋ	動漫	比宇宙更遠的地方
白石誠太	11	ㄅㄞˊ ㄕˊ ㄔㄥˊ ㄊㄞˋ	動漫	久保同學不放過我
白箱	21	ㄅㄞˊ ㄒㄧㄤ	動漫	白箱
白血球	31	ㄅㄞˊ ㄒㄧㄝˇ ㄑㄧㄡˊ	動漫	工作細胞
白銀御行	18	ㄅㄞˊ ㄧㄣˊ ㄩˋ ㄒㄧㄥˊ	動漫	輝夜姬想讓人告白
白雪	122	ㄅㄞˊ ㄒㄩㄝˇ	動漫	赤髮白雪姬
白鳥愛羅	14	ㄅㄞˊ ㄋㄧㄠˇ ㄞˋ ㄌㄨㄛˊ	動漫	膽大黨
白龍	22	ㄅㄞˊ ㄌㄨㄥˊ	動漫	神隱少女
百分之百	166	ㄅㄞˇ ㄈㄣ ㄓ ㄅㄞˇ	動漫	路人超能100
百鬼夜行	8	ㄅㄞˇ ㄍㄨㄟˇ ㄧㄝˋ ㄒㄧㄥˊ	動漫	妖怪少爺
百鬼夜行抄	19	ㄅㄞˇ ㄍㄨㄟˇ ㄧㄝˋ ㄒㄧㄥˊ ㄔㄠ	動漫	百鬼夜行抄
皇后崎迅	13	ㄏㄨㄤˊ ㄏㄡˋ ㄑㄧˊ ㄒㄩㄣˋ	動漫	桃源暗鬼
皮卡丘	12	ㄆㄧˊ ㄎㄚˇ ㄑㄧㄡ	動漫	寶可夢
監獄學園	20	ㄐㄧㄢ ㄩˋ ㄒㄩㄝˊ ㄩㄢˊ	動漫	監獄學園
盧各圖哈德	15	ㄌㄨˊ ㄍㄜˋ ㄊㄨˊ ㄏㄚ ㄉㄜˊ	動漫	世界頂尖的暗殺者轉生為異世界貴族
目錄	23	ㄇㄨˋ ㄌㄨˋ	動漫	魔法禁書目錄
直井文人	12	ㄓˊ ㄐㄧㄥˇ ㄨㄣˊ ㄖㄣˊ	動漫	Angel Beats!
直哉	12	ㄓˊ ㄗㄞ	動漫	Another
直枝理樹	18	ㄓˊ ㄓ ㄌㄧˇ ㄕㄨˋ	動漫	Little Busters!
直樹美紀	12	ㄓˊ ㄕㄨˋ ㄇㄟˇ ㄐㄧˋ	動漫	學園孤島
直死之魔眼	13	ㄓˊ ㄙˇ ㄓ ㄇㄛˊ ㄧㄢˇ	動漫	空之境界
直繼	15	ㄓˊ ㄐㄧˋ	動漫	記錄的地平線
相信	15	ㄒㄧㄤ ㄒㄧㄣˋ	動漫	天元突破紅蓮螺巖
相信你	13	ㄒㄧㄤ ㄒㄧㄣˋ ㄋㄧˇ	動漫	天元突破紅蓮螺巖
相樂左之助	17	ㄒㄧㄤ ㄌㄜˋ ㄗㄨㄛˇ ㄓ ㄓㄨˋ	動漫	神劍闖江湖
相澤千鶴	14	ㄒㄧㄤ ㄗㄜˊ ㄑㄧㄢ ㄏㄜˋ	動漫	侵略！花枝娘
相澤榮子	15	ㄒㄧㄤ ㄗㄜˊ ㄖㄨㄥˊ ㄗ˙	動漫	侵略！花枝娘
相澤消太	12	ㄒㄧㄤ ㄗㄜˊ ㄒㄧㄠ ㄊㄞˋ	動漫	我的英雄學院
相澤祐一	17	ㄒㄧㄤ ㄗㄜˊ ㄧㄡˋ ㄧ	動漫	Kanon
相澤雅	12	ㄒㄧㄤ ㄗㄜˊ ㄧㄚˇ	動漫	麻辣教師GTO
相生祐子	21	ㄒㄧㄤ ㄕㄥ ㄧㄡˋ ㄗ˙	動漫	日常
相聚一刻	20	ㄒㄧㄤ ㄐㄩˋ ㄧ ㄎㄜˋ	動漫	相聚一刻
相良宗介	19	ㄒㄧㄤ ㄌㄧㄤˊ ㄗㄨㄥ ㄐㄧㄝˋ	動漫	驚爆危機
盾之勇者	22	ㄉㄨㄣˋ ㄓ ㄩㄥˇ ㄓㄜˇ	動漫	盾之勇者成名錄
眉村健	11	ㄇㄟˊ ㄘㄨㄣ ㄐㄧㄢˋ	動漫	棒球大聯盟
真宮櫻	15	ㄓㄣ ㄍㄨㄥ ㄧㄥ	動漫	境界之輪迴
真山巧	14	ㄓㄣ ㄕㄢ ㄑㄧㄠˇ	動漫	蜂蜜幸運草
真島	11	ㄓㄣ ㄉㄠˇ	動漫	莉可麗絲
真島太一	14	ㄓㄣ ㄉㄠˇ ㄊㄞˋ ㄧ	動漫	花牌情緣
真崎杏子	13	ㄓㄣ ㄑㄧˊ ㄒㄧㄥˋ ㄗˇ	動漫	遊戲王
真打津輕	15	ㄓㄣ ㄉㄚˇ ㄐㄧㄣ ㄑㄧㄥ	動漫	不死少女的謀殺鬧劇
真正的戰士	13	ㄓㄣ ㄓㄥˋ ㄉㄜ˙ ㄓㄢˋ ㄕˋ	動漫	Vinland Saga海盜戰記
真波山岳	9	ㄓㄣ ㄅㄛ ㄕㄢ ㄩㄝˋ	動漫	飆速宅男
真田莉莉奈	12	ㄓㄣ ㄊㄧㄢˊ ㄌㄧˋ ㄌㄧˋ ㄋㄞˋ	動漫	戀愛與謊言
真田龍	12	ㄓㄣ ㄊㄧㄢˊ ㄌㄨㄥˊ	動漫	只想告訴你
真相	16	ㄓㄣ ㄒㄧㄤˋ	動漫	名偵探柯南
真神圭護	12	ㄓㄣ ㄕㄣˊ ㄍㄨㄟ ㄏㄨˋ	動漫	WITCH WATCH魔女守護者
真紀真	15	ㄓㄣ ㄐㄧˋ ㄓㄣ	動漫	鏈鋸人
真野	16	ㄓㄣ ㄧㄝˇ	動漫	擅長捉弄人的高木同學
真難	22	ㄓㄣ ㄋㄢˊ	動漫	宅男腐女戀愛真難
真麻煩	14	ㄓㄣ ㄇㄚˊ ㄈㄢˊ	動漫	齊木楠雄的災難
眷族	13	ㄐㄩㄢˋ ㄗㄨˊ	動漫	在地下城尋求邂逅是否搞錯了什麼
矢澤妮可	8	ㄕˇ ㄗㄜˊ ㄋㄧˊ ㄎㄜˇ	動漫	Love Live!
矢野綾音	15	ㄕˇ ㄧㄝˇ ㄌㄧㄥˊ ㄧㄣ	動漫	只想告訴你
矢颪碇	10	ㄕˇ 颪 ㄉㄧㄥˋ	動漫	桃源暗鬼
石上優	14	ㄕˊ ㄕㄤˋ ㄧㄡ	動漫	輝夜姬想讓人告白
石島土門	11	ㄕˊ ㄉㄠˇ ㄊㄨˇ ㄇㄣˊ	動漫	烈火之炎
石川	10	ㄕˊ ㄔㄨㄢ	動漫	阿波連同學深不可測
石川透	15	ㄕˊ ㄔㄨㄢ ㄊㄡˋ	動漫	堀與宮村
石田大和	19	ㄕˊ ㄊㄧㄢˊ ㄉㄚˋ ㄏㄜˊ	動漫	數碼寶貝大冒險
石田將也	22	ㄕˊ ㄊㄧㄢˊ ㄐㄧㄤ ㄧㄝˇ	動漫	聲之形
石田雨龍	16	ㄕˊ ㄊㄧㄢˊ ㄩˇ ㄌㄨㄥˊ	動漫	BLEACH死神
石神千空	22	ㄕˊ ㄕㄣˊ ㄑㄧㄢ ㄎㄨㄥ	動漫	Dr.STONE新石紀
砂川愛	12	ㄕㄚ ㄔㄨㄢ ㄞˋ	動漫	俺物語!!
砂川誠	14	ㄕㄚ ㄔㄨㄢ ㄔㄥˊ	動漫	俺物語!!
碇源堂	12	ㄉㄧㄥˋ ㄩㄢˊ ㄊㄤˊ	動漫	新世紀福音戰士
碇真嗣	23	ㄉㄧㄥˋ ㄓㄣ ㄙˋ	動漫	新世紀福音戰士
碓冰拓海	16	ㄉㄨㄟˋ ㄅㄧㄥ ㄊㄨㄛˋ ㄏㄞˇ	動漫	會長是女僕大人
碧翠絲	14	ㄅㄧˋ ㄘㄨㄟˋ ㄙ	動漫	Re:從零開始的異世界生活
碧藍之海	22	ㄅㄧˋ ㄌㄢˊ ㄓ ㄏㄞˇ	動漫	碧藍之海
礦人道士	11	ㄎㄨㄤˋ ㄖㄣˊ ㄉㄠˋ ㄕˋ	動漫	哥布林殺手
神之一手	13	ㄕㄣˊ ㄓ ㄧ ㄕㄡˇ	動漫	棋靈王
神之塔	22	ㄕㄣˊ ㄓ ㄊㄚˇ	動漫	神之塔
神仙鄉	12	ㄕㄣˊ ㄒㄧㄢ ㄒㄧㄤ	動漫	地獄樂
神代愛依	12	ㄕㄣˊ ㄉㄞˋ ㄞˋ ㄧ	動漫	黑暗集會
神劍闖江湖	24	ㄕㄣˊ ㄐㄧㄢˋ ㄔㄨㄤˇ ㄐㄧㄤ ㄏㄨˊ	動漫	神劍闖江湖
神官長	10	ㄕㄣˊ ㄍㄨㄢ ㄓㄤˇ	動漫	小書痴的下剋上
神尾觀鈴	15	ㄕㄣˊ ㄨㄟˇ ㄍㄨㄢ ㄌㄧㄥˊ	動漫	AIR
神崎蘭子	12	ㄕㄣˊ ㄑㄧˊ ㄌㄢˊ ㄗ˙	動漫	偶像大師灰姑娘女孩
神崎麗美	13	ㄕㄣˊ ㄑㄧˊ ㄌㄧˋ ㄇㄟˇ	動漫	麻辣教師GTO
神樂	18	ㄕㄣˊ ㄌㄜˋ	動漫	銀魂
神樂光	15	ㄕㄣˊ ㄌㄜˋ ㄍㄨㄤ	動漫	少女歌劇Revue Starlight
神田優	15	ㄕㄣˊ ㄊㄧㄢˊ ㄧㄡ	動漫	驅魔少年
神田沙希	15	ㄕㄣˊ ㄊㄧㄢˊ ㄕㄚ ㄒㄧ	動漫	徒然喜歡你
神眉	21	ㄕㄣˊ ㄇㄟˊ	動漫	靈異教師神眉
神神迴	12	ㄕㄣˊ ㄕㄣˊ ㄏㄨㄟˊ	動漫	坂本日常
神裂火織	12	ㄕㄣˊ ㄌㄧㄝˋ ㄏㄨㄛˇ ㄓ	動漫	魔法禁書目錄
神谷望	11	ㄕㄣˊ ㄍㄨˇ ㄨㄤˋ	動漫	狼少女與黑王子
神谷薰	19	ㄕㄣˊ ㄍㄨˇ ㄒㄩㄣ	動漫	神劍闖江湖
神野惠	11	ㄕㄣˊ ㄧㄝˇ ㄏㄨㄟˋ	動漫	情色漫畫老師
神隱少女	28	ㄕㄣˊ ㄧㄣˇ ㄕㄠˋ ㄋㄩˇ	動漫	神隱少女
禁書	23	ㄐㄧㄣˋ ㄕㄨ	動漫	魔法禁書目錄
福星小子	22	ㄈㄨˊ ㄒㄧㄥ ㄒㄧㄠˇ ㄗ˙	動漫	福星小子
福爾摩斯	14	ㄈㄨˊ ㄦˇ ㄇㄛˊ ㄙ	動漫	不死少女的謀殺鬧劇
福特	17	ㄈㄨˊ ㄊㄜˋ	動漫	黑執事
福羅倫斯	21	ㄈㄨˊ ㄌㄨㄛˊ ㄌㄨㄣˊ ㄙ	動漫	狼與辛香料
福部里志	17	ㄈㄨˊ ㄅㄨˋ ㄌㄧˇ ㄓˋ	動漫	冰菓
福音	25	ㄈㄨˊ ㄧㄣ	動漫	新世紀福音戰士
秋名山	14	ㄑㄧㄡ ㄇㄧㄥˊ ㄕㄢ	動漫	頭文字D
秋山澪	19	ㄑㄧㄡ ㄕㄢ ㄌㄧㄥˊ	動漫	K-ON!輕音部
秋本麗子	18	ㄑㄧㄡ ㄅㄣˇ ㄌㄧˋ ㄗ˙	動漫	烏龍派出所
秋樽櫻備	15	ㄑㄧㄡ ㄗㄨㄣ ㄧㄥ ㄅㄟˋ	動漫	炎炎消防隊
秋瀨或	13	ㄑㄧㄡ ㄌㄞˋ ㄏㄨㄛˋ	動漫	未來日記
科塞特斯	13	ㄎㄜ ㄙㄜˋ ㄊㄜˋ ㄙ	動漫	OVERLORD
科學	24	ㄎㄜ ㄒㄩㄝˊ	動漫	科學超電磁砲
秘銀	12	ㄇㄧˋ ㄧㄣˊ	動漫	驚爆危機
租借女友	20	ㄗㄨ ㄐㄧㄝˋ ㄋㄩˇ ㄧㄡˇ	動漫	租借女友
移動城堡	27	ㄧˊ ㄉㄨㄥˋ ㄔㄥˊ ㄅㄠˇ	動漫	霍爾的移動城堡
稀咲鐵太	11	ㄒㄧ ㄒㄧㄠˋ ㄊㄧㄝˇ ㄊㄞˋ	動漫	東京復仇者
種村小依	10	ㄓㄨㄥˇ ㄘㄨㄣ ㄒㄧㄠˇ ㄧ	動漫	天使降臨到我身邊
稻田多摩子	12	ㄉㄠˋ ㄊㄧㄢˊ ㄉㄨㄛ ㄇㄛˊ ㄗ˙	動漫	銀之匙
稻葉鄉子	14	ㄉㄠˋ ㄧㄝˋ ㄒㄧㄤ ㄗ˙	動漫	靈異教師神眉
穆拉福拉卡	11	ㄇㄨˋ ㄌㄚ ㄈㄨˊ ㄌㄚ ㄎㄚˇ	動漫	機動戰士鋼彈SEED
穆斯卡	17	ㄇㄨˋ ㄙ ㄎㄚˇ	動漫	天空之城
空之境界	22	ㄎㄨㄥ ㄓ ㄐㄧㄥˋ ㄐㄧㄝˋ	動漫	空之境界
空條徐倫	12	ㄎㄨㄥ ㄊㄧㄠˊ ㄒㄩˊ ㄌㄨㄣˊ	動漫	JOJO的奇妙冒險
空條承太郎	18	ㄎㄨㄥ ㄊㄧㄠˊ ㄔㄥˊ ㄊㄞˋ ㄌㄤˊ	動漫	JOJO的奇妙冒險
空銀子	13	ㄎㄨㄥ ㄧㄣˊ ㄗ˙	動漫	龍王的工作！
突破	23	ㄊㄨˊ ㄆㄛˋ	動漫	天元突破紅蓮螺巖
窪谷須亞蓮	11	ㄨㄚ ㄍㄨˇ ㄒㄩ ㄧㄚˇ ㄌㄧㄢˊ	動漫	齊木楠雄的災難
竈門炭治郎	25	ㄗㄠˋ ㄇㄣˊ ㄊㄢˋ ㄓˋ ㄌㄤˊ	動漫	鬼滅之刃
竈門禰豆子	22	ㄗㄠˋ ㄇㄣˊ ㄇㄧˊ ㄉㄡˋ ㄗˇ	動漫	鬼滅之刃
立花瀧	25	ㄌㄧˋ ㄏㄨㄚ ㄌㄨㄥˊ	動漫	你的名字
立華奏	16	ㄌㄧˋ ㄏㄨㄚˊ ㄗㄡˋ	動漫	Angel Beats!
立野廣	16	ㄌㄧˋ ㄧㄝˇ ㄍㄨㄤˇ	動漫	靈異教師神眉
競技歌牌	12	ㄐㄧㄥˋ ㄐㄧˋ ㄍㄜ ㄆㄞˊ	動漫	花牌情緣
竹本祐太	18	ㄓㄨˊ ㄅㄣˇ ㄧㄡˋ ㄊㄞˋ	動漫	蜂蜜幸運草
笑面男	12	ㄒㄧㄠˋ ㄇㄧㄢˋ ㄋㄢˊ	動漫	攻殼機動隊
笠原匡	13	ㄌㄧˋ ㄩㄢˊ ㄎㄨㄤ	動漫	青之箱
笨蛋	22	ㄅㄣˋ ㄉㄢˋ	動漫	笨蛋，測驗，召喚獸
第一神拳	20	ㄉㄧˋ ㄧ ㄕㄣˊ ㄑㄩㄢˊ	動漫	第一神拳
第二十五夜	20	ㄉㄧˋ ㄦˋ ㄕˊ ㄨˇ ㄧㄝˋ	動漫	神之塔
笹塚衛士	13	ㄕˋ ㄓㄨㄥˇ ㄨㄟˋ ㄕˋ	動漫	魔人偵探腦嚙涅羅
等價交換	15	ㄉㄥˇ ㄐㄧㄚˋ ㄐㄧㄠ ㄏㄨㄢˋ	動漫	鋼之鍊金術師
管家	33	ㄍㄨㄢˇ ㄐㄧㄚ	動漫	旋風管家
管理員	12	ㄍㄨㄢˇ ㄌㄧˇ ㄩㄢˊ	動漫	小書痴的下剋上
箱根驛傳	12	ㄒㄧㄤ ㄍㄣ ㄧˋ ㄔㄨㄢˊ	動漫	強風吹拂
範馬刃牙	19	ㄈㄢˋ ㄇㄚˇ ㄖㄣˋ ㄧㄚˊ	動漫	刃牙
範馬勇次郎	16	ㄈㄢˋ ㄇㄚˇ ㄩㄥˇ ㄘˋ ㄌㄤˊ	動漫	刃牙
築城院真鍳	11	ㄓㄨˊ ㄔㄥˊ ㄩㄢˋ ㄓㄣ ㄐㄧㄢ	動漫	Re:CREATORS
篠原夏希	17	ㄒㄧㄠˇ ㄩㄢˊ ㄒㄧㄚˋ ㄒㄧ	動漫	夏日大作戰
篠原繪里香	17	ㄒㄧㄠˇ ㄩㄢˊ ㄏㄨㄟˋ ㄌㄧˇ ㄒㄧㄤ	動漫	狼少女與黑王子
篠田初	11	ㄒㄧㄠˇ ㄊㄧㄢˊ ㄔㄨ	動漫	NEW GAME!
簽訂	15	ㄑㄧㄢ ㄉㄧㄥˋ	動漫	魔法少女小圓
米利傑	17	ㄇㄧˇ ㄌㄧˋ ㄐㄧㄝˊ	動漫	86－不存在的戰區－
米卡	24	ㄇㄧˇ ㄎㄚˇ	動漫	莉可麗絲
米卡莎	22	ㄇㄧˇ ㄎㄚˇ ㄕㄚ	動漫	進擊的巨人
米哈伊	16	ㄇㄧˇ ㄏㄚ ㄧ	動漫	不時輕聲地以俄語遮羞的鄰座艾莉同學
米多	17	ㄇㄧˇ ㄉㄨㄛ	動漫	黑執事
米奇	14	ㄇㄧˇ ㄑㄧˊ	動漫	寄生獸
米格路迪亞	19	ㄇㄧˇ ㄍㄜˊ ㄌㄨˋ ㄉㄧˊ ㄧㄚˇ	動漫	無職轉生
米特奧拉	14	ㄇㄧˇ ㄊㄜˋ ㄠˋ ㄌㄚ	動漫	Re:CREATORS
米莉亞	15	ㄇㄧˇ ㄌㄧˋ ㄧㄚˇ	動漫	BACCANO!大騷動!
米蒂	13	ㄇㄧˇ ㄉㄧˋ	動漫	來自深淵
粕壁隼	18	ㄆㄛˋ ㄅㄧˋ ㄓㄨㄣˇ	動漫	女神咖啡廳
精靈	118	ㄐㄧㄥ ㄌㄧㄥˊ	動漫	約會大作戰
糖分	14	ㄊㄤˊ ㄈㄣˋ	動漫	銀魂
糞作獵人	13	ㄈㄣˋ ㄗㄨㄛˋ ㄌㄧㄝˋ ㄖㄣˊ	動漫	香格里拉・開拓異境
糟糕念頭	23	ㄗㄠ ㄍㄠ ㄋㄧㄢˋ ㄊㄡˊ	動漫	我內心的糟糕念頭
糸師冴	12	ㄇㄧˋ ㄕ ㄏㄨˋ	動漫	藍色監獄
糸師凜	14	ㄇㄧˋ ㄕ ㄌㄧㄣˇ	動漫	藍色監獄
紀田正臣	17	ㄐㄧˋ ㄊㄧㄢˊ ㄓㄥˋ ㄔㄣˊ	動漫	無頭騎士異聞錄DuRaRaRa!!
約兒佛傑	21	ㄩㄝ ㄦˊ ㄈㄛˊ ㄐㄧㄝˊ	動漫	SPY×FAMILY間諜家家酒
約定	24	ㄩㄝ ㄉㄧㄥˋ	動漫	約定的夢幻島
約會大作戰	24	ㄩㄝ ㄏㄨㄟˋ ㄉㄚˋ ㄗㄨㄛˋ ㄓㄢˋ	動漫	約會大作戰
約翰李貝特	19	ㄩㄝ ㄏㄢˋ ㄌㄧˇ ㄅㄟˋ ㄊㄜˋ	動漫	MONSTER
約翰華生	12	ㄩㄝ ㄏㄢˋ ㄏㄨㄚˊ ㄕㄥ	動漫	憂國的莫里亞蒂
約蘭達	11	ㄩㄝ ㄌㄢˊ ㄉㄚˊ	動漫	地。－關於地球的運動－
紅丸	17	ㄏㄨㄥˊ ㄨㄢˊ	動漫	關於我轉生變成史萊姆這檔事
紅葉知弦	14	ㄏㄨㄥˊ ㄧㄝˋ ㄓ ㄒㄧㄢˊ	動漫	學生會的一存
紅蓮	23	ㄏㄨㄥˊ ㄌㄧㄢˊ	動漫	天元突破紅蓮螺巖
紅血球	79	ㄏㄨㄥˊ ㄒㄧㄝˇ ㄑㄧㄡˊ	動漫	工作細胞
紅麗	9	ㄏㄨㄥˊ ㄌㄧˋ	動漫	烈火之炎
納九条	17	ㄋㄚˋ ㄐㄧㄡˇ ㄊㄧㄠˊ	動漫	不時輕聲地以俄語遮羞的鄰座艾莉同學
納茲	22	ㄋㄚˋ ㄗ	動漫	FAIRY TAIL魔導少年
索尼	18	ㄙㄨㄛˇ ㄋㄧˊ	動漫	丹特麗安的書架
紫原敦	11	ㄗˇ ㄩㄢˊ ㄉㄨㄣ	動漫	黑子的籃球
紫羅蘭	25	ㄗˇ ㄌㄨㄛˊ ㄌㄢˊ	動漫	紫羅蘭永恆花園
紫苑	14	ㄗˇ ㄩㄢˋ	動漫	關於我轉生變成史萊姆這檔事
細呂木	10	ㄒㄧˋ ㄌㄩˇ ㄇㄨˋ	動漫	屍體如山的死亡遊戲
細川美樹	13	ㄒㄧˋ ㄔㄨㄢ ㄇㄟˇ ㄕㄨˋ	動漫	靈異教師神眉
細胞	1058	ㄒㄧˋ ㄅㄠ	動漫	工作細胞
紹安	10	ㄕㄠˋ ㄢ	動漫	中華一番
紺野純子	13	ㄍㄢˋ ㄧㄝˇ ㄔㄨㄣˊ ㄗ˙	動漫	佐賀偶像是傳奇
終末	23	ㄓㄨㄥ ㄇㄛˋ	動漫	少女終末旅行
結城夏野	18	ㄐㄧㄝˊ ㄔㄥˊ ㄒㄧㄚˋ ㄧㄝˇ	動漫	屍鬼
結城明日奈	20	ㄐㄧㄝˊ ㄔㄥˊ ㄇㄧㄥˊ ㄖˋ ㄋㄞˋ	動漫	刀劍神域
結束樂團	15	ㄐㄧㄝˊ ㄕㄨˋ ㄩㄝˋ ㄊㄨㄢˊ	動漫	孤獨搖滾
結衣	16	ㄐㄧㄝˊ ㄧ	動漫	刀劍神域
絢瀨繪里	19	ㄒㄩㄢˋ ㄌㄞˋ ㄏㄨㄟˋ ㄌㄧˇ	動漫	Love Live!
絲琪	13	ㄙ ㄑㄧˊ	動漫	魔法使的新娘
絲菲爾	19	ㄙ ㄈㄟ ㄦˇ	動漫	Fate/stay night
綠谷出久	24	ㄌㄩˋ ㄍㄨˇ ㄔㄨ ㄐㄧㄡˇ	動漫	我的英雄學院
綠間真太郎	14	ㄌㄩˋ ㄐㄧㄢ ㄓㄣ ㄊㄞˋ ㄌㄤˊ	動漫	黑子的籃球
維克托	17	ㄨㄟˊ ㄎㄜˋ ㄊㄨㄛ	動漫	冰上的尤里
維夏	16	ㄨㄟˊ ㄒㄧㄚˋ	動漫	幼女戰記
維多利加	16	ㄨㄟˊ ㄉㄨㄛ ㄌㄧˋ ㄐㄧㄚ	動漫	GOSICK
維拉爾	12	ㄨㄟˊ ㄌㄚ ㄦˇ	動漫	天元突破紅蓮螺巖
維爾德拉	20	ㄨㄟˊ ㄦˇ ㄉㄜˊ ㄌㄚ	動漫	關於我轉生變成史萊姆這檔事
維爾維特	11	ㄨㄟˊ ㄦˇ ㄨㄟˊ ㄊㄜˋ	動漫	Fate/Zero
維茲	14	ㄨㄟˊ ㄗ	動漫	為美好的世界獻上祝福
網代慎平	22	ㄨㄤˇ ㄉㄞˋ ㄕㄣˋ ㄆㄧㄥˊ	動漫	夏日重現
網球王子	23	ㄨㄤˇ ㄑㄧㄡˊ ㄨㄤˊ ㄗˇ	動漫	網球王子
綾崎颯	20	ㄌㄧㄥˊ ㄑㄧˊ ㄙㄚˋ	動漫	旋風管家
綾波零	20	ㄌㄧㄥˊ ㄅㄛ ㄌㄧㄥˊ	動漫	新世紀福音戰士
綾瀨千早	18	ㄌㄧㄥˊ ㄌㄞˋ ㄑㄧㄢ ㄗㄠˇ	動漫	花牌情緣
綾瀨桃	21	ㄌㄧㄥˊ ㄌㄞˋ ㄊㄠˊ	動漫	膽大黨
綿谷新	15	ㄇㄧㄢˊ ㄍㄨˇ ㄒㄧㄣ	動漫	花牌情緣
緋村劍心	22	ㄈㄟ ㄘㄨㄣ ㄐㄧㄢˋ ㄒㄧㄣ	動漫	神劍闖江湖
緣結神	22	ㄩㄢˊ ㄐㄧㄝˊ ㄕㄣˊ	動漫	元氣少女緣結神
緹奧	12	ㄊㄧˊ ㄠˋ	動漫	平凡職業造就世界最強
緹諾薛德	14	ㄊㄧˊ ㄋㄨㄛˋ ㄒㄩㄝ ㄉㄜˊ	動漫	嘆氣的亡靈想隱退
繰屋匠	11	ㄗㄠˇ ㄨ ㄐㄧㄤˋ	動漫	屍體如山的死亡遊戲
纏流子	20	ㄔㄢˊ ㄌㄧㄡˊ ㄗ˙	動漫	KILL la KILL
羅伊	18	ㄌㄨㄛˊ ㄧ	動漫	鋼之鍊金術師
羅曼尼	17	ㄌㄨㄛˊ ㄇㄢˋ ㄋㄧˊ	動漫	Fate/Grand Order
羅羅亞索隆	22	ㄌㄨㄛˊ ㄌㄨㄛˊ ㄧㄚˇ ㄙㄨㄛˇ ㄌㄨㄥˊ	動漫	航海王
羅茲瓦爾	12	ㄌㄨㄛˊ ㄗ ㄨㄚˇ ㄦˇ	動漫	Re:從零開始的異世界生活
羅諾	12	ㄌㄨㄛˊ ㄋㄨㄛˋ	動漫	黑色五葉草
羅阿	15	ㄌㄨㄛˊ ㄚ	動漫	君主·埃爾梅羅二世事件簿
羌瘣	14	ㄑㄧㄤ ㄌㄟˇ	動漫	王者天下
美代吉	11	ㄇㄟˇ ㄉㄞˋ ㄐㄧˊ	動漫	昭和元祿落語心中
美奈	12	ㄇㄟˇ ㄋㄞˋ	動漫	擅長捉弄人的高木同學
美少女戰士	25	ㄇㄟˇ ㄕㄠˋ ㄋㄩˇ ㄓㄢˋ ㄕˋ	動漫	美少女戰士
美樹沙耶香	16	ㄇㄟˇ ㄕㄨˋ ㄕㄚ ㄧㄝ ㄒㄧㄤ	動漫	魔法少女小圓
美美姬	13	ㄇㄟˇ ㄇㄟˇ ㄐㄧ	動漫	天國大魔境
美遊	15	ㄇㄟˇ ㄧㄡˊ	動漫	Fate/kaleid liner魔法少女☆伊莉雅
羽川翼	14	ㄩˇ ㄔㄨㄢ ㄧˋ	動漫	物語系列
羽衣狐	9	ㄩˇ ㄧ ㄏㄨˊ	動漫	妖怪少爺
羽鳥智世	20	ㄩˇ ㄋㄧㄠˇ ㄓˋ ㄕˋ	動漫	魔法使的新娘
老師	22	ㄌㄠˇ ㄕ	動漫	情色漫畫老師
耕一	15	ㄍㄥ ㄧ	動漫	崖上的波妞
耶拉比琪	11	ㄧㄝ ㄌㄚ ㄅㄧˇ ㄑㄧˊ	動漫	暗殺教室
聖杯戰爭	15	ㄕㄥˋ ㄅㄟ ㄓㄢˋ ㄓㄥ	動漫	Fate/stay night
聲之形	24	ㄕㄥ ㄓ ㄒㄧㄥˊ	動漫	聲之形
聲音	1711	ㄕㄥ ㄧㄣ	動漫	聲之形
職階卡	11	ㄓˊ ㄐㄧㄝ ㄎㄚˇ	動漫	Fate/kaleid liner魔法少女☆伊莉雅
胖虎	17	ㄆㄤˋ ㄏㄨˇ	動漫	哆啦A夢
胡桃	28	ㄏㄨˊ ㄊㄠˊ	動漫	莉可麗絲
胡蝶忍	13	ㄏㄨˊ ㄉㄧㄝˊ ㄖㄣˇ	動漫	鬼滅之刃
腦嚙涅羅	20	ㄋㄠˇ ㄋㄧㄝˋ ㄋㄧㄝˋ ㄌㄨㄛˊ	動漫	魔人偵探腦嚙涅羅
膽大黨	23	ㄉㄢˇ ㄉㄚˋ ㄉㄤˇ	動漫	膽大黨
自來也	10	ㄗˋ ㄌㄞˊ ㄧㄝˇ	動漫	火影忍者
自動	16	ㄗˋ ㄉㄨㄥˋ	動漫	紫羅蘭永恆花園
自動人偶	11	ㄗˋ ㄉㄨㄥˋ ㄖㄣˊ ㄡˇ	動漫	機巧少女不會受傷
自由式	30	ㄗˋ ㄧㄡˊ ㄕˋ	動漫	Free!男子游泳部
自私鬼	15	ㄗˋ ㄙ ㄍㄨㄟˇ	動漫	藍色監獄
與太郎	12	ㄩˇ ㄊㄞˋ ㄌㄤˊ	動漫	昭和元祿落語心中
航海王	12	ㄏㄤˊ ㄏㄞˇ ㄨㄤˊ	動漫	航海王
船井讓次	13	ㄔㄨㄢˊ ㄐㄧㄥˇ ㄖㄤˋ ㄘˋ	動漫	賭博默示錄
艾冉	12	ㄞˋ ㄖㄢˇ	動漫	葬送的芙莉蓮
艾利亞斯	17	ㄞˋ ㄌㄧˋ ㄧㄚˇ ㄙ	動漫	魔法使的新娘
艾利斯	19	ㄞˋ ㄌㄧˋ ㄙ	動漫	黑執事
艾力克	24	ㄞˋ ㄌㄧˋ ㄎㄜˋ	動漫	鋼之鍊金術師
艾因	12	ㄞˋ ㄧㄣ	動漫	星際牛仔
艾基爾	11	ㄞˋ ㄐㄧ ㄦˇ	動漫	刀劍神域
艾妮絲菲亞	17	ㄞˋ ㄋㄧˊ ㄙ ㄈㄟ ㄧㄚˇ	動漫	轉生王女與天才千金的魔法革命
艾姬多娜	11	ㄞˋ ㄐㄧ ㄉㄨㄛ ㄋㄚˋ	動漫	Re:從零開始的異世界生活
艾娜	11	ㄞˋ ㄋㄚˋ	動漫	PROMARE
艾恩葛朗特	14	ㄞˋ ㄣ ㄍㄜˊ ㄌㄤˇ ㄊㄜˋ	動漫	刀劍神域
艾斯	16	ㄞˋ ㄙ	動漫	Re:CREATORS
艾斯卡諾	8	ㄞˋ ㄙ ㄎㄚˇ ㄋㄨㄛˋ	動漫	七大罪
艾斯德斯	11	ㄞˋ ㄙ ㄉㄜˊ ㄙ	動漫	斬！赤紅之瞳
艾普斯隆	12	ㄞˋ ㄆㄨˇ ㄙ ㄌㄨㄥˊ	動漫	PLUTO冥王
艾普羅	14	ㄞˋ ㄆㄨˇ ㄌㄨㄛˊ	動漫	狼與辛香料
艾波納	9	ㄞˋ ㄅㄛ ㄋㄚˋ	動漫	世界頂尖的暗殺者轉生為異世界貴族
艾爾文	15	ㄞˋ ㄦˇ ㄨㄣˊ	動漫	進擊的巨人
艾爾莎	15	ㄞˋ ㄦˇ ㄕㄚ	動漫	FAIRY TAIL魔導少年
艾瑟依拉姆	13	ㄞˋ ㄙㄜˋ ㄧ ㄌㄚ ㄇㄨˇ	動漫	ALDNOAH.ZERO
艾瑪	14	ㄞˋ ㄇㄚˇ	動漫	約定的夢幻島
艾米娜卡	12	ㄞˋ ㄇㄧˇ ㄋㄚˋ ㄎㄚˇ	動漫	灼眼的夏娜
艾納爾	12	ㄞˋ ㄋㄚˋ ㄦˇ	動漫	Vinland Saga海盜戰記
艾絲	16	ㄞˋ ㄙ	動漫	在地下城尋求邂逅是否搞錯了什麼
艾美諾公主	10	ㄞˋ ㄇㄟˇ ㄋㄨㄛˋ ㄍㄨㄥ ㄓㄨˇ	動漫	魔法騎士雷阿斯
艾莉	21	ㄞˋ ㄌㄧˋ	動漫	不時輕聲地以俄語遮羞的鄰座艾莉同學
艾莉同學	22	ㄞˋ ㄌㄧˋ ㄊㄨㄥˊ ㄒㄩㄝˊ	動漫	不時輕聲地以俄語遮羞的鄰座艾莉同學
艾莉歐斯亞	13	ㄞˋ ㄌㄧˋ ㄡ ㄙ ㄧㄚˇ	動漫	ALDNOAH.ZERO
艾莉絲	16	ㄞˋ ㄌㄧˋ ㄙ	動漫	無職轉生
艾莉緹	22	ㄞˋ ㄌㄧˋ ㄊㄧˊ	動漫	借物少女艾莉緹
艾蒂菲爾特	15	ㄞˋ ㄉㄧˋ ㄈㄟ ㄦˇ ㄊㄜˋ	動漫	Fate/kaleid liner魔法少女☆伊莉雅
艾蕾卡	14	ㄞˋ ㄌㄟˇ ㄎㄚˇ	動漫	交響詩篇
艾薇兒布	13	ㄞˋ ㄨㄟˊ ㄦˊ ㄅㄨˋ	動漫	GOSICK
艾薩克迪安	17	ㄞˋ ㄙㄚˋ ㄎㄜˋ ㄉㄧˊ ㄢ	動漫	BACCANO!大騷動!
艾蘭諾	14	ㄞˋ ㄌㄢˊ ㄋㄨㄛˋ	動漫	異世界藥局
艾連葉卡	25	ㄞˋ ㄌㄧㄢˊ ㄧㄝˋ ㄎㄚˇ	動漫	進擊的巨人
芙拉蒂蕾娜	17	ㄈㄨˊ ㄌㄚ ㄉㄧˋ ㄌㄟˇ ㄋㄚˋ	動漫	86－不存在的戰區－
芙莉蓮	27	ㄈㄨˊ ㄌㄧˋ ㄌㄧㄢˊ	動漫	葬送的芙莉蓮
芙蕾阿斯達	13	ㄈㄨˊ ㄌㄟˇ ㄚ ㄙ ㄉㄚˊ	動漫	機動戰士鋼彈SEED
芥子	9	ㄐㄧㄝˋ ㄗˇ	動漫	鬼燈的冷徹
芥川龍之介	15	ㄐㄧㄝˋ ㄔㄨㄢ ㄌㄨㄥˊ ㄓ ㄐㄧㄝˋ	動漫	文豪Stray Dogs
芭芭拉	14	ㄅㄚ ㄅㄚ ㄌㄚ	動漫	小魔女學園
花井梓	12	ㄏㄨㄚ ㄐㄧㄥˇ ㄗˇ	動漫	王牌投手振臂高揮
花園	27	ㄏㄨㄚ ㄩㄢˊ	動漫	紫羅蘭永恆花園
花園多惠	17	ㄏㄨㄚ ㄩㄢˊ ㄉㄨㄛ ㄏㄨㄟˋ	動漫	BanG Dream!
花園櫻	14	ㄏㄨㄚ ㄩㄢˊ ㄧㄥ	動漫	會長是女僕大人
花垣武道	22	ㄏㄨㄚ ㄩㄢˊ ㄨˇ ㄉㄠˋ	動漫	東京復仇者
花媽	24	ㄏㄨㄚ ㄇㄚ	動漫	我們這一家
花子君	23	ㄏㄨㄚ ㄗˇ ㄐㄩㄣ	動漫	地縛少年花子君
花山薰	11	ㄏㄨㄚ ㄕㄢ ㄒㄩㄣ	動漫	刃牙
花式滑冰	13	ㄏㄨㄚ ㄕˋ ㄏㄨㄚˊ ㄅㄧㄥ	動漫	冰上的尤里
花本葉久美	15	ㄏㄨㄚ ㄅㄣˇ ㄧㄝˋ ㄐㄧㄡˇ ㄇㄟˇ	動漫	蜂蜜幸運草
花枝娘	21	ㄏㄨㄚ ㄓ ㄋㄧㄤˊ	動漫	侵略！花枝娘
花澤輝氣	15	ㄏㄨㄚ ㄗㄜˊ ㄏㄨㄟ ㄑㄧˋ	動漫	路人超能100
花爸	16	ㄏㄨㄚ ㄅㄚˋ	動漫	我們這一家
花牌情緣	20	ㄏㄨㄚ ㄆㄞˊ ㄑㄧㄥˊ ㄩㄢˊ	動漫	花牌情緣
花生	15	ㄏㄨㄚ ㄕㄥ	動漫	SPY×FAMILY間諜家家酒
花菱烈火	17	ㄏㄨㄚ ㄌㄧㄥˊ ㄌㄧㄝˋ ㄏㄨㄛˇ	動漫	烈火之炎
花開物語	19	ㄏㄨㄚ ㄎㄞ ㄨˋ ㄩˇ	動漫	花開物語
芳村	14	ㄈㄤ ㄘㄨㄣ	動漫	東京喰種
芸芸	11	ㄩㄣˊ ㄩㄣˊ	動漫	為美好的世界獻上祝福
芹澤朋也	14	ㄑㄧㄣˊ ㄗㄜˊ ㄆㄥˊ ㄧㄝˇ	動漫	鈴芽之旅
芹澤蕾拉	11	ㄑㄧㄣˊ ㄗㄜˊ ㄌㄟˇ ㄌㄚ	動漫	NANA
芽亞里	18	ㄧㄚˊ ㄧㄚˇ ㄌㄧˇ	動漫	狂賭之淵
若月妮可	15	ㄖㄨㄛˋ ㄩㄝˋ ㄋㄧˊ ㄎㄜˇ	動漫	WITCH WATCH魔女守護者
若本真吾	14	ㄖㄨㄛˋ ㄅㄣˇ ㄓㄣ ㄨˊ	動漫	監獄學園
若狹悠里	14	ㄖㄨㄛˋ ㄒㄧㄚˊ ㄧㄡ ㄌㄧˇ	動漫	學園孤島
若葉姬色	15	ㄖㄨㄛˋ ㄧㄝˋ ㄐㄧ ㄙㄜˋ	動漫	轉生成蜘蛛又怎樣
英雄學院	26	ㄧㄥ ㄒㄩㄥˊ ㄒㄩㄝˊ ㄩㄢˋ	動漫	我的英雄學院
茂木夏樹	13	ㄇㄠˋ ㄇㄨˋ ㄒㄧㄚˋ ㄕㄨˋ	動漫	頭文字D
茂野吾郎	18	ㄇㄠˋ ㄧㄝˇ ㄨˊ ㄌㄤˊ	動漫	棒球大聯盟
茂野英毅	12	ㄇㄠˋ ㄧㄝˇ ㄧㄥ ㄧˋ	動漫	棒球大聯盟
范格	12	ㄈㄢˋ ㄍㄜˊ	動漫	91Days
茅場晶彥	14	ㄇㄠˊ ㄔㄤˇ ㄐㄧㄥ ㄧㄢˋ	動漫	刀劍神域
茅野楓	15	ㄇㄠˊ ㄧㄝˇ ㄈㄥ	動漫	暗殺教室
茅野貴子	11	ㄇㄠˊ ㄧㄝˇ ㄍㄨㄟˋ ㄗˇ	動漫	orange橘色奇蹟
茉希尾瀨	13	ㄇㄛˋ ㄒㄧ ㄨㄟˇ ㄌㄞˋ	動漫	炎炎消防隊
茴香	13	ㄏㄨㄟˊ ㄒㄧㄤ	動漫	中二病也想談戀愛
茵蒂克絲	18	ㄧㄣ ㄉㄧˋ ㄎㄜˋ ㄙ	動漫	魔法禁書目錄
草壁梅	22	ㄘㄠˇ ㄅㄧˋ ㄇㄟˊ	動漫	龍貓
草壁皋月	25	ㄘㄠˇ ㄅㄧˋ ㄍㄠ ㄩㄝˋ	動漫	龍貓
草摩夾	17	ㄘㄠˇ ㄇㄛˊ ㄐㄧㄚˊ	動漫	水果籃子
草摩慊人	11	ㄘㄠˇ ㄇㄛˊ ㄑㄧㄢˋ ㄖㄣˊ	動漫	水果籃子
草摩由希	19	ㄘㄠˇ ㄇㄛˊ ㄧㄡˊ ㄒㄧ	動漫	水果籃子
草摩紅葉	13	ㄘㄠˇ ㄇㄛˊ ㄏㄨㄥˊ ㄧㄝˋ	動漫	水果籃子
草摩紫吳	15	ㄘㄠˇ ㄇㄛˊ ㄗˇ ㄨˊ	動漫	水果籃子
草薙素子	21	ㄘㄠˇ ㄊㄧˋ ㄙㄨˋ ㄗ˙	動漫	攻殼機動隊
荊棘魔法使	13	ㄐㄧㄥ ㄐㄧˊ ㄇㄛˊ ㄈㄚˇ ㄕˇ	動漫	魔法使的新娘
荒卷大輔	14	ㄏㄨㄤ ㄐㄩㄢˇ ㄉㄚˋ ㄈㄨˇ	動漫	攻殼機動隊
荒川河畔	12	ㄏㄨㄤ ㄔㄨㄢ ㄏㄜˊ ㄆㄢˋ	動漫	荒川爆笑團
荒川爆笑團	20	ㄏㄨㄤ ㄔㄨㄢ ㄅㄠˋ ㄒㄧㄠˋ ㄊㄨㄢˊ	動漫	荒川爆笑團
荒耶宗蓮	12	ㄏㄨㄤ ㄧㄝ ㄗㄨㄥ ㄌㄧㄢˊ	動漫	空之境界
荒野女巫	16	ㄏㄨㄤ ㄧㄝˇ ㄋㄩˇ ㄨˊ	動漫	霍爾的移動城堡
荷米莉	14	ㄏㄜˊ ㄇㄧˇ ㄌㄧˋ	動漫	借物少女艾莉緹
荻野千尋	25	ㄉㄧˊ ㄧㄝˇ ㄑㄧㄢ ㄒㄩㄣˊ	動漫	神隱少女
莉可	20	ㄌㄧˋ ㄎㄜˇ	動漫	來自深淵
莉可麗絲	24	ㄌㄧˋ ㄎㄜˇ ㄌㄧˋ ㄙ	動漫	莉可麗絲
莉法	18	ㄌㄧˋ ㄈㄚˇ	動漫	刀劍神域
莉茲史瑪特	12	ㄌㄧˋ ㄗ ㄕˇ ㄇㄚˇ ㄊㄜˋ	動漫	嘆氣的亡靈想隱退
莉茲湯普森	9	ㄌㄧˋ ㄗ ㄊㄤ ㄆㄨˇ ㄙㄣ	動漫	噬魂者
莉茲貝特	12	ㄌㄧˋ ㄗ ㄅㄟˋ ㄊㄜˋ	動漫	刀劍神域
莉莉娜	9	ㄌㄧˋ ㄌㄧˋ ㄋㄚˋ	動漫	新機動戰記鋼彈W
莉莉露卡	14	ㄌㄧˋ ㄌㄧˋ ㄌㄨˋ ㄎㄚˇ	動漫	在地下城尋求邂逅是否搞錯了什麼
莉莎霍克愛	16	ㄌㄧˋ ㄕㄚ ㄏㄨㄛˋ ㄎㄜˋ ㄞˋ	動漫	鋼之鍊金術師
莎拉	23	ㄕㄚ ㄌㄚ	動漫	異世界食堂
莎米哈伊	16	ㄕㄚ ㄇㄧˇ ㄏㄚ ㄧ	動漫	不時輕聲地以俄語遮羞的鄰座艾莉同學
莫奇馬茲	11	ㄇㄛˋ ㄑㄧˊ ㄇㄚˇ ㄗ	動漫	玉子市場
莫娜	15	ㄇㄛˋ ㄋㄚˋ	動漫	魔法公主
莫里亞蒂	25	ㄇㄛˋ ㄌㄧˇ ㄧㄚˇ ㄉㄧˋ	動漫	憂國的莫里亞蒂
菅原卓郎	13	ㄐㄧㄢ ㄩㄢˊ ㄓㄨㄛˊ ㄌㄤˊ	動漫	徒然喜歡你
菅原孝支	16	ㄐㄧㄢ ㄩㄢˊ ㄒㄧㄠˋ ㄓ	動漫	排球少年
菅生明日香	16	ㄐㄧㄢ ㄕㄥ ㄇㄧㄥˊ ㄖˋ ㄒㄧㄤ	動漫	閃電霹靂車
菊丸英二	14	ㄐㄩˊ ㄨㄢˊ ㄧㄥ ㄦˋ	動漫	網球王子
菊地善人	15	ㄐㄩˊ ㄉㄧˋ ㄕㄢˋ ㄖㄣˊ	動漫	麻辣教師GTO
菊地真	9	ㄐㄩˊ ㄉㄧˋ ㄓㄣ	動漫	偶像大師
菜月昴	24	ㄘㄞˋ ㄩㄝˋ ㄇㄠˇ	動漫	Re:從零開始的異世界生活
華倫斯坦	16	ㄏㄨㄚˊ ㄌㄨㄣˊ ㄙ ㄊㄢˇ	動漫	在地下城尋求邂逅是否搞錯了什麼
華斯	12	ㄏㄨㄚˊ ㄙ	動漫	潘朵拉之心
菱形窗	13	ㄌㄧㄥˊ ㄒㄧㄥˊ ㄔㄨㄤ	動漫	夏日重現
菲洛	14	ㄈㄟ ㄌㄨㄛˋ	動漫	盾之勇者成名錄
菲特泰斯	16	ㄈㄟ ㄊㄜˋ ㄊㄞˋ ㄙ	動漫	魔法少女奈葉
菲瓦倫坦	15	ㄈㄟ ㄨㄚˇ ㄌㄨㄣˊ ㄊㄢˇ	動漫	星際牛仔
萊德利	13	ㄌㄞˊ ㄉㄜˊ ㄌㄧˋ	動漫	GOSICK
萊涅絲艾	14	ㄌㄞˊ ㄋㄧㄝˋ ㄙ ㄞˋ	動漫	君主·埃爾梅羅二世事件簿
萊登修迦	15	ㄌㄞˊ ㄉㄥ ㄒㄧㄡ ㄐㄧㄚ	動漫	86－不存在的戰區－
萊艾	11	ㄌㄞˊ ㄞˋ	動漫	ALDNOAH.ZERO
萩原雪步	13	ㄑㄧㄡ ㄩㄢˊ ㄒㄩㄝˇ ㄅㄨˋ	動漫	偶像大師
萩村鈴	12	ㄑㄧㄡ ㄘㄨㄣ ㄌㄧㄥˊ	動漫	妄想學生會
落語	21	ㄌㄨㄛˋ ㄩˇ	動漫	昭和元祿落語心中
葉月渚	13	ㄧㄝˋ ㄩㄝˋ ㄓㄨˇ	動漫	Free!男子游泳部
葉王	9	ㄧㄝˋ ㄨㄤˊ	動漫	通靈王
葛城美里	15	ㄍㄜˇ ㄔㄥˊ ㄇㄟˇ ㄌㄧˇ	動漫	新世紀福音戰士
葛拉漢艾卡	12	ㄍㄜˇ ㄌㄚ ㄏㄢˋ ㄞˋ ㄎㄚˇ	動漫	機動戰士鋼彈00
葬儀社	9	ㄗㄤˋ ㄧˊ ㄕㄜˋ	動漫	黑執事
葬送	26	ㄗㄤˋ ㄙㄨㄥˋ	動漫	葬送的芙莉蓮
蒂雅	13	ㄉㄧˋ ㄧㄚˇ	動漫	世界頂尖的暗殺者轉生為異世界貴族
蒙其D魯夫	25	ㄇㄥˊ ㄑㄧˊ D ㄌㄨˇ ㄈㄨ	動漫	航海王
蒲生真紀	14	ㄆㄨˊ ㄕㄥ ㄓㄣ ㄐㄧˋ	動漫	不要欺負我，長瀞同學
蒼井茜	10	ㄘㄤ ㄐㄧㄥˇ ㄑㄧㄢˋ	動漫	地縛少年花子君
蒼崎橙子	15	ㄘㄤ ㄑㄧˊ ㄔㄥˊ ㄗ˙	動漫	空之境界
蒼鷺	23	ㄘㄤ ㄌㄨˋ	動漫	蒼鷺與少年
蒼鷺與少年	22	ㄘㄤ ㄌㄨˋ ㄩˇ ㄕㄠˋ ㄋㄧㄢˊ	動漫	蒼鷺與少年
蓋吉特	20	ㄍㄞˋ ㄐㄧˊ ㄊㄜˋ	動漫	PLUTO冥王
蕩漾	12	ㄉㄤˋ ㄧㄤˋ	動漫	物語系列
蕾亞	10	ㄌㄟˇ ㄧㄚˇ	動漫	異修羅
蕾哈爾	17	ㄌㄟˇ ㄏㄚ ㄦˇ	動漫	神之塔
蕾潔	14	ㄌㄟˇ ㄐㄧㄝˊ	動漫	鏈鋸人
蕾貝卡	17	ㄌㄟˇ ㄅㄟˋ ㄎㄚˇ	動漫	Cyberpunk: Edgerunners
薄刃新	11	ㄅㄛˊ ㄖㄣˋ ㄒㄧㄣ	動漫	我的幸福婚約
薇塔	11	ㄨㄟˊ ㄊㄚˇ	動漫	魔法少女奈葉
薇爾莉特	23	ㄨㄟˊ ㄦˇ ㄌㄧˋ ㄊㄜˋ	動漫	紫羅蘭永恆花園
薇瑟	13	ㄨㄟˊ ㄙㄜˋ	動漫	ALDNOAH.ZERO
薙切繪里奈	18	ㄊㄧˋ ㄑㄧㄝˋ ㄏㄨㄟˋ ㄌㄧˇ ㄋㄞˋ	動漫	食戟之靈
薩流士	18	ㄙㄚˋ ㄌㄧㄡˊ ㄕˋ	動漫	潘朵拉之心
藍堂英	11	ㄌㄢˊ ㄊㄤˊ ㄧㄥ	動漫	吸血鬼騎士
藍染惣右介	11	ㄌㄢˊ ㄖㄢˇ ㄗㄨㄥˇ ㄧㄡˋ ㄐㄧㄝˋ	動漫	BLEACH死神
藍色監獄	25	ㄌㄢˊ ㄙㄜˋ ㄐㄧㄢ ㄩˋ	動漫	藍色監獄
藏原走	18	ㄗㄤˋ ㄩㄢˊ ㄗㄡˇ	動漫	強風吹拂
藏馬	16	ㄗㄤˋ ㄇㄚˇ	動漫	幽遊白書
藤丸立香	23	ㄊㄥˊ ㄨㄢˊ ㄌㄧˋ ㄒㄧㄤ	動漫	Fate/Grand Order
藤原佐為	17	ㄊㄥˊ ㄩㄢˊ ㄗㄨㄛˇ ㄨㄟˊ	動漫	棋靈王
藤原千花	16	ㄊㄥˊ ㄩㄢˊ ㄑㄧㄢ ㄏㄨㄚ	動漫	輝夜姬想讓人告白
藤原拓海	22	ㄊㄥˊ ㄩㄢˊ ㄊㄨㄛˋ ㄏㄞˇ	動漫	頭文字D
藤原羽月	17	ㄊㄥˊ ㄩㄢˊ ㄩˇ ㄩㄝˋ	動漫	小魔女DoReMi
藤堂美沙	13	ㄊㄥˊ ㄊㄤˊ ㄇㄟˇ ㄕㄚ	動漫	白箱
藤堂葵	14	ㄊㄥˊ ㄊㄤˊ ㄎㄨㄟˊ	動漫	失憶投捕
藤岡	10	ㄊㄥˊ ㄍㄤ	動漫	南家三姊妹
藤岡春緋	21	ㄊㄥˊ ㄍㄤ ㄔㄨㄣ ㄈㄟ	動漫	櫻蘭高校男公關部
藤本	13	ㄊㄥˊ ㄅㄣˇ	動漫	崖上的波妞
藤林杏	17	ㄊㄥˊ ㄌㄧㄣˊ ㄒㄧㄥˋ	動漫	CLANNAD
藤野	12	ㄊㄥˊ ㄧㄝˇ	動漫	我們這一家
藤野清志	18	ㄊㄥˊ ㄧㄝˇ ㄑㄧㄥ ㄓˋ	動漫	監獄學園
藥師	84	ㄧㄠˋ ㄕ	動漫	藥師少女的獨語
藥師少女	24	ㄧㄠˋ ㄕ ㄕㄠˋ ㄋㄩˇ	動漫	藥師少女的獨語
蘇枋隼飛	13	ㄙㄨ ㄈㄤ ㄓㄨㄣˇ ㄈㄟ	動漫	WIND BREAKER防風少年
蘇芳	9	ㄙㄨ ㄈㄤ	動漫	晨曦公主
蘇菲	24	ㄙㄨ ㄈㄟ	動漫	霍爾的移動城堡
蘇菲亞	24	ㄙㄨ ㄈㄟ ㄧㄚˇ	動漫	轉生成蜘蛛又怎樣
蘇西曼	14	ㄙㄨ ㄒㄧ ㄇㄢˋ	動漫	小魔女學園
蘭佩洛基	23	ㄌㄢˊ ㄆㄟˋ ㄌㄨㄛˋ ㄐㄧ	動漫	Code Geass反叛的魯路修
蘭頓薩斯頓	16	ㄌㄢˊ ㄉㄨㄣˋ ㄙㄚˋ ㄙ ㄉㄨㄣˋ	動漫	交響詩篇
虎杖悠仁	25	ㄏㄨˇ ㄓㄤˋ ㄧㄡ ㄖㄣˊ	動漫	咒術迴戰
處男	13	ㄔㄨˋ ㄋㄢˊ	動漫	麻辣教師GTO
虛構推理	21	ㄒㄩ ㄍㄡˋ ㄊㄨㄟ ㄌㄧˇ	動漫	虛構推理
蛇喰夢子	21	ㄕㄜˊ ㄘㄢ ㄇㄥˋ ㄗ˙	動漫	狂賭之淵
蜂樂迴	20	ㄈㄥ ㄌㄜˋ ㄏㄨㄟˊ	動漫	藍色監獄
蜂蜜幸運草	20	ㄈㄥ ㄇㄧˋ ㄒㄧㄥˋ ㄩㄣˋ ㄘㄠˇ	動漫	蜂蜜幸運草
蜘蛛	94	ㄓ ㄓㄨ	動漫	轉生成蜘蛛又怎樣
蜘蛛子	17	ㄓ ㄓㄨ ㄗ˙	動漫	轉生成蜘蛛又怎樣
蜜莉姆	12	ㄇㄧˋ ㄌㄧˋ ㄇㄨˇ	動漫	關於我轉生變成史萊姆這檔事
蜥蜴僧侶	13	ㄒㄧ ㄧˋ ㄙㄥ ㄌㄩˇ	動漫	哥布林殺手
蜻蜓	58	ㄑㄧㄥ ㄊㄧㄥˊ	動漫	魔女宅急便
蝦夷農	13	ㄒㄧㄚ ㄧˊ ㄋㄨㄥˊ	動漫	銀之匙
蝶野雛	15	ㄉㄧㄝˊ ㄧㄝˇ ㄔㄨˊ	動漫	青之箱
螺巖	23	ㄌㄨㄛˊ ㄧㄢˊ	動漫	天元突破紅蓮螺巖
螺旋王	11	ㄌㄨㄛˊ ㄒㄩㄢˊ ㄨㄤˊ	動漫	天元突破紅蓮螺巖
蟲師	22	ㄔㄨㄥˊ ㄕ	動漫	蟲師
蟻王	10	ㄧˇ ㄨㄤˊ	動漫	獵人
蠟筆小新	28	ㄌㄚˋ ㄅㄧˇ ㄒㄧㄠˇ ㄒㄧㄣ	動漫	蠟筆小新
血小板	29	ㄒㄧㄝˇ ㄒㄧㄠˇ ㄅㄢˇ	動漫	工作細胞
血盟騎士團	11	ㄒㄧㄝˇ ㄇㄥˊ ㄑㄧˊ ㄕˋ ㄊㄨㄢˊ	動漫	刀劍神域
衛宮切嗣	22	ㄨㄟˋ ㄍㄨㄥ ㄑㄧㄝˋ ㄙˋ	動漫	Fate/Zero
衛宮士郎	23	ㄨㄟˋ ㄍㄨㄥ ㄕˋ ㄌㄤˊ	動漫	Fate/stay night
衛門	17	ㄨㄟˋ ㄇㄣˊ	動漫	地獄樂
西吉	12	ㄒㄧ ㄐㄧˊ	動漫	神之塔
西宮硝子	19	ㄒㄧ ㄍㄨㄥ ㄒㄧㄠ ㄗ˙	動漫	聲之形
西宮結絃	17	ㄒㄧ ㄍㄨㄥ ㄐㄧㄝˊ ㄒㄧㄢˊ	動漫	聲之形
西尾千夏	11	ㄒㄧ ㄨㄟˇ ㄑㄧㄢ ㄒㄧㄚˋ	動漫	月色真美
西木野真姬	11	ㄒㄧ ㄇㄨˋ ㄧㄝˇ ㄓㄣ ㄐㄧ	動漫	Love Live!
西朵莉	11	ㄒㄧ ㄉㄨㄛˇ ㄌㄧˋ	動漫	嘆氣的亡靈想隱退
西格蒙特	11	ㄒㄧ ㄍㄜˊ ㄇㄥˊ ㄊㄜˋ	動漫	機巧少女不會受傷
西條	12	ㄒㄧ ㄊㄧㄠˊ	動漫	少女歌劇Revue Starlight
西片	11	ㄒㄧ ㄆㄧㄢˋ	動漫	擅長捉弄人的高木同學
西田優征	11	ㄒㄧ ㄊㄧㄢˊ ㄧㄡ ㄓㄥ	動漫	花牌情緣
西索	14	ㄒㄧ ㄙㄨㄛˇ	動漫	獵人
西莉卡	12	ㄒㄧ ㄌㄧˋ ㄎㄚˇ	動漫	刀劍神域
西蒙	11	ㄒㄧ ㄇㄥˊ	動漫	天元突破紅蓮螺巖
西谷夕	12	ㄒㄧ ㄍㄨˇ ㄒㄧˋ	動漫	排球少年
要圭	15	ㄧㄠˋ ㄍㄨㄟ	動漫	失憶投捕
要死	13	ㄧㄠˋ ㄙˇ	動漫	地獄少女
見崎鳴	15	ㄐㄧㄢˋ ㄑㄧˊ ㄇㄧㄥˊ	動漫	Another
解魯	13	ㄐㄧㄝˇ ㄌㄨˇ	動漫	中華一番
言峰綺禮	15	ㄧㄢˊ ㄈㄥ ㄑㄧˇ ㄌㄧˇ	動漫	Fate/Zero
計程車	365	ㄐㄧˋ ㄔㄥˊ ㄔㄜ	動漫	奇巧計程車
記錄	20	ㄐㄧˋ ㄌㄨˋ	動漫	記錄的地平線
詞祈艾	10	ㄘˊ ㄑㄧˊ ㄞˋ	動漫	異修羅
詩乃	16	ㄕ ㄋㄞˇ	動漫	刀劍神域
詹姆斯	22	ㄓㄢ ㄇㄨˇ ㄙ	動漫	憂國的莫里亞蒂
請問	21	ㄑㄧㄥˇ ㄨㄣˋ	動漫	請問您今天要來點兔子嗎？
諏訪原戒	11	ㄗㄡ ㄈㄤˇ ㄩㄢˊ ㄐㄧㄝˋ	動漫	烘焙王
諏訪賴重	15	ㄗㄡ ㄈㄤˇ ㄌㄞˋ ㄓㄨㄥˋ	動漫	擅長逃跑的殿下
諸星當	20	ㄓㄨ ㄒㄧㄥ ㄉㄤ	動漫	福星小子
諸神黃昏	13	ㄓㄨ ㄕㄣˊ ㄏㄨㄤˊ ㄏㄨㄣ	動漫	終末的女武神
諸葉	14	ㄓㄨ ㄧㄝˋ	動漫	半妖的夜叉姬
諸葛岳人	15	ㄓㄨ ㄍㄜˊ ㄩㄝˋ ㄖㄣˊ	動漫	監獄學園
諸葛澤	10	ㄓㄨ ㄍㄜˊ ㄗㄜˊ	動漫	高校之神
諾兒菈艾倫	16	ㄋㄨㄛˋ ㄦˊ ㄌㄚ ㄞˋ ㄌㄨㄣˊ	動漫	狼與辛香料
諾曼	9	ㄋㄨㄛˋ ㄇㄢˋ	動漫	約定的夢幻島
諾瓦克	16	ㄋㄨㄛˋ ㄨㄚˇ ㄎㄜˋ	動漫	地。－關於地球的運動－
諾艾兒	16	ㄋㄨㄛˋ ㄞˋ ㄦˊ	動漫	黑色五葉草
謀殺鬧劇	20	ㄇㄡˊ ㄕㄚ ㄋㄠˋ ㄐㄩˋ	動漫	不死少女的謀殺鬧劇
謊言	26	ㄏㄨㄤˇ ㄧㄢˊ	動漫	四月是你的謊言
謝爾凡	22	ㄒㄧㄝˋ ㄦˇ ㄈㄢˊ	動漫	黑執事
謝絲妲	15	ㄒㄧㄝˋ ㄙ ㄉㄚˊ	動漫	零之使魔
譚雅	20	ㄊㄢˊ ㄧㄚˇ	動漫	幼女戰記
變成	25	ㄅㄧㄢˋ ㄔㄥˊ	動漫	關於我轉生變成史萊姆這檔事
讓人	23	ㄖㄤˋ ㄖㄣˊ	動漫	輝夜姬想讓人告白
豐濱和香	12	ㄈㄥ ㄅㄧㄣ ㄏㄜˊ ㄒㄧㄤ	動漫	青春豬頭少年不會夢到兔女郎學姊
豪瑟	13	ㄏㄠˊ ㄙㄜˋ	動漫	殭屍100～在成為殭屍前要做的100件事～
豬熊陽子	11	ㄓㄨ ㄒㄩㄥˊ ㄧㄤˊ ㄗ˙	動漫	黃金拼圖
豬股大喜	20	ㄓㄨ ㄍㄨˇ ㄉㄚˋ ㄒㄧˇ	動漫	青之箱
豬頭	22	ㄓㄨ ㄊㄡˊ	動漫	青春豬頭少年不會夢到兔女郎學姊
貓咪老師	20	ㄇㄠ ㄇㄧ ㄌㄠˇ ㄕ	動漫	夏目友人帳
貓咪西餐廳	10	ㄇㄠ ㄇㄧ ㄒㄧ ㄘㄢ ㄊㄧㄥ	動漫	異世界食堂
貓巴士	17	ㄇㄠ ㄅㄚ ㄕˋ	動漫	龍貓
貓貓	22	ㄇㄠ ㄇㄠ	動漫	藥師少女的獨語
貝兒翠絲	13	ㄅㄟˋ ㄦˊ ㄘㄨㄟˋ ㄙ	動漫	殭屍100～在成為殭屍前要做的100件事～
貝內迪克特	14	ㄅㄟˋ ㄋㄟˋ ㄉㄧˊ ㄎㄜˋ ㄊㄜˋ	動漫	紫羅蘭永恆花園
貝卡斯	11	ㄅㄟˋ ㄎㄚˇ ㄙ	動漫	遊戲王
貝吉塔	22	ㄅㄟˋ ㄐㄧˊ ㄊㄚˇ	動漫	七龍珠
貝爾克朗尼	21	ㄅㄟˋ ㄦˇ ㄎㄜˋ ㄌㄤˇ ㄋㄧˊ	動漫	在地下城尋求邂逅是否搞錯了什麼
貝琪	12	ㄅㄟˋ ㄑㄧˊ	動漫	SPY×FAMILY間諜家家酒
貝阿朵莉切	15	ㄅㄟˋ ㄚ ㄉㄨㄛˇ ㄌㄧˋ ㄑㄧㄝˋ	動漫	海貓鳴泣之時
貞子	11	ㄓㄣ ㄗ˙	動漫	借物少女艾莉緹
貴族	16	ㄍㄨㄟˋ ㄗㄨˊ	動漫	世界頂尖的暗殺者轉生為異世界貴族
費倫	21	ㄈㄟˋ ㄌㄨㄣˊ	動漫	葬送的芙莉蓮
費拉特厄	12	ㄈㄟˋ ㄌㄚ ㄊㄜˋ ㄜˋ	動漫	君主·埃爾梅羅二世事件簿
費雷斯	11	ㄈㄟˋ ㄌㄟˊ ㄙ	動漫	青之驅魔師
賢狼赫蘿	13	ㄒㄧㄢˊ ㄌㄤˊ ㄏㄜˋ ㄌㄨㄛˊ	動漫	狼與辛香料
賣藥郎	18	ㄇㄞˋ ㄧㄠˋ ㄌㄤˊ	動漫	怪化貓
賭博	172	ㄉㄨˇ ㄅㄛˊ	動漫	狂賭之淵
賭博默示錄	22	ㄉㄨˇ ㄅㄛˊ ㄇㄛˋ ㄕˋ ㄌㄨˋ	動漫	賭博默示錄
賽卡零	12	ㄙㄞˋ ㄎㄚˇ ㄌㄧㄥˊ	動漫	香格里拉・開拓異境
賽巴斯欽	19	ㄙㄞˋ ㄅㄚ ㄙ ㄑㄧㄣ	動漫	黑執事
賽蕾嘉	15	ㄙㄞˋ ㄌㄟˇ ㄐㄧㄚ	動漫	Re:CREATORS
赤井秀一	9	ㄔˋ ㄐㄧㄥˇ ㄒㄧㄡˋ ㄧ	動漫	名偵探柯南
赤司征十郎	10	ㄔˋ ㄙ ㄓㄥ ㄕˊ ㄌㄤˊ	動漫	黑子的籃球
赤木剛憲	19	ㄔˋ ㄇㄨˋ ㄍㄤ ㄒㄧㄢˋ	動漫	灌籃高手
赤根葵	12	ㄔˋ ㄍㄣ ㄎㄨㄟˊ	動漫	地縛少年花子君
赤澤泉美	14	ㄔˋ ㄗㄜˊ ㄑㄩㄢˊ ㄇㄟˇ	動漫	Another
赤瞳	18	ㄔˋ ㄊㄨㄥˊ	動漫	斬！赤紅之瞳
赤紅之瞳	20	ㄔˋ ㄏㄨㄥˊ ㄓ ㄊㄨㄥˊ	動漫	斬！赤紅之瞳
赤羽業	17	ㄔˋ ㄩˇ ㄧㄝˋ	動漫	暗殺教室
赤羽雷真	17	ㄔˋ ㄩˇ ㄌㄟˊ ㄓㄣ	動漫	機巧少女不會受傷
赤髮白雪姬	20	ㄔˋ ㄈㄚˇ ㄅㄞˊ ㄒㄩㄝˇ ㄐㄧ	動漫	赤髮白雪姬
赫斯緹雅	18	ㄏㄜˋ ㄙ ㄊㄧˊ ㄧㄚˇ	動漫	在地下城尋求邂逅是否搞錯了什麼
赫蘿	18	ㄏㄜˋ ㄌㄨㄛˊ	動漫	狼與辛香料
超電磁砲	25	ㄔㄠ ㄉㄧㄢˋ ㄘˊ ㄆㄠˋ	動漫	科學超電磁砲
越前龍馬	21	ㄩㄝˋ ㄑㄧㄢˊ ㄌㄨㄥˊ ㄇㄚˇ	動漫	網球王子
越谷夏海	14	ㄩㄝˋ ㄍㄨˇ ㄒㄧㄚˋ ㄏㄞˇ	動漫	悠悠哉哉少女日和
越谷小鞠	13	ㄩㄝˋ ㄍㄨˇ ㄒㄧㄠˇ ㄐㄩˊ	動漫	悠悠哉哉少女日和
距離感	13	ㄐㄩˋ ㄌㄧˊ ㄍㄢˇ	動漫	阿波連同學深不可測
跡部景吾	12	ㄐㄧ ㄅㄨˋ ㄐㄧㄥˇ ㄨˊ	動漫	網球王子
路人超能	24	ㄌㄨˋ ㄖㄣˊ ㄔㄠ ㄋㄥˊ	動漫	路人超能100
路克	12	ㄌㄨˋ ㄎㄜˋ	動漫	死亡筆記本
路克賽科爾	9	ㄌㄨˋ ㄎㄜˋ ㄙㄞˋ ㄎㄜ ㄦˇ	動漫	嘆氣的亡靈想隱退
路易斯	15	ㄌㄨˋ ㄧˋ ㄙ	動漫	憂國的莫里亞蒂
路茲	15	ㄌㄨˋ ㄗ	動漫	小書痴的下剋上
躍動青春	21	ㄩㄝˋ ㄉㄨㄥˋ ㄑㄧㄥ ㄔㄨㄣ	動漫	躍動青春
身邊	19	ㄕㄣ ㄅㄧㄢ	動漫	天使降臨到我身邊
車田鐵一	11	ㄔㄜ ㄊㄧㄢˊ ㄊㄧㄝˇ ㄧ	動漫	閃電霹靂車
輔助T細胞	11	ㄈㄨˇ ㄓㄨˋ T ㄒㄧˋ ㄅㄠ	動漫	工作細胞
輕聲	21	ㄑㄧㄥ ㄕㄥ	動漫	不時輕聲地以俄語遮羞的鄰座艾莉同學
輕音部	14	ㄑㄧㄥ ㄧㄣ ㄅㄨˋ	動漫	K-ON!輕音部
輝夜姬	23	ㄏㄨㄟ ㄧㄝˋ ㄐㄧ	動漫	輝夜姬想讓人告白
輪入道	13	ㄌㄨㄣˊ ㄖㄨˋ ㄉㄠˋ	動漫	地獄少女
輪堂鴉夜	18	ㄌㄨㄣˊ ㄊㄤˊ ㄧㄚ ㄧㄝˋ	動漫	不死少女的謀殺鬧劇
轉生	29	ㄓㄨㄢˇ ㄕㄥ	動漫	關於我轉生變成史萊姆這檔事
轉生成	19	ㄓㄨㄢˇ ㄕㄥ ㄔㄥˊ	動漫	轉生成蜘蛛又怎樣
轉生王女	19	ㄓㄨㄢˇ ㄕㄥ ㄨㄤˊ ㄋㄩˇ	動漫	轉生王女與天才千金的魔法革命
轟焦凍	16	ㄏㄨㄥ ㄐㄧㄠ ㄉㄨㄥˋ	動漫	我的英雄學院
轟隆轟隆	11	ㄏㄨㄥ ㄌㄨㄥˊ ㄏㄨㄥ ㄌㄨㄥˊ	動漫	通靈王
辛佐	13	ㄒㄧㄣ ㄗㄨㄛˇ	動漫	BACCANO!大騷動!
辛水龍	14	ㄒㄧㄣ ㄕㄨㄟˇ ㄌㄨㄥˊ	動漫	BANANA FISH
辛耶諾贊	20	ㄒㄧㄣ ㄧㄝ ㄋㄨㄛˋ ㄗㄢˋ	動漫	86－不存在的戰區－
辰石幸次	13	ㄔㄣˊ ㄕˊ ㄒㄧㄥˋ ㄘˋ	動漫	我的幸福婚約
近藤勇	9	ㄐㄧㄣˋ ㄊㄥˊ ㄩㄥˇ	動漫	青之壬生浪
迦勒底	15	ㄐㄧㄚ ㄌㄜˋ ㄉㄧˇ	動漫	Fate/Grand Order
迪亞布羅	11	ㄉㄧˊ ㄧㄚˇ ㄅㄨˋ ㄌㄨㄛˊ	動漫	關於我轉生變成史萊姆這檔事
迪奧布蘭度	11	ㄉㄧˊ ㄠˋ ㄅㄨˋ ㄌㄢˊ ㄉㄨˋ	動漫	JOJO的奇妙冒險
迪斯迪斯	17	ㄉㄧˊ ㄙ ㄉㄧˊ ㄙ	動漫	丹特麗安的書架
迪歐	15	ㄉㄧˊ ㄡ	動漫	新機動戰記鋼彈W
迪特	13	ㄉㄧˊ ㄊㄜˋ	動漫	MONSTER
迪米烏哥斯	15	ㄉㄧˊ ㄇㄧˇ ㄨ ㄍㄜ ㄙ	動漫	OVERLORD
迷糊	20	ㄇㄧˊ ㄏㄨˊ	動漫	校園迷糊大王
逃出農園	14	ㄊㄠˊ ㄔㄨ ㄋㄨㄥˊ ㄩㄢˊ	動漫	約定的夢幻島
逃若黨	12	ㄊㄠˊ ㄖㄨㄛˋ ㄉㄤˇ	動漫	擅長逃跑的殿下
這麼	22	ㄓㄜˋ ㄇㄛ˙	動漫	我的妹妹哪有這麼可愛
通靈王	20	ㄊㄨㄥ ㄌㄧㄥˊ ㄨㄤˊ	動漫	通靈王
造就	20	ㄗㄠˋ ㄐㄧㄡˋ	動漫	平凡職業造就世界最強
逢坂壯五	9	ㄈㄥˊ ㄅㄢˇ ㄓㄨㄤˋ ㄨˇ	動漫	IDOLiSH7
逢坂大河	19	ㄈㄥˊ ㄅㄢˇ ㄉㄚˋ ㄏㄜˊ	動漫	龍與虎
進擊的巨人	7	ㄐㄧㄣˋ ㄐㄧˊ ㄉㄜ˙ ㄐㄩˋ ㄖㄣˊ	動漫	進擊的巨人
進藤光	20	ㄐㄧㄣˋ ㄊㄥˊ ㄍㄨㄤ	動漫	棋靈王
遊戲	15	ㄧㄡˊ ㄒㄧˋ	動漫	刀劍神域
遊戲王	24	ㄧㄡˊ ㄒㄧˋ ㄨㄤˊ	動漫	遊戲王
運動	21	ㄩㄣˋ ㄉㄨㄥˋ	動漫	地。－關於地球的運動－
道蓮	14	ㄉㄠˋ ㄌㄧㄢˊ	動漫	通靈王
達令	8	ㄉㄚˊ ㄌㄧㄥˋ	動漫	福星小子
達克妮絲	15	ㄉㄚˊ ㄎㄜˋ ㄋㄧˊ ㄙ	動漫	為美好的世界獻上祝福
達文西	26	ㄉㄚˊ ㄨㄣˊ ㄒㄧ	動漫	Fate/Grand Order
達米安	14	ㄉㄚˊ ㄇㄧˇ ㄢ	動漫	SPY×FAMILY間諜家家酒
遠坂凜	17	ㄩㄢˇ ㄅㄢˇ ㄌㄧㄣˇ	動漫	Fate/stay night
遠山倫	14	ㄩㄢˇ ㄕㄢ ㄌㄨㄣˊ	動漫	NEW GAME!
遠方	13	ㄩㄢˇ ㄈㄤ	動漫	異修羅
遠藤健兒	20	ㄩㄢˇ ㄊㄥˊ ㄐㄧㄢˋ ㄦˊ	動漫	20世紀少年
遠藤神乃	17	ㄩㄢˇ ㄊㄥˊ ㄕㄣˊ ㄋㄞˇ	動漫	20世紀少年
遠野美凪	11	ㄩㄢˇ ㄧㄝˇ ㄇㄟˇ ㄓˇ	動漫	AIR
遮羞	21	ㄓㄜ ㄒㄧㄡ	動漫	不時輕聲地以俄語遮羞的鄰座艾莉同學
邂逅	23	ㄒㄧㄝˋ ㄏㄡˋ	動漫	在地下城尋求邂逅是否搞錯了什麼
還差得遠呢	13	ㄏㄞˊ ㄔㄚ ㄉㄜ˙ ㄩㄢˇ ㄋㄜ˙	動漫	網球王子
邪王真眼	13	ㄒㄧㄝˊ ㄨㄤˊ ㄓㄣ ㄧㄢˇ	動漫	中二病也想談戀愛
鄉下女孩	12	ㄒㄧㄤ ㄒㄧㄚˋ ㄋㄩˇ ㄏㄞˊ	動漫	躍動青春
鄰座	23	ㄌㄧㄣˊ ㄗㄨㄛˋ	動漫	鄰座的怪同學
酷拉皮卡	18	ㄎㄨˋ ㄌㄚ ㄆㄧˊ ㄎㄚˇ	動漫	獵人
釋迦	37	ㄕˋ ㄐㄧㄚ	動漫	終末的女武神
里包恩	17	ㄌㄧˇ ㄅㄠ ㄣ	動漫	家庭教師HITMAN REBORN!
里昂	17	ㄌㄧˇ ㄤˊ	動漫	七大罪
里歐弗提亞	15	ㄌㄧˇ ㄡ ㄈㄨˊ ㄊㄧˊ ㄧㄚˇ	動漫	PROMARE
里維阿卡曼	17	ㄌㄧˇ ㄨㄟˊ ㄚ ㄎㄚˇ ㄇㄢˋ	動漫	進擊的巨人
里見菜穗子	15	ㄌㄧˇ ㄐㄧㄢˋ ㄘㄞˋ ㄙㄨㄟˋ ㄗ˙	動漫	風起
野原廣志	19	ㄧㄝˇ ㄩㄢˊ ㄍㄨㄤˇ ㄓˋ	動漫	蠟筆小新
野原新之助	25	ㄧㄝˇ ㄩㄢˊ ㄒㄧㄣ ㄓ ㄓㄨˋ	動漫	蠟筆小新
野原美冴	22	ㄧㄝˇ ㄩㄢˊ ㄇㄟˇ ㄏㄨˋ	動漫	蠟筆小新
野原葵	17	ㄧㄝˇ ㄩㄢˊ ㄎㄨㄟˊ	動漫	蠟筆小新
野崎	24	ㄧㄝˇ ㄑㄧˊ	動漫	月刊少女野崎同學
野崎梅太郎	21	ㄧㄝˇ ㄑㄧˊ ㄇㄟˊ ㄊㄞˋ ㄌㄤˊ	動漫	月刊少女野崎同學
野田妹	13	ㄧㄝˇ ㄊㄧㄢˊ ㄇㄟˋ	動漫	交響情人夢
野田惠	21	ㄧㄝˇ ㄊㄧㄢˊ ㄏㄨㄟˋ	動漫	交響情人夢
金恩	13	ㄐㄧㄣ ㄣ	動漫	七大罪
金木研	21	ㄐㄧㄣ ㄇㄨˋ ㄧㄢˊ	動漫	東京喰種
金森沙耶加	15	ㄐㄧㄣ ㄙㄣ ㄕㄚ ㄧㄝ ㄐㄧㄚ	動漫	別對映像研出手！
金田一	25	ㄐㄧㄣ ㄊㄧㄢˊ ㄧ	動漫	金田一少年之事件簿
金田一一	22	ㄐㄧㄣ ㄊㄧㄢˊ ㄧ ㄧ	動漫	金田一少年之事件簿
金髮	39	ㄐㄧㄣ ㄈㄚˇ	動漫	黃金拼圖
釘崎野薔薇	19	ㄉㄧㄥ ㄑㄧˊ ㄧㄝˇ ㄑㄧㄤˊ ㄨㄟˊ	動漫	咒術迴戰
針目縫	12	ㄓㄣ ㄇㄨˋ ㄈㄥˊ	動漫	KILL la KILL
鈴井涼太	16	ㄌㄧㄥˊ ㄐㄧㄥˇ ㄌㄧㄤˊ ㄊㄞˋ	動漫	狂賭之淵
鈴屋什造	12	ㄌㄧㄥˊ ㄨ ㄕㄜˊ ㄗㄠˋ	動漫	東京喰種
鈴芽之旅	25	ㄌㄧㄥˊ ㄧㄚˊ ㄓ ㄌㄩˇ	動漫	鈴芽之旅
鉤爪	13	ㄍㄡ ㄓㄠˇ	動漫	異修羅
銀之匙	22	ㄧㄣˊ ㄓ ㄔˊ	動漫	銀之匙
銀古	20	ㄧㄣˊ ㄍㄨˇ	動漫	蟲師
銀魂	26	ㄧㄣˊ ㄏㄨㄣˊ	動漫	銀魂
銛之塚崇	10	ㄒㄧㄢ ㄓ ㄓㄨㄥˇ ㄔㄨㄥˊ	動漫	櫻蘭高校男公關部
鋼之	26	ㄍㄤ ㄓ	動漫	鋼之鍊金術師
鋼彈	28	ㄍㄤ ㄉㄢˋ	動漫	機動戰士鋼彈SEED
錐生零	15	ㄓㄨㄟ ㄕㄥ ㄌㄧㄥˊ	動漫	吸血鬼騎士
錢婆婆	17	ㄑㄧㄢˊ ㄆㄛˊ ㄆㄛˊ	動漫	神隱少女
錦木千束	22	ㄐㄧㄣˇ ㄇㄨˋ ㄑㄧㄢ ㄕㄨˋ	動漫	莉可麗絲
錯亂坊	12	ㄘㄨㄛˋ ㄌㄨㄢˋ ㄈㄤ	動漫	福星小子
鍊金術師	26	ㄌㄧㄢˋ ㄐㄧㄣ ㄕㄨˋ ㄕ	動漫	鋼之鍊金術師
鏈鋸人	25	ㄌㄧㄢˋ ㄐㄩˋ ㄖㄣˊ	動漫	鏈鋸人
鑽石王牌	21	ㄗㄨㄢˋ ㄕˊ ㄨㄤˊ ㄆㄞˊ	動漫	鑽石王牌
長名馴染	16	ㄔㄤˊ ㄇㄧㄥˊ ㄒㄩㄣˊ ㄖㄢˇ	動漫	古見同學是溝通魯蛇
長月早苗	12	ㄔㄤˊ ㄩㄝˋ ㄗㄠˇ ㄇㄧㄠˊ	動漫	侵略！花枝娘
長瀞同學	20	ㄔㄤˊ ㄐㄧㄥˋ ㄊㄨㄥˊ ㄒㄩㄝˊ	動漫	不要欺負我，長瀞同學
長瀞早瀨	18	ㄔㄤˊ ㄐㄧㄥˋ ㄗㄠˇ ㄌㄞˋ	動漫	不要欺負我，長瀞同學
長野原美緒	18	ㄔㄤˊ ㄧㄝˇ ㄩㄢˊ ㄇㄟˇ ㄒㄩˋ	動漫	日常
長門有希	17	ㄔㄤˊ ㄇㄣˊ ㄧㄡˇ ㄒㄧ	動漫	涼宮春日的憂鬱
閃電霹靂車	21	ㄕㄢˇ ㄉㄧㄢˋ ㄆㄧ ㄌㄧˋ ㄔㄜ	動漫	閃電霹靂車
開拓異境	22	ㄎㄞ ㄊㄨㄛˋ ㄧˋ ㄐㄧㄥˋ	動漫	香格里拉・開拓異境
間桐櫻	15	ㄐㄧㄢ ㄊㄨㄥˊ ㄧㄥ	動漫	Fate/stay night
閻魔大王	16	ㄧㄢˊ ㄇㄛˊ ㄉㄚˋ ㄨㄤˊ	動漫	鬼燈的冷徹
閻魔愛	20	ㄧㄢˊ ㄇㄛˊ ㄞˋ	動漫	地獄少女
闇遊戲	19	ㄢˋ ㄧㄡˊ ㄒㄧˋ	動漫	遊戲王
關於	25	ㄍㄨㄢ ㄩˊ	動漫	關於我轉生變成史萊姆這檔事
關根萌子	13	ㄍㄨㄢ ㄍㄣ ㄇㄥˊ ㄗ˙	動漫	我內心的糟糕念頭
阪本	11	ㄅㄢˇ ㄅㄣˇ	動漫	日常
防風鈴	13	ㄈㄤˊ ㄈㄥ ㄌㄧㄥˊ	動漫	WIND BREAKER防風少年
阿克	16	ㄚ ㄎㄜˋ	動漫	神之塔
阿克婭	20	ㄚ ㄎㄜˋ ㄧㄚˋ	動漫	為美好的世界獻上祝福
阿區	15	ㄚ ㄑㄩ	動漫	20世紀少年
阿卡曼	22	ㄚ ㄎㄚˇ ㄇㄢˋ	動漫	進擊的巨人
阿呆	10	ㄚ ㄉㄞ	動漫	蠟筆小新
阿基曼	17	ㄚ ㄐㄧ ㄇㄢˋ	動漫	Fate/Grand Order
阿奎亞	21	ㄚ ㄎㄨㄟˊ ㄧㄚˇ	動漫	我推的孩子
阿妮莫奈	9	ㄚ ㄋㄧˊ ㄇㄛˋ ㄋㄞˋ	動漫	交響詩篇
阿席莉帕	18	ㄚ ㄒㄧˊ ㄌㄧˋ ㄆㄚˋ	動漫	黃金神威
阿席達卡	23	ㄚ ㄒㄧˊ ㄉㄚˊ ㄎㄚˇ	動漫	魔法公主
阿散井戀次	14	ㄚ ㄙㄢˋ ㄐㄧㄥˇ ㄌㄧㄢˋ ㄘˋ	動漫	BLEACH死神
阿斯哈	15	ㄚ ㄙ ㄏㄚ	動漫	機動戰士鋼彈SEED
阿斯拉	12	ㄚ ㄙ ㄌㄚ	動漫	閃電霹靂車
阿斯蘭薩拉	19	ㄚ ㄙ ㄌㄢˊ ㄙㄚˋ ㄌㄚ	動漫	機動戰士鋼彈SEED
阿梅爾	13	ㄚ ㄇㄟˊ ㄦˇ	動漫	殭屍100～在成為殭屍前要做的100件事～
阿比斯	12	ㄚ ㄅㄧˇ ㄙ	動漫	潘朵拉之心
阿波連	20	ㄚ ㄅㄛ ㄌㄧㄢˊ	動漫	阿波連同學深不可測
阿波連玲奈	17	ㄚ ㄅㄛ ㄌㄧㄢˊ ㄌㄧㄥˊ ㄋㄞˋ	動漫	阿波連同學深不可測
阿烏拉	11	ㄚ ㄨ ㄌㄚ	動漫	葬送的芙莉蓮
阿爾德比特	11	ㄚ ㄦˇ ㄉㄜˊ ㄅㄧˇ ㄊㄜˋ	動漫	PROMARE
阿爾托莉雅	20	ㄚ ㄦˇ ㄊㄨㄛ ㄌㄧˋ ㄧㄚˇ	動漫	Fate/stay night
阿爾敏	19	ㄚ ㄦˇ ㄇㄧㄣˇ	動漫	進擊的巨人
阿爾泰爾	12	ㄚ ㄦˇ ㄊㄞˋ ㄦˇ	動漫	Re:CREATORS
阿爾馮斯	21	ㄚ ㄦˇ ㄈㄥˊ ㄙ	動漫	鋼之鍊金術師
阿維里歐	18	ㄚ ㄨㄟˊ ㄌㄧˇ ㄡ	動漫	91Days
阿良良木曆	21	ㄚ ㄌㄧㄤˊ ㄌㄧㄤˊ ㄇㄨˋ ㄌㄧˋ	動漫	物語系列
阿蕾塔	14	ㄚ ㄌㄟˇ ㄊㄚˇ	動漫	異世界食堂
阿虛	20	ㄚ ㄒㄩ	動漫	涼宮春日的憂鬱
阿謝拉特	17	ㄚ ㄒㄧㄝˋ ㄌㄚ ㄊㄜˋ	動漫	Vinland Saga海盜戰記
阿部隆也	14	ㄚ ㄅㄨˋ ㄌㄨㄥˊ ㄧㄝˇ	動漫	王牌投手振臂高揮
阿里	12	ㄚ ㄌㄧˇ	動漫	ALDNOAH.ZERO
阿雷路亞	15	ㄚ ㄌㄟˊ ㄌㄨˋ ㄧㄚˇ	動漫	機動戰士鋼彈00
阿黛爾海德	9	ㄚ ㄉㄞˋ ㄦˇ ㄏㄞˇ ㄉㄜˊ	動漫	異世界食堂
降臨	19	ㄐㄧㄤˋ ㄌㄧㄣˊ	動漫	天使降臨到我身邊
降谷千紘	14	ㄐㄧㄤˋ ㄍㄨˇ ㄑㄧㄢ ㄏㄨㄥˊ	動漫	散華禮彌
降谷曉	16	ㄐㄧㄤˋ ㄍㄨˇ ㄒㄧㄠˇ	動漫	鑽石王牌
降谷萌路	11	ㄐㄧㄤˋ ㄍㄨˇ ㄇㄥˊ ㄌㄨˋ	動漫	散華禮彌
限定猜拳	13	ㄒㄧㄢˋ ㄉㄧㄥˋ ㄘㄞ ㄑㄩㄢˊ	動漫	賭博默示錄
陣內侘助	15	ㄓㄣˋ ㄋㄟˋ ㄔㄚˋ ㄓㄨˋ	動漫	夏日大作戰
陣內榮	12	ㄓㄣˋ ㄋㄟˋ ㄖㄨㄥˊ	動漫	夏日大作戰
陳毛利	17	ㄔㄣˊ ㄇㄠˊ ㄌㄧˋ	動漫	高校之神
陸少糖	16	ㄌㄨˋ ㄕㄠˇ ㄊㄤˊ	動漫	坂本日常
陽務樂郎	20	ㄧㄤˊ ㄨˋ ㄌㄜˋ ㄌㄤˊ	動漫	香格里拉・開拓異境
隱退	18	ㄧㄣˇ ㄊㄨㄟˋ	動漫	嘆氣的亡靈想隱退
雀斑公主	21	ㄑㄩㄝˋ ㄅㄢ ㄍㄨㄥ ㄓㄨˇ	動漫	龍與雀斑公主
雅兒貝德	19	ㄧㄚˇ ㄦˊ ㄅㄟˋ ㄉㄜˊ	動漫	OVERLORD
雙葉杏	9	ㄕㄨㄤ ㄧㄝˋ ㄒㄧㄥˋ	動漫	偶像大師灰姑娘女孩
雙葉理央	13	ㄕㄨㄤ ㄧㄝˋ ㄌㄧˇ ㄧㄤ	動漫	青春豬頭少年不會夢到兔女郎學姊
雛鶴愛	15	ㄔㄨˊ ㄏㄜˋ ㄞˋ	動漫	龍王的工作！
雨和雪	21	ㄩˇ ㄏㄜˊ ㄒㄩㄝˇ	動漫	狼的孩子雨和雪
雨流美彌音	15	ㄩˇ ㄌㄧㄡˊ ㄇㄟˇ ㄇㄧˊ ㄧㄣ	動漫	未來日記
雪之下雪乃	17	ㄒㄩㄝˇ ㄓ ㄒㄧㄚˋ ㄒㄩㄝˇ ㄋㄞˇ	動漫	果然我的青春戀愛喜劇搞錯了
雪女冰麗	15	ㄒㄩㄝˇ ㄋㄩˇ ㄅㄧㄥ ㄌㄧˋ	動漫	妖怪少爺
雪姬	21	ㄒㄩㄝˇ ㄐㄧ	動漫	靈異教師神眉
雪次	13	ㄒㄩㄝˇ ㄘˋ	動漫	20世紀少年
雲雀恭彌	12	ㄩㄣˊ ㄑㄩㄝˋ ㄍㄨㄥ ㄇㄧˊ	動漫	家庭教師HITMAN REBORN!
零之使魔	22	ㄌㄧㄥˊ ㄓ ㄕˇ ㄇㄛˊ	動漫	零之使魔
雷伊	12	ㄌㄟˊ ㄧ	動漫	北斗神拳
雷姆	18	ㄌㄟˊ ㄇㄨˇ	動漫	Re:從零開始的異世界生活
雷恩	12	ㄌㄟˊ ㄣ	動漫	中華一番
雷斯	14	ㄌㄟˊ ㄙ	動漫	神之塔
雷查夫	19	ㄌㄟˊ ㄔㄚˊ ㄈㄨ	動漫	幼女戰記
雷格	17	ㄌㄟˊ ㄍㄜˊ	動漫	來自深淵
雷歐力	16	ㄌㄟˊ ㄡ ㄌㄧˋ	動漫	獵人
雷歐奈	12	ㄌㄟˊ ㄡ ㄋㄞˋ	動漫	斬！赤紅之瞳
雷阿斯	19	ㄌㄟˊ ㄚ ㄙ	動漫	魔法騎士雷阿斯
雷魯根	14	ㄌㄟˊ ㄌㄨˇ ㄍㄣ	動漫	幼女戰記
霍爾	27	ㄏㄨㄛˋ ㄦˇ	動漫	霍爾的移動城堡
霍蘭德	12	ㄏㄨㄛˋ ㄌㄢˊ ㄉㄜˊ	動漫	交響詩篇
霍金斯	17	ㄏㄨㄛˋ ㄐㄧㄣ ㄙ	動漫	紫羅蘭永恆花園
霧子	13	ㄨˋ ㄗ˙	動漫	蒼鷺與少年
霧島佳乃	13	ㄨˋ ㄉㄠˇ ㄐㄧㄚ ㄋㄞˇ	動漫	AIR
霧島翔子	10	ㄨˋ ㄉㄠˇ ㄒㄧㄤˊ ㄗ˙	動漫	笨蛋，測驗，召喚獸
霧嶋董香	18	ㄨˋ ㄉㄠˇ ㄉㄨㄥˇ ㄒㄧㄤ	動漫	東京喰種
霧澤風子	13	ㄨˋ ㄗㄜˊ ㄈㄥ ㄗ˙	動漫	烈火之炎
露崎真晝	11	ㄌㄨˋ ㄑㄧˊ ㄓㄣ ㄓㄡˋ	動漫	少女歌劇Revue Starlight
露易絲	20	ㄌㄨˋ ㄧˋ ㄙ	動漫	零之使魔
露比	18	ㄌㄨˋ ㄅㄧˇ	動漫	我推的孩子
露營	117	ㄌㄨˋ ㄧㄥˊ	動漫	搖曳露營
露維亞	10	ㄌㄨˋ ㄨㄟˊ ㄧㄚˇ	動漫	Fate/kaleid liner魔法少女☆伊莉雅
露西	20	ㄌㄨˋ ㄒㄧ	動漫	FAIRY TAIL魔導少年
霹靂	14	ㄆㄧ ㄌㄧˋ	動漫	小魔女DoReMi
霹靂卡	13	ㄆㄧ ㄌㄧˋ ㄎㄚˇ	動漫	小魔女DoReMi
靈丸	13	ㄌㄧㄥˊ ㄨㄢˊ	動漫	幽遊白書
靈幻新隆	19	ㄌㄧㄥˊ ㄏㄨㄢˋ ㄒㄧㄣ ㄌㄨㄥˊ	動漫	路人超能100
靈異	21	ㄌㄧㄥˊ ㄧˋ	動漫	靈異教師神眉
靈魂共鳴	11	ㄌㄧㄥˊ ㄏㄨㄣˊ ㄍㄨㄥˋ ㄇㄧㄥˊ	動漫	噬魂者
青之壬生浪	18	ㄑㄧㄥ ㄓ ㄖㄣˊ ㄕㄥ ㄌㄤˋ	動漫	青之壬生浪
青之箱	22	ㄑㄧㄥ ㄓ ㄒㄧㄤ	動漫	青之箱
青之驅魔師	20	ㄑㄧㄥ ㄓ ㄑㄩ ㄇㄛˊ ㄕ	動漫	青之驅魔師
青峰大輝	12	ㄑㄧㄥ ㄈㄥ ㄉㄚˋ ㄏㄨㄟ	動漫	黑子的籃球
青嵐	13	ㄑㄧㄥ ㄌㄢˊ	動漫	百鬼夜行抄
青春	345	ㄑㄧㄥ ㄔㄨㄣ	動漫	蜂蜜幸運草
青春之旅	21	ㄑㄧㄥ ㄔㄨㄣ ㄓ ㄌㄩˇ	動漫	青春之旅
青春期	13	ㄑㄧㄥ ㄔㄨㄣ ㄑㄧˊ	動漫	青春豬頭少年不會夢到兔女郎學姊
青春紀行	20	ㄑㄧㄥ ㄔㄨㄣ ㄐㄧˋ ㄒㄧㄥˊ	動漫	青春紀行
青木勝	11	ㄑㄧㄥ ㄇㄨˋ ㄕㄥˋ	動漫	第一神拳
青田坊	14	ㄑㄧㄥ ㄊㄧㄢˊ ㄈㄤ	動漫	妖怪少爺
靜香	19	ㄐㄧㄥˋ ㄒㄧㄤ	動漫	哆啦A夢
面堂終太郎	15	ㄇㄧㄢˋ ㄊㄤˊ ㄓㄨㄥ ㄊㄞˋ ㄌㄤˊ	動漫	福星小子
鞍馬	12	ㄢ ㄇㄚˇ	動漫	元氣少女緣結神
韋伯	11	ㄨㄟˊ ㄅㄛˊ	動漫	Fate/Zero
韓大偉	15	ㄏㄢˊ ㄉㄚˋ ㄨㄟˇ	動漫	高校之神
音無結弦	21	ㄧㄣ ㄨˊ ㄐㄧㄝˊ ㄒㄧㄢˊ	動漫	Angel Beats!
音無響子	18	ㄧㄣ ㄨˊ ㄒㄧㄤˇ ㄗ˙	動漫	相聚一刻
音速索尼克	17	ㄧㄣ ㄙㄨˋ ㄙㄨㄛˇ ㄋㄧˊ ㄎㄜˋ	動漫	一拳超人
響良牙	17	ㄒㄧㄤˇ ㄌㄧㄤˊ ㄧㄚˊ	動漫	亂馬1/2
響裕太	18	ㄒㄧㄤˇ ㄩˋ ㄊㄞˋ	動漫	SSSS.GRIDMAN
須之宮	11	ㄒㄩ ㄓ ㄍㄨㄥ	動漫	不要欺負我，長瀞同學
須和弘人	14	ㄒㄩ ㄏㄜˊ ㄏㄨㄥˊ ㄖㄣˊ	動漫	orange橘色奇蹟
須王環	18	ㄒㄩ ㄨㄤˊ ㄏㄨㄢˊ	動漫	櫻蘭高校男公關部
須賀圭介	15	ㄒㄩ ㄏㄜˋ ㄍㄨㄟ ㄐㄧㄝˋ	動漫	天氣之子
須鄉伸之	10	ㄒㄩ ㄒㄧㄤ ㄕㄣ ㄓ	動漫	刀劍神域
領域展開	16	ㄌㄧㄥˇ ㄩˋ ㄓㄢˇ ㄎㄞ	動漫	咒術迴戰
頭文字D	24	ㄊㄡˊ ㄨㄣˊ ㄗˋ D	動漫	頭文字D
風之傷	15	ㄈㄥ ㄓ ㄕㄤ	動漫	犬夜叉
風平浪靜	20	ㄈㄥ ㄆㄧㄥˊ ㄌㄤˋ ㄐㄧㄥˋ	動漫	來自風平浪靜的明日
風早翔太	17	ㄈㄥ ㄗㄠˇ ㄒㄧㄤˊ ㄊㄞˋ	動漫	只想告訴你
風祭監志	14	ㄈㄥ ㄐㄧˋ ㄐㄧㄢ ㄓˋ	動漫	WITCH WATCH魔女守護者
風見隼人	19	ㄈㄥ ㄐㄧㄢˋ ㄓㄨㄣˇ ㄖㄣˊ	動漫	閃電霹靂車
風起	20	ㄈㄥ ㄑㄧˇ	動漫	風起
風間徹	15	ㄈㄥ ㄐㄧㄢ ㄔㄜˋ	動漫	蠟筆小新
風間蒼太	11	ㄈㄥ ㄐㄧㄢ ㄘㄤ ㄊㄞˋ	動漫	前輩有夠煩
飆速宅男	20	ㄅㄧㄠ ㄙㄨˋ ㄓㄞˊ ㄋㄢˊ	動漫	飆速宅男
飛吧	15	ㄈㄟ ㄅㄚ˙	動漫	排球少年
飛天御劍流	14	ㄈㄟ ㄊㄧㄢ ㄩˋ ㄐㄧㄢˋ ㄌㄧㄡˊ	動漫	神劍闖江湖
飛影	14	ㄈㄟ ㄧㄥˇ	動漫	幽遊白書
飛鳥了	15	ㄈㄟ ㄋㄧㄠˇ ㄌㄜ˙	動漫	DEVILMAN crybaby
飛鳥川千瀨	11	ㄈㄟ ㄋㄧㄠˇ ㄔㄨㄢ ㄑㄧㄢ ㄌㄞˋ	動漫	SSSS.DYNAZENON
飛鳥桃子	12	ㄈㄟ ㄋㄧㄠˇ ㄊㄠˊ ㄗ˙	動漫	小魔女DoReMi
食戟之靈	23	ㄕˊ ㄐㄧˇ ㄓ ㄌㄧㄥˊ	動漫	食戟之靈
食蜂操祈	13	ㄕˊ ㄈㄥ ㄘㄠ ㄑㄧˊ	動漫	科學超電磁砲
飯嶋司	15	ㄈㄢˋ ㄉㄠˇ ㄙ	動漫	百鬼夜行抄
飯嶋律	17	ㄈㄢˋ ㄉㄠˇ ㄌㄩˋ	動漫	百鬼夜行抄
飯嶋蝸牛	11	ㄈㄢˋ ㄉㄠˇ ㄍㄨㄚ ㄋㄧㄡˊ	動漫	百鬼夜行抄
餓狼	12	ㄜˋ ㄌㄤˊ	動漫	一拳超人
首無	12	ㄕㄡˇ ㄨˊ	動漫	妖怪少爺
香吉士	8	ㄒㄧㄤ ㄐㄧˊ ㄕˋ	動漫	航海王
香格里拉	22	ㄒㄧㄤ ㄍㄜˊ ㄌㄧˇ ㄌㄚ	動漫	香格里拉・開拓異境
香風智乃	16	ㄒㄧㄤ ㄈㄥ ㄓˋ ㄋㄞˇ	動漫	請問您今天要來點兔子嗎？
馬丁尼茲	22	ㄇㄚˇ ㄉㄧㄥ ㄋㄧˊ ㄗ	動漫	Cyberpunk: Edgerunners
馬斯坦古	18	ㄇㄚˇ ㄙ ㄊㄢˇ ㄍㄨˇ	動漫	鋼之鍊金術師
馬淵洸	16	ㄇㄚˇ ㄩㄢ ㄏㄨㄤˇ	動漫	青春之旅
馬狼照英	11	ㄇㄚˇ ㄌㄤˊ ㄓㄠˋ ㄧㄥ	動漫	藍色監獄
馬瑟納斯	14	ㄇㄚˇ ㄙㄜˋ ㄋㄚˋ ㄙ	動漫	機動戰士鋼彈UC
馬魯克	14	ㄇㄚˇ ㄌㄨˇ ㄎㄜˋ	動漫	霍爾的移動城堡
馮提古	19	ㄈㄥˊ ㄊㄧˊ ㄍㄨˇ	動漫	幼女戰記
馳井靜句	14	ㄔˊ ㄐㄧㄥˇ ㄐㄧㄥˋ ㄐㄩˋ	動漫	不死少女的謀殺鬧劇
駒場一郎	15	ㄐㄩ ㄔㄤˇ ㄧ ㄌㄤˊ	動漫	銀之匙
騎士	26	ㄑㄧˊ ㄕˋ	動漫	無頭騎士異聞錄DuRaRaRa!!
騙人布	17	ㄆㄧㄢˋ ㄖㄣˊ ㄅㄨˋ	動漫	航海王
驅魔少年	20	ㄑㄩ ㄇㄛˊ ㄕㄠˋ ㄋㄧㄢˊ	動漫	驅魔少年
驅魔師	21	ㄑㄩ ㄇㄛˊ ㄕ	動漫	驅魔少年
驚爆危機	21	ㄐㄧㄥ ㄅㄠˋ ㄨㄟˊ ㄐㄧ	動漫	驚爆危機
骨女	15	ㄍㄨˇ ㄋㄩˇ	動漫	地獄少女
高中生	23	ㄍㄠ ㄓㄨㄥ ㄕㄥ	動漫	男子高中生的日常
高倉健	18	ㄍㄠ ㄘㄤ ㄐㄧㄢˋ	動漫	膽大黨
高坂京介	20	ㄍㄠ ㄅㄢˇ ㄐㄧㄥ ㄐㄧㄝˋ	動漫	我的妹妹哪有這麼可愛
高坂桐乃	17	ㄍㄠ ㄅㄢˇ ㄊㄨㄥˊ ㄋㄞˇ	動漫	我的妹妹哪有這麼可愛
高坂穗乃果	22	ㄍㄠ ㄅㄢˇ ㄙㄨㄟˋ ㄋㄞˇ ㄍㄨㄛˇ	動漫	Love Live!
高宮菜穗	18	ㄍㄠ ㄍㄨㄥ ㄘㄞˋ ㄙㄨㄟˋ	動漫	orange橘色奇蹟
高崎美咲	14	ㄍㄠ ㄑㄧˊ ㄇㄟˇ ㄒㄧㄠˋ	動漫	戀愛與謊言
高揮	18	ㄍㄠ ㄏㄨㄟ	動漫	王牌投手振臂高揮
高木	21	ㄍㄠ ㄇㄨˋ	動漫	擅長捉弄人的高木同學
高木同學	23	ㄍㄠ ㄇㄨˋ ㄊㄨㄥˊ ㄒㄩㄝˊ	動漫	擅長捉弄人的高木同學
高木泰士	12	ㄍㄠ ㄇㄨˋ ㄊㄞˋ ㄕˋ	動漫	NANA
高杉晉助	11	ㄍㄠ ㄕㄢ ㄐㄧㄣˋ ㄓㄨˋ	動漫	銀魂
高校	24	ㄍㄠ ㄒㄧㄠˋ	動漫	櫻蘭高校男公關部
高校之神	19	ㄍㄠ ㄒㄧㄠˋ ㄓ ㄕㄣˊ	動漫	高校之神
高槻彌生	12	ㄍㄠ ㄍㄨㄟ ㄇㄧˊ ㄕㄥ	動漫	偶像大師
高橋啟介	17	ㄍㄠ ㄑㄧㄠˊ ㄑㄧˇ ㄐㄧㄝˋ	動漫	頭文字D
高橋涼介	19	ㄍㄠ ㄑㄧㄠˊ ㄌㄧㄤˊ ㄐㄧㄝˋ	動漫	頭文字D
高海千歌	20	ㄍㄠ ㄏㄞˇ ㄑㄧㄢ ㄍㄜ	動漫	Love Live! Sunshine!!
高瀨春彥	17	ㄍㄠ ㄌㄞˋ ㄔㄨㄣ ㄧㄢˋ	動漫	徒然喜歡你
高瑟	10	ㄍㄠ ㄙㄜˋ	動漫	七大罪
高町奈葉	19	ㄍㄠ ㄊㄧㄥˇ ㄋㄞˋ ㄧㄝˋ	動漫	魔法少女奈葉
高石武	10	ㄍㄠ ㄕˊ ㄨˇ	動漫	數碼寶貝大冒險
高良美幸	13	ㄍㄠ ㄌㄧㄤˊ ㄇㄟˇ ㄒㄧㄥˋ	動漫	幸運☆星
高速婆婆	11	ㄍㄠ ㄙㄨˋ ㄆㄛˊ ㄆㄛˊ	動漫	膽大黨
高遠遙一	13	ㄍㄠ ㄩㄢˇ ㄧㄠˊ ㄧ	動漫	金田一少年之事件簿
高野千鶴	11	ㄍㄠ ㄧㄝˇ ㄑㄧㄢ ㄏㄜˋ	動漫	徒然喜歡你
高野晶	11	ㄍㄠ ㄧㄝˇ ㄐㄧㄥ	動漫	校園迷糊大王
高順	17	ㄍㄠ ㄕㄨㄣˋ	動漫	藥師少女的獨語
高須龍兒	22	ㄍㄠ ㄒㄩ ㄌㄨㄥˊ ㄦˊ	動漫	龍與虎
鬧著玩	15	ㄋㄠˋ ㄓㄜ˙ ㄨㄢˊ	動漫	刀劍神域
鬼之手	12	ㄍㄨㄟˇ ㄓ ㄕㄡˇ	動漫	靈異教師神眉
鬼之血	11	ㄍㄨㄟˇ ㄓ ㄒㄩㄝˇ	動漫	桃源暗鬼
鬼塚英吉	20	ㄍㄨㄟˇ ㄓㄨㄥˇ ㄧㄥ ㄐㄧˊ	動漫	麻辣教師GTO
鬼滅之刃	10	ㄍㄨㄟˇ ㄇㄧㄝˋ ㄓ ㄖㄣˋ	動漫	鬼滅之刃
鬼燈	22	ㄍㄨㄟˇ ㄉㄥ	動漫	鬼燈的冷徹
鬼燈的冷徹	21	ㄍㄨㄟˇ ㄉㄥ ㄉㄜ˙ ㄌㄥˇ ㄔㄜˋ	動漫	鬼燈的冷徹
鬼龍院皐月	17	ㄍㄨㄟˇ ㄌㄨㄥˊ ㄩㄢˋ ㄍㄠ ㄩㄝˋ	動漫	KILL la KILL
魅上照	12	ㄇㄟˋ ㄕㄤˋ ㄓㄠˋ	動漫	死亡筆記本
魔人	20	ㄇㄛˊ ㄖㄣˊ	動漫	魔人偵探腦嚙涅羅
魔女宅急便	25	ㄇㄛˊ ㄋㄩˇ ㄓㄞˊ ㄐㄧˊ ㄅㄧㄢˋ	動漫	魔女宅急便
魔女守護者	12	ㄇㄛˊ ㄋㄩˇ ㄕㄡˇ ㄏㄨˋ ㄓㄜˇ	動漫	WITCH WATCH魔女守護者
魔法	30	ㄇㄛˊ ㄈㄚˇ	動漫	魔法少女小圓
魔法使	26	ㄇㄛˊ ㄈㄚˇ ㄕˇ	動漫	魔法使的新娘
魔法公主	25	ㄇㄛˊ ㄈㄚˇ ㄍㄨㄥ ㄓㄨˇ	動漫	魔法公主
魔法少女	26	ㄇㄛˊ ㄈㄚˇ ㄕㄠˋ ㄋㄩˇ	動漫	魔法少女小圓
魔法帝	13	ㄇㄛˊ ㄈㄚˇ ㄉㄧˋ	動漫	黑色五葉草
魔法革命	20	ㄇㄛˊ ㄈㄚˇ ㄍㄜˊ ㄇㄧㄥˋ	動漫	轉生王女與天才千金的魔法革命
魔法騎士	20	ㄇㄛˊ ㄈㄚˇ ㄑㄧˊ ㄕˋ	動漫	魔法騎士雷阿斯
魔術協會	12	ㄇㄛˊ ㄕㄨˋ ㄒㄧㄝˊ ㄏㄨㄟˋ	動漫	君主·埃爾梅羅二世事件簿
魯蛇	23	ㄌㄨˇ ㄕㄜˊ	動漫	古見同學是溝通魯蛇
魯路修	23	ㄌㄨˇ ㄌㄨˋ ㄒㄧㄡ	動漫	Code Geass反叛的魯路修
魯迪格爾	11	ㄌㄨˇ ㄉㄧˊ ㄍㄜˊ ㄦˇ	動漫	幼女戰記
魯迪烏斯	22	ㄌㄨˇ ㄉㄧˊ ㄨ ㄙ	動漫	無職轉生
鮎澤美咲	19	ㄋㄧㄢˊ ㄗㄜˊ ㄇㄟˇ ㄒㄧㄠˋ	動漫	會長是女僕大人
鮮血	61	ㄒㄧㄢ ㄒㄧㄝˇ	動漫	KILL la KILL
鳥束零太	13	ㄋㄧㄠˇ ㄕㄨˋ ㄌㄧㄥˊ ㄊㄞˋ	動漫	齊木楠雄的災難
鳥籠使者	12	ㄋㄧㄠˇ ㄌㄨㄥˊ ㄕˇ ㄓㄜˇ	動漫	不死少女的謀殺鬧劇
鳳凰寺紅葉	15	ㄈㄥˋ ㄏㄨㄤˊ ㄙˋ ㄏㄨㄥˊ ㄧㄝˋ	動漫	女神咖啡廳
鳳凰寺風	13	ㄈㄥˋ ㄏㄨㄤˊ ㄙˋ ㄈㄥ	動漫	魔法騎士雷阿斯
鳳鏡夜	16	ㄈㄥˋ ㄐㄧㄥˋ ㄧㄝˋ	動漫	櫻蘭高校男公關部
鳴子章吉	14	ㄇㄧㄥˊ ㄗ˙ ㄓㄤ ㄐㄧˊ	動漫	飆速宅男
鳴泣之時	19	ㄇㄧㄥˊ ㄑㄧˋ ㄓ ㄕˊ	動漫	海貓鳴泣之時
鳶一折紙	17	ㄩㄢ ㄧ ㄓㄜˊ ㄓˇ	動漫	約會大作戰
鵺野鳴介	19	ㄧㄝˋ ㄧㄝˇ ㄇㄧㄥˊ ㄐㄧㄝˋ	動漫	靈異教師神眉
鶴來民子	15	ㄏㄜˋ ㄌㄞˊ ㄇㄧㄣˊ ㄗ˙	動漫	花開物語
鶴河秋水	12	ㄏㄜˋ ㄏㄜˊ ㄑㄧㄡ ㄕㄨㄟˇ	動漫	女神咖啡廳
鶴見中尉	14	ㄏㄜˋ ㄐㄧㄢˋ ㄓㄨㄥ ㄨㄟˋ	動漫	黃金神威
鶴見知利子	13	ㄏㄜˋ ㄐㄧㄢˋ ㄓ ㄌㄧˋ ㄗ˙	動漫	未聞花名
鷹村守	15	ㄧㄥ ㄘㄨㄣ ㄕㄡˇ	動漫	第一神拳
鷺之宮伊澄	12	ㄌㄨˋ ㄓ ㄍㄨㄥ ㄧ ㄔㄥˊ	動漫	旋風管家
鹿島虎太郎	15	ㄌㄨˋ ㄉㄠˇ ㄏㄨˇ ㄊㄞˋ ㄌㄤˊ	動漫	學園奶爸
鹿島遊	12	ㄌㄨˋ ㄉㄠˇ ㄧㄡˊ	動漫	月刊少女野崎同學
鹿島龍一	17	ㄌㄨˋ ㄉㄠˇ ㄌㄨㄥˊ ㄧ	動漫	學園奶爸
鹿目圓	24	ㄌㄨˋ ㄇㄨˋ ㄩㄢˊ	動漫	魔法少女小圓
鹿野千夏	17	ㄌㄨˋ ㄧㄝˇ ㄑㄧㄢ ㄒㄧㄚˋ	動漫	青之箱
麗日御茶子	18	ㄌㄧˋ ㄖˋ ㄩˋ ㄔㄚˊ ㄗ˙	動漫	我的英雄學院
麥斯威爾	15	ㄇㄞˋ ㄙ ㄨㄟ ㄦˇ	動漫	新機動戰記鋼彈W
麻中蓬	16	ㄇㄚˊ ㄓㄨㄥ ㄆㄥˊ	動漫	SSSS.DYNAZENON
麻倉葉	18	ㄇㄚˊ ㄘㄤ ㄧㄝˋ	動漫	通靈王
麻辣教師	22	ㄇㄚˊ ㄌㄚˋ ㄐㄧㄠˋ ㄕ	動漫	麻辣教師GTO
黃瀨涼太	16	ㄏㄨㄤˊ ㄌㄞˋ ㄌㄧㄤˊ ㄊㄞˋ	動漫	黑子的籃球
黃金拼圖	19	ㄏㄨㄤˊ ㄐㄧㄣ ㄆㄧㄣ ㄊㄨˊ	動漫	黃金拼圖
黃金神威	23	ㄏㄨㄤˊ ㄐㄧㄣ ㄕㄣˊ ㄨㄟ	動漫	黃金神威
黃金魔女	11	ㄏㄨㄤˊ ㄐㄧㄣ ㄇㄛˊ ㄋㄩˇ	動漫	海貓鳴泣之時
黎明卿	10	ㄌㄧˊ ㄇㄧㄥˊ ㄑㄧㄥ	動漫	來自深淵
黑主優姬	18	ㄏㄟ ㄓㄨˇ ㄧㄡ ㄐㄧ	動漫	吸血鬼騎士
黑執事	24	ㄏㄟ ㄓˊ ㄕˋ	動漫	黑執事
黑子哲也	21	ㄏㄟ ㄗˇ ㄓㄜˊ ㄧㄝˇ	動漫	黑子的籃球
黑子的籃球	23	ㄏㄟ ㄗˇ ㄉㄜ˙ ㄌㄢˊ ㄑㄧㄡˊ	動漫	黑子的籃球
黑崎一護	24	ㄏㄟ ㄑㄧˊ ㄧ ㄏㄨˋ	動漫	BLEACH死神
黑川茜	14	ㄏㄟ ㄔㄨㄢ ㄑㄧㄢˋ	動漫	我推的孩子
黑帽大人	17	ㄏㄟ ㄇㄠˋ ㄉㄚˋ ㄖㄣˊ	動漫	魔法公主
黑德	12	ㄏㄟ ㄉㄜˊ	動漫	神之塔
黑暗集會	20	ㄏㄟ ㄢˋ ㄐㄧˊ ㄏㄨㄟˋ	動漫	黑暗集會
黑柳亮	9	ㄏㄟ ㄌㄧㄡˇ ㄌㄧㄤˋ	動漫	烘焙王
黑桐幹也	17	ㄏㄟ ㄊㄨㄥˊ ㄍㄢˋ ㄧㄝˇ	動漫	空之境界
黑桐鮮花	13	ㄏㄟ ㄊㄨㄥˊ ㄒㄧㄢ ㄏㄨㄚ	動漫	空之境界
黑沼爽子	20	ㄏㄟ ㄓㄠˇ ㄕㄨㄤˇ ㄗ˙	動漫	只想告訴你
黑澤露比	14	ㄏㄟ ㄗㄜˊ ㄌㄨˋ ㄅㄧˇ	動漫	Love Live! Sunshine!!
黑澤黛雅	13	ㄏㄟ ㄗㄜˊ ㄉㄞˋ ㄧㄚˇ	動漫	Love Live! Sunshine!!
黑王子	20	ㄏㄟ ㄨㄤˊ ㄗˇ	動漫	狼少女與黑王子
黑色五葉草	23	ㄏㄟ ㄙㄜˋ ㄨˇ ㄧㄝˋ ㄘㄠˇ	動漫	黑色五葉草
黑貓	19	ㄏㄟ ㄇㄠ	動漫	我的妹妹哪有這麼可愛
黑部夏美	10	ㄏㄟ ㄅㄨˋ ㄒㄧㄚˋ ㄇㄟˇ	動漫	前輩有夠煩
黑雪公主	15	ㄏㄟ ㄒㄩㄝˇ ㄍㄨㄥ ㄓㄨˇ	動漫	加速世界
黛安娜	22	ㄉㄞˋ ㄢ ㄋㄚˋ	動漫	七大罪
黛拓武	12	ㄉㄞˋ ㄊㄨㄛˋ ㄨˇ	動漫	加速世界
齊木楠雄	25	ㄑㄧˊ ㄇㄨˋ ㄋㄢˊ ㄒㄩㄥˊ	動漫	齊木楠雄的災難
齊藤惠那	13	ㄑㄧˊ ㄊㄥˊ ㄏㄨㄟˋ ㄋㄚˋ	動漫	搖曳露營
齋森美世	19	ㄓㄞ ㄙㄣ ㄇㄟˇ ㄕˋ	動漫	我的幸福婚約
齋森香耶	14	ㄓㄞ ㄙㄣ ㄒㄧㄤ ㄧㄝ	動漫	我的幸福婚約
齋藤一	14	ㄓㄞ ㄊㄥˊ ㄧ	動漫	神劍闖江湖
龍之峰帝人	20	ㄌㄨㄥˊ ㄓ ㄈㄥ ㄉㄧˋ ㄖㄣˊ	動漫	無頭騎士異聞錄DuRaRaRa!!
龍咲海	15	ㄌㄨㄥˊ ㄒㄧㄠˋ ㄏㄞˇ	動漫	魔法騎士雷阿斯
龍宮寺堅	17	ㄌㄨㄥˊ ㄍㄨㄥ ㄙˋ ㄐㄧㄢ	動漫	東京復仇者
龍宮禮奈	17	ㄌㄨㄥˊ ㄍㄨㄥ ㄌㄧˇ ㄋㄞˋ	動漫	寒蟬鳴泣之時
龍崎怜	11	ㄌㄨㄥˊ ㄑㄧˊ ㄌㄧㄥˊ	動漫	Free!男子游泳部
龍崎憲一朗	15	ㄌㄨㄥˊ ㄑㄧˊ ㄒㄧㄢˋ ㄧ ㄌㄤˇ	動漫	殭屍100～在成為殭屍前要做的100件事～
龍王	32	ㄌㄨㄥˊ ㄨㄤˊ	動漫	龍王的工作！
龍與虎	24	ㄌㄨㄥˊ ㄩˇ ㄏㄨˇ	動漫	龍與虎
龍貓	19	ㄌㄨㄥˊ ㄇㄠ	動漫	龍貓
龜派氣功	16	ㄍㄨㄟ ㄆㄞˋ ㄑㄧˋ ㄍㄨㄥ	動漫	七龍珠
