source_word	word	reading	reason
亂馬1/2	亂馬二分之一	ㄌㄨㄢˋ ㄇㄚˇ ㄦˋ ㄈㄣ ㄓ ㄧ	分數改中文寫法
俺物語!!	俺物語	ㄢˇ ㄨˋ ㄩˇ	移除不發音的標題驚嘆號
剎那F塞耶	剎那艾弗塞耶	ㄔㄚˋ ㄋㄚˋ ㄞˋ ㄈㄨˊ ㄙㄜˋ ㄧㄝ	F 以艾弗作中文輸入別名
哆啦A夢	哆啦欸夢	ㄉㄨㄛ ㄌㄚ ㄟ ㄇㄥˋ	A 以欸作中文輸入別名
存在X	存在艾克斯	ㄘㄨㄣˊ ㄗㄞˋ ㄞˋ ㄎㄜˋ ㄙ	X 以艾克斯作中文輸入別名
幸運☆星	幸運星	ㄒㄧㄥˋ ㄩㄣˋ ㄒㄧㄥ	移除不發音的標題星號
怪獸8號	怪獸八號	ㄍㄨㄞˋ ㄕㄡˋ ㄅㄚ ㄏㄠˋ	數字改中文寫法
怪盜X	怪盜艾克斯	ㄍㄨㄞˋ ㄉㄠˋ ㄞˋ ㄎㄜˋ ㄙ	X 以艾克斯作中文輸入別名
殺手T細胞	殺手踢細胞	ㄕㄚ ㄕㄡˇ ㄊㄧ ㄒㄧˋ ㄅㄠ	T 以踢作中文輸入別名
矢颪碇	矢颪碇	ㄕˇ ㄍㄨㄚ ㄉㄧㄥˋ	颪讀音依全字庫 https://www.cns11643.gov.tw/wordView.jsp?ID=942631
蒙其D魯夫	蒙其迪魯夫	ㄇㄥˊ ㄑㄧˊ ㄉㄧˊ ㄌㄨˇ ㄈㄨ	D 以迪作中文輸入別名
輔助T細胞	輔助踢細胞	ㄈㄨˇ ㄓㄨˋ ㄊㄧ ㄒㄧˋ ㄅㄠ	T 以踢作中文輸入別名
頭文字D	頭文字迪	ㄊㄡˊ ㄨㄣˊ ㄗˋ ㄉㄧˊ	D 以迪作中文輸入別名
單導RNA	單導核糖核酸	ㄉㄢ ㄉㄠˇ ㄏㄜˊ ㄊㄤˊ ㄏㄜˊ ㄙㄨㄢ	RNA 展開為核糖核酸的中文輸入寫法
哆啦a夢	哆啦欸夢	ㄉㄨㄛ ㄌㄚ ㄟ ㄇㄥˋ	大小寫 A 合併為相同中文輸入別名
生成式AI	生成式人工智慧	ㄕㄥ ㄔㄥˊ ㄕˋ ㄖㄣˊ ㄍㄨㄥ ㄓˋ ㄏㄨㄟˋ	AI 展開為人工智慧
生成式ＡＩ	生成式人工智慧	ㄕㄥ ㄔㄥˊ ㄕˋ ㄖㄣˊ ㄍㄨㄥ ㄓˋ ㄏㄨㄟˋ	全形 AI 合併為相同中文寫法
