word	reason	file	line	source_word
分析	existing	phrase.agriculture-food.tsv	4	
危害	existing	phrase.agriculture-food.tsv	6	
殘留	existing	phrase.agriculture-food.tsv	23	
殺菌	existing	phrase.agriculture-food.tsv	24	
病蟲害	existing	phrase.agriculture-food.tsv	36	
瞬間	existing	phrase.agriculture-food.tsv	39	
管理	existing	phrase.agriculture-food.tsv	41	
綜合	existing	phrase.agriculture-food.tsv	43	
良好	existing	phrase.agriculture-food.tsv	47	
葡萄球菌	existing	phrase.agriculture-food.tsv	49	
金黃色	existing	phrase.agriculture-food.tsv	59	
食品	existing	phrase.agriculture-food.tsv	61	
高溫	existing	phrase.agriculture-food.tsv	74	
人工智慧	existing	phrase.ai-data-science.tsv	8	
人類	existing	phrase.ai-data-science.tsv	10	
偏好	existing	phrase.ai-data-science.tsv	14	
偏差	existing	phrase.ai-data-science.tsv	16	
光學	existing	phrase.ai-data-science.tsv	18	
分析	existing	phrase.ai-data-science.tsv	21	
分類	existing	phrase.ai-data-science.tsv	22	
判別	existing	phrase.ai-data-science.tsv	24	
參數	existing	phrase.ai-data-science.tsv	29	
命名	existing	phrase.ai-data-science.tsv	34	
單元	existing	phrase.ai-data-science.tsv	36	
回饋	existing	phrase.ai-data-science.tsv	37	
圖像	existing	phrase.ai-data-science.tsv	38	
增強	existing	phrase.ai-data-science.tsv	41	
字元	existing	phrase.ai-data-science.tsv	50	
學習	existing	phrase.ai-data-science.tsv	51	
實體	existing	phrase.ai-data-science.tsv	56	
專家	existing	phrase.ai-data-science.tsv	57	
對抗	existing	phrase.ai-data-science.tsv	58	
對齊	existing	phrase.ai-data-science.tsv	60	
平均	existing	phrase.ai-data-science.tsv	64	
循環	existing	phrase.ai-data-science.tsv	72	
微調	existing	phrase.ai-data-science.tsv	73	
提升	existing	phrase.ai-data-science.tsv	86	
文字	existing	phrase.ai-data-science.tsv	90	
最佳化	existing	phrase.ai-data-science.tsv	97	
梯度	existing	phrase.ai-data-science.tsv	99	
極端	existing	phrase.ai-data-science.tsv	101	
模型	existing	phrase.ai-data-science.tsv	103	
樸素	existing	phrase.ai-data-science.tsv	105	
檢索	existing	phrase.ai-data-science.tsv	106	
權衡	existing	phrase.ai-data-science.tsv	108	
深層	existing	phrase.ai-data-science.tsv	110	
混合	existing	phrase.ai-data-science.tsv	111	
演算法	existing	phrase.ai-data-science.tsv	112	
獨立	existing	phrase.ai-data-science.tsv	113	
理解	existing	phrase.ai-data-science.tsv	114	
生成	existing	phrase.ai-data-science.tsv	115	
監控	existing	phrase.ai-data-science.tsv	117	
直接	existing	phrase.ai-data-science.tsv	121	
結構化	existing	phrase.ai-data-science.tsv	123	
絕對誤差	existing	phrase.ai-data-science.tsv	125	
維度	existing	phrase.ai-data-science.tsv	126	
網路	existing	phrase.ai-data-science.tsv	127	
線性	existing	phrase.ai-data-science.tsv	128	
緩慢	existing	phrase.ai-data-science.tsv	130	
自然	existing	phrase.ai-data-science.tsv	132	
蒸餾	existing	phrase.ai-data-science.tsv	136	
視覺	existing	phrase.ai-data-science.tsv	137	
角色	existing	phrase.ai-data-science.tsv	139	
解碼器	existing	phrase.ai-data-science.tsv	140	
訓練	existing	phrase.ai-data-science.tsv	141	
記憶	existing	phrase.ai-data-science.tsv	142	
評估	existing	phrase.ai-data-science.tsv	143	
語意	existing	phrase.ai-data-science.tsv	144	
語言	existing	phrase.ai-data-science.tsv	145	
識別	existing	phrase.ai-data-science.tsv	148	
變動	existing	phrase.ai-data-science.tsv	150	
變異	existing	phrase.ai-data-science.tsv	151	
貝氏	existing	phrase.ai-data-science.tsv	152	
資料	existing	phrase.ai-data-science.tsv	153	
辨識	existing	phrase.ai-data-science.tsv	155	
部署	existing	phrase.ai-data-science.tsv	157	
量化	existing	phrase.ai-data-science.tsv	158	
隨機	existing	phrase.ai-data-science.tsv	163	
高效	existing	phrase.ai-data-science.tsv	168	
高斯	existing	phrase.ai-data-science.tsv	169	
一個	existing	phrase.anime.tsv	5	
一存	existing	phrase.anime.tsv	7	
一拳	existing	phrase.anime.tsv	8	
一次	existing	phrase.anime.tsv	13	
一百	existing	phrase.anime.tsv	14	
七日	existing	phrase.anime.tsv	23	
七龍珠	existing	phrase.anime.tsv	30	
不可思議	existing	phrase.anime.tsv	49	
不存在	existing	phrase.anime.tsv	50	
不時	existing	phrase.anime.tsv	53	
不會	existing	phrase.anime.tsv	54	
不死	existing	phrase.anime.tsv	55	
不要	existing	phrase.anime.tsv	60	
世界	existing	phrase.anime.tsv	62	
中二病	existing	phrase.anime.tsv	66	
之時	existing	phrase.anime.tsv	94	
之身	existing	phrase.anime.tsv	95	
也要	existing	phrase.anime.tsv	102	
事件簿	existing	phrase.anime.tsv	106	
二世	existing	phrase.anime.tsv	107	
五月	existing	phrase.anime.tsv	116	
亞當	existing	phrase.anime.tsv	137	
亡靈	existing	phrase.anime.tsv	144	
交響情人夢	existing	phrase.anime.tsv	145	
人偶	existing	phrase.anime.tsv	147	
人生	existing	phrase.anime.tsv	148	
什麼	existing	phrase.anime.tsv	151	
今天	existing	phrase.anime.tsv	154	
代替	existing	phrase.anime.tsv	158	
伊莉莎白	existing	phrase.anime.tsv	172	
你想	existing	phrase.anime.tsv	201	
來自	existing	phrase.anime.tsv	206	
侵略	existing	phrase.anime.tsv	209	
俄語	existing	phrase.anime.tsv	212	
保羅	existing	phrase.anime.tsv	216	
修女	existing	phrase.anime.tsv	220	
借力	existing	phrase.anime.tsv	226	
偵探	existing	phrase.anime.tsv	229	
偶像	existing	phrase.anime.tsv	230	
傳奇	existing	phrase.anime.tsv	236	
元氣	existing	phrase.anime.tsv	238	
元祿	existing	phrase.anime.tsv	239	
克拉	existing	phrase.anime.tsv	245	
出手	existing	phrase.anime.tsv	290	
前輩	existing	phrase.anime.tsv	302	
剎那	existing	phrase.anime.tsv	304	
創作者	existing	phrase.anime.tsv	308	
加油	existing	phrase.anime.tsv	314	
加速	existing	phrase.anime.tsv	319	
十二生肖	existing	phrase.anime.tsv	335	
千變萬化	existing	phrase.anime.tsv	346	
南極	existing	phrase.anime.tsv	360	
博士	existing	phrase.anime.tsv	363	
卡夫卡	existing	phrase.anime.tsv	367	
受傷	existing	phrase.anime.tsv	381	
只有	existing	phrase.anime.tsv	395	
可不是	existing	phrase.anime.tsv	400	
可愛	existing	phrase.anime.tsv	401	
史密斯	existing	phrase.anime.tsv	407	
史萊姆	existing	phrase.anime.tsv	414	
同學	existing	phrase.anime.tsv	429	
名偵探柯南	existing	phrase.anime.tsv	431	
君主	existing	phrase.anime.tsv	435	
吸血鬼	existing	phrase.anime.tsv	438	
告白	existing	phrase.anime.tsv	442	
咒術迴戰	existing	phrase.anime.tsv	453	
哪有	existing	phrase.anime.tsv	464	
喜歡	existing	phrase.anime.tsv	469	
嘆氣	existing	phrase.anime.tsv	482	
嘟嘟	existing	phrase.anime.tsv	484	
四月	existing	phrase.anime.tsv	490	
四重奏	existing	phrase.anime.tsv	495	
圓桌會議	existing	phrase.anime.tsv	505	
圖書	existing	phrase.anime.tsv	506	
地平線	existing	phrase.anime.tsv	515	
地方	existing	phrase.anime.tsv	516	
地獄	existing	phrase.anime.tsv	517	
地球	existing	phrase.anime.tsv	521	
埼玉	existing	phrase.anime.tsv	542	
夏洛克	existing	phrase.anime.tsv	567	
夏美	existing	phrase.anime.tsv	572	
夜夜	existing	phrase.anime.tsv	588	
夜襲	existing	phrase.anime.tsv	596	
夢想	existing	phrase.anime.tsv	599	
大人	existing	phrase.anime.tsv	600	
大王	existing	phrase.anime.tsv	612	
大臣	existing	phrase.anime.tsv	613	
大衛	existing	phrase.anime.tsv	614	
大雄	existing	phrase.anime.tsv	619	
天使	existing	phrase.anime.tsv	621	
天元	existing	phrase.anime.tsv	622	
天國	existing	phrase.anime.tsv	623	
天氣	existing	phrase.anime.tsv	630	
天空	existing	phrase.anime.tsv	633	
天空之城	existing	phrase.anime.tsv	634	
女僕	existing	phrase.anime.tsv	666	
女孩	existing	phrase.anime.tsv	668	
女武神	existing	phrase.anime.tsv	669	
女郎	existing	phrase.anime.tsv	672	
妖魔	existing	phrase.anime.tsv	680	
妹妹	existing	phrase.anime.tsv	685	
威廉	existing	phrase.anime.tsv	691	
娃娃	existing	phrase.anime.tsv	692	
存在感	existing	phrase.anime.tsv	700	
孫悟空	existing	phrase.anime.tsv	704	
學姊	existing	phrase.anime.tsv	710	
學生會	existing	phrase.anime.tsv	711	
學長	existing	phrase.anime.tsv	712	
安妮	existing	phrase.anime.tsv	724	
安迪	existing	phrase.anime.tsv	737	
家庭教師	existing	phrase.anime.tsv	755	
家族	existing	phrase.anime.tsv	756	
寶可夢	existing	phrase.anime.tsv	764	
尋求	existing	phrase.anime.tsv	771	
小圓	existing	phrase.anime.tsv	776	
小花	existing	phrase.anime.tsv	800	
少女	existing	phrase.anime.tsv	813	
少年	existing	phrase.anime.tsv	816	
就是	existing	phrase.anime.tsv	827	
尼斯	existing	phrase.anime.tsv	830	
山田	existing	phrase.anime.tsv	846	
工作	existing	phrase.anime.tsv	870	
巨噬細胞	existing	phrase.anime.tsv	874	
布朗	existing	phrase.anime.tsv	889	
布魯諾	existing	phrase.anime.tsv	900	
幸運星	duplicate	phrase.anime.tsv	924	
幻燈	existing	phrase.anime.tsv	928	
幽遊白書	existing	phrase.anime.tsv	930	
店主	existing	phrase.anime.tsv	931	
彌勒	existing	phrase.anime.tsv	945	
影子	existing	phrase.anime.tsv	950	
彼得	existing	phrase.anime.tsv	954	
復仇	existing	phrase.anime.tsv	963	
心中	existing	phrase.anime.tsv	968	
怎樣	existing	phrase.anime.tsv	979	
怪物	existing	phrase.anime.tsv	982	
悠悠哉哉	existing	phrase.anime.tsv	988	
愛德華	existing	phrase.anime.tsv	1004	
愛麗絲	existing	phrase.anime.tsv	1008	
憂國	existing	phrase.anime.tsv	1010	
憂鬱	existing	phrase.anime.tsv	1011	
戀愛	existing	phrase.anime.tsv	1013	
成為	existing	phrase.anime.tsv	1017	
我推的孩子	existing	phrase.anime.tsv	1024	
戰區	existing	phrase.anime.tsv	1028	
戰爭	existing	phrase.anime.tsv	1031	
戰記	existing	phrase.anime.tsv	1032	
戴安娜	existing	phrase.anime.tsv	1033	
手記	existing	phrase.anime.tsv	1040	
投手	existing	phrase.anime.tsv	1045	
拉拉	existing	phrase.anime.tsv	1057	
拉斐爾	existing	phrase.anime.tsv	1058	
拳擊	existing	phrase.anime.tsv	1066	
振臂	existing	phrase.anime.tsv	1069	
捉弄	existing	phrase.anime.tsv	1070	
排球少年	existing	phrase.anime.tsv	1073	
換裝	existing	phrase.anime.tsv	1076	
擅長	existing	phrase.anime.tsv	1082	
攻殼機動隊	existing	phrase.anime.tsv	1084	
教師	existing	phrase.anime.tsv	1088	
文豪	existing	phrase.anime.tsv	1092	
新世界	existing	phrase.anime.tsv	1100	
新世紀	existing	phrase.anime.tsv	1101	
新娘	existing	phrase.anime.tsv	1103	
旅行	existing	phrase.anime.tsv	1108	
日常	existing	phrase.anime.tsv	1117	
明日	existing	phrase.anime.tsv	1128	
星子	existing	phrase.anime.tsv	1132	
星星	existing	phrase.anime.tsv	1134	
春風	existing	phrase.anime.tsv	1143	
昭和	existing	phrase.anime.tsv	1144	
普羅	existing	phrase.anime.tsv	1149	
更遠	existing	phrase.anime.tsv	1158	
書架	existing	phrase.anime.tsv	1159	
替身	existing	phrase.anime.tsv	1161	
最高	existing	phrase.anime.tsv	1164	
月亮	existing	phrase.anime.tsv	1166	
月刊	existing	phrase.anime.tsv	1168	
朋友	existing	phrase.anime.tsv	1182	
村長	existing	phrase.anime.tsv	1225	
柚子	existing	phrase.anime.tsv	1249	
校園	existing	phrase.anime.tsv	1255	
桃太郎	existing	phrase.anime.tsv	1266	
桔梗	existing	phrase.anime.tsv	1277	
橘子	existing	phrase.anime.tsv	1307	
機動戰士	existing	phrase.anime.tsv	1309	
機器人	existing	phrase.anime.tsv	1310	
機巧	existing	phrase.anime.tsv	1311	
武藏	existing	phrase.anime.tsv	1333	
死神	existing	phrase.anime.tsv	1342	
殺手	existing	phrase.anime.tsv	1346	
殿下	existing	phrase.anime.tsv	1350	
比利	existing	phrase.anime.tsv	1353	
水準	existing	phrase.anime.tsv	1364	
永恆	existing	phrase.anime.tsv	1373	
永遠	existing	phrase.anime.tsv	1375	
池袋	existing	phrase.anime.tsv	1380	
決定	existing	phrase.anime.tsv	1381	
法拉第	existing	phrase.anime.tsv	1394	
法蘭西	existing	phrase.anime.tsv	1396	
洛基	existing	phrase.anime.tsv	1406	
洛夫	existing	phrase.anime.tsv	1407	
活下去	existing	phrase.anime.tsv	1412	
活出	existing	phrase.anime.tsv	1413	
海賊王	existing	phrase.anime.tsv	1422	
深不可測	existing	phrase.anime.tsv	1427	
深淵	existing	phrase.anime.tsv	1428	
測驗	existing	phrase.anime.tsv	1442	
溝通	existing	phrase.anime.tsv	1448	
漫畫	existing	phrase.anime.tsv	1456	
灌籃高手	existing	phrase.anime.tsv	1474	
火影忍者	existing	phrase.anime.tsv	1476	
火箭隊	existing	phrase.anime.tsv	1479	
火龍	existing	phrase.anime.tsv	1481	
灰姑娘	existing	phrase.anime.tsv	1483	
灰狼	existing	phrase.anime.tsv	1485	
災難	existing	phrase.anime.tsv	1487	
為了	existing	phrase.anime.tsv	1489	
烏龍茶	existing	phrase.anime.tsv	1496	
獵人	existing	phrase.anime.tsv	1544	
獻上祝福	existing	phrase.anime.tsv	1545	
王牌	existing	phrase.anime.tsv	1553	
珊瑚	existing	phrase.anime.tsv	1557	
琥珀	existing	phrase.anime.tsv	1563	
瑪利亞	existing	phrase.anime.tsv	1571	
瓦特	existing	phrase.anime.tsv	1579	
田中	existing	phrase.anime.tsv	1582	
男子	existing	phrase.anime.tsv	1592	
異能	existing	phrase.anime.tsv	1602	
症候群	existing	phrase.anime.tsv	1603	
白血球	existing	phrase.anime.tsv	1615	
白雪	existing	phrase.anime.tsv	1617	
百分之百	existing	phrase.anime.tsv	1620	
百鬼夜行	existing	phrase.anime.tsv	1621	
皮卡丘	existing	phrase.anime.tsv	1624	
目錄	existing	phrase.anime.tsv	1627	
相信	existing	phrase.anime.tsv	1634	
真相	existing	phrase.anime.tsv	1657	
真難	existing	phrase.anime.tsv	1661	
石川	existing	phrase.anime.tsv	1669	
禁書	existing	phrase.anime.tsv	1703	
福爾摩斯	existing	phrase.anime.tsv	1705	
福特	existing	phrase.anime.tsv	1706	
福音	existing	phrase.anime.tsv	1709	
科學	existing	phrase.anime.tsv	1716	
突破	existing	phrase.anime.tsv	1730	
笨蛋	existing	phrase.anime.tsv	1741	
管家	existing	phrase.anime.tsv	1746	
管理員	existing	phrase.anime.tsv	1747	
簽訂	existing	phrase.anime.tsv	1755	
米奇	existing	phrase.anime.tsv	1761	
精靈	existing	phrase.anime.tsv	1767	
糖分	existing	phrase.anime.tsv	1768	
約定	existing	phrase.anime.tsv	1775	
紅血球	existing	phrase.anime.tsv	1783	
紫羅蘭	existing	phrase.anime.tsv	1789	
細胞	existing	phrase.anime.tsv	1793	
結衣	existing	phrase.anime.tsv	1800	
老師	existing	phrase.anime.tsv	1842	
聲音	existing	phrase.anime.tsv	1847	
胡桃	existing	phrase.anime.tsv	1850	
膽大黨	existing	phrase.anime.tsv	1853	
自動	existing	phrase.anime.tsv	1855	
自由式	existing	phrase.anime.tsv	1857	
航海王	existing	phrase.anime.tsv	1860	
艾瑪	existing	phrase.anime.tsv	1881	
芥子	existing	phrase.anime.tsv	1900	
芭芭拉	existing	phrase.anime.tsv	1902	
花園	existing	phrase.anime.tsv	1904	
花生	existing	phrase.anime.tsv	1917	
芸芸	existing	phrase.anime.tsv	1921	
茴香	existing	phrase.anime.tsv	1938	
莎拉	existing	phrase.anime.tsv	1965	
葬儀社	existing	phrase.anime.tsv	1994	
葬送	existing	phrase.anime.tsv	1995	
蒼鷺	existing	phrase.anime.tsv	2001	
蕩漾	existing	phrase.anime.tsv	2004	
藥師	existing	phrase.anime.tsv	2033	
蘇菲亞	existing	phrase.anime.tsv	2038	
處男	existing	phrase.anime.tsv	2043	
蜘蛛	existing	phrase.anime.tsv	2048	
蜻蜓	existing	phrase.anime.tsv	2052	
血小板	existing	phrase.anime.tsv	2060	
西片	existing	phrase.anime.tsv	2073	
西蒙	existing	phrase.anime.tsv	2077	
計程車	existing	phrase.anime.tsv	2084	
記錄	existing	phrase.anime.tsv	2085	
詹姆斯	existing	phrase.anime.tsv	2088	
請問	existing	phrase.anime.tsv	2089	
諾曼	existing	phrase.anime.tsv	2098	
謊言	existing	phrase.anime.tsv	2102	
變成	existing	phrase.anime.tsv	2106	
讓人	existing	phrase.anime.tsv	2107	
豬頭	existing	phrase.anime.tsv	2112	
貴族	existing	phrase.anime.tsv	2125	
賭博	existing	phrase.anime.tsv	2131	
距離感	existing	phrase.anime.tsv	2152	
路克	existing	phrase.anime.tsv	2155	
路易斯	existing	phrase.anime.tsv	2157	
身邊	existing	phrase.anime.tsv	2160	
輕聲	existing	phrase.anime.tsv	2163	
轉生	existing	phrase.anime.tsv	2168	
迷糊	existing	phrase.anime.tsv	2185	
這麼	existing	phrase.anime.tsv	2188	
造就	existing	phrase.anime.tsv	2190	
進擊的巨人	existing	phrase.anime.tsv	2193	
遊戲	existing	phrase.anime.tsv	2195	
運動	existing	phrase.anime.tsv	2197	
達令	existing	phrase.anime.tsv	2199	
達文西	existing	phrase.anime.tsv	2201	
遠方	existing	phrase.anime.tsv	2205	
遮羞	existing	phrase.anime.tsv	2209	
邂逅	existing	phrase.anime.tsv	2210	
釋迦	existing	phrase.anime.tsv	2216	
里昂	existing	phrase.anime.tsv	2218	
金髮	existing	phrase.anime.tsv	2235	
鉤爪	existing	phrase.anime.tsv	2241	
鋼彈	existing	phrase.anime.tsv	2247	
關於	existing	phrase.anime.tsv	2267	
阿呆	existing	phrase.anime.tsv	2275	
阿里	existing	phrase.anime.tsv	2301	
降臨	existing	phrase.anime.tsv	2304	
隱退	existing	phrase.anime.tsv	2314	
霍爾	existing	phrase.anime.tsv	2338	
露營	existing	phrase.anime.tsv	2349	
霹靂	existing	phrase.anime.tsv	2352	
靈異	existing	phrase.anime.tsv	2356	
青春	existing	phrase.anime.tsv	2363	
青春期	existing	phrase.anime.tsv	2365	
鞍馬	existing	phrase.anime.tsv	2371	
韋伯	existing	phrase.anime.tsv	2372	
風平浪靜	existing	phrase.anime.tsv	2387	
香吉士	existing	phrase.anime.tsv	2408	
香格里拉	existing	phrase.anime.tsv	2409	
騎士	existing	phrase.anime.tsv	2420	
高中生	existing	phrase.anime.tsv	2426	
高校	existing	phrase.anime.tsv	2438	
鬧著玩	existing	phrase.anime.tsv	2455	
鬼滅之刃	existing	phrase.anime.tsv	2459	
魔人	existing	phrase.anime.tsv	2464	
魔法	existing	phrase.anime.tsv	2467	
鮮血	existing	phrase.anime.tsv	2480	
麻辣教師	existing	phrase.anime.tsv	2505	
黑貓	existing	phrase.anime.tsv	2528	
黛安娜	existing	phrase.anime.tsv	2531	
龍王	existing	phrase.anime.tsv	2544	
龍貓	existing	phrase.anime.tsv	2546	
不良	existing	phrase.biotech-pharma.tsv	2	
交互作用	existing	phrase.biotech-pharma.tsv	4	
優良	existing	phrase.biotech-pharma.tsv	8	
免疫	existing	phrase.biotech-pharma.tsv	10	
分析	existing	phrase.biotech-pharma.tsv	15	
劑量	existing	phrase.biotech-pharma.tsv	18	
加速	existing	phrase.biotech-pharma.tsv	19	
即時	existing	phrase.biotech-pharma.tsv	22	
反應	existing	phrase.biotech-pharma.tsv	25	
吸附	existing	phrase.biotech-pharma.tsv	27	
安全	existing	phrase.biotech-pharma.tsv	38	
安定性	existing	phrase.biotech-pharma.tsv	39	
幹細胞	existing	phrase.biotech-pharma.tsv	43	
數位	existing	phrase.biotech-pharma.tsv	45	
方法	existing	phrase.biotech-pharma.tsv	47	
曲線	existing	phrase.biotech-pharma.tsv	48	
治療	existing	phrase.biotech-pharma.tsv	52	
濃度	existing	phrase.biotech-pharma.tsv	58	
監測	existing	phrase.biotech-pharma.tsv	63	
監視	existing	phrase.biotech-pharma.tsv	64	
第三期	existing	phrase.biotech-pharma.tsv	69	
終點	existing	phrase.biotech-pharma.tsv	76	
聚合酶	existing	phrase.biotech-pharma.tsv	79	
藥品	existing	phrase.biotech-pharma.tsv	83	
藥物	existing	phrase.biotech-pharma.tsv	85	
製造規範	duplicate	phrase.biotech-pharma.tsv	98	
試驗	existing	phrase.biotech-pharma.tsv	100	
連結	existing	phrase.biotech-pharma.tsv	107	
連鎖反應	existing	phrase.biotech-pharma.tsv	108	
酵素	existing	phrase.biotech-pharma.tsv	109	
高效	existing	phrase.biotech-pharma.tsv	116	
人力	existing	phrase.business.tsv	2	
企業	existing	phrase.business.tsv	15	
價值	existing	phrase.business.tsv	28	
分析	existing	phrase.business.tsv	34	
分解	existing	phrase.business.tsv	35	
利害	existing	phrase.business.tsv	36	
取得	existing	phrase.business.tsv	37	
可行	existing	phrase.business.tsv	39	
品牌	existing	phrase.business.tsv	41	
定價	existing	phrase.business.tsv	60	
客戶	existing	phrase.business.tsv	72	
專案	existing	phrase.business.tsv	83	
工作	existing	phrase.business.tsv	84	
市占率	existing	phrase.business.tsv	85	
市場	existing	phrase.business.tsv	90	
庫存	existing	phrase.business.tsv	95	
成本	existing	phrase.business.tsv	98	
成長率	existing	phrase.business.tsv	99	
採購	existing	phrase.business.tsv	100	
揭露	existing	phrase.business.tsv	102	
搜尋引擎	existing	phrase.business.tsv	103	
敏捷	existing	phrase.business.tsv	104	
最佳化	existing	phrase.business.tsv	106	
最小	existing	phrase.business.tsv	107	
氣候	existing	phrase.business.tsv	110	
治理	existing	phrase.business.tsv	112	
營運	existing	phrase.business.tsv	125	
環境	existing	phrase.business.tsv	131	
產品	existing	phrase.business.tsv	134	
產業	existing	phrase.business.tsv	135	
畫布	existing	phrase.business.tsv	142	
目標	existing	phrase.business.tsv	143	
相關	existing	phrase.business.tsv	144	
社會	existing	phrase.business.tsv	145	
管理	existing	phrase.business.tsv	147	
終身	existing	phrase.business.tsv	148	
結構	existing	phrase.business.tsv	150	
自然	existing	phrase.business.tsv	153	
行銷	existing	phrase.business.tsv	157	
財務	existing	phrase.business.tsv	164	
責任	existing	phrase.business.tsv	165	
趨勢	existing	phrase.business.tsv	168	
通路	existing	phrase.business.tsv	174	
銷售	existing	phrase.business.tsv	177	
關係人	existing	phrase.business.tsv	178	
預測	existing	phrase.business.tsv	180	
顧客	existing	phrase.business.tsv	181	
風險	existing	phrase.business.tsv	184	
余光中	existing	phrase.chinese.tsv	15	
屈原	existing	phrase.chinese.tsv	48	
徐志摩	existing	phrase.chinese.tsv	53	
曹雪芹	existing	phrase.chinese.tsv	76	
李清照	existing	phrase.chinese.tsv	78	
李白	existing	phrase.chinese.tsv	79	
杜甫	existing	phrase.chinese.tsv	80	
柳宗元	existing	phrase.chinese.tsv	82	
歐陽修	existing	phrase.chinese.tsv	88	
白居易	existing	phrase.chinese.tsv	99	
胡適	existing	phrase.chinese.tsv	113	
蘇軾	existing	phrase.chinese.tsv	118	
語言學	existing	phrase.chinese.tsv	129	
辛棄疾	existing	phrase.chinese.tsv	136	
陶淵明	existing	phrase.chinese.tsv	150	
韓愈	existing	phrase.chinese.tsv	158	
魯迅	existing	phrase.chinese.tsv	163	
下水道	existing	phrase.civil-engineering.tsv	2	
使用	existing	phrase.civil-engineering.tsv	5	
保留地	existing	phrase.civil-engineering.tsv	6	
修復	existing	phrase.civil-engineering.tsv	7	
公共設施	existing	phrase.civil-engineering.tsv	10	
分區	existing	phrase.civil-engineering.tsv	11	
分析	existing	phrase.civil-engineering.tsv	12	
品質	existing	phrase.civil-engineering.tsv	29	
噴射	existing	phrase.civil-engineering.tsv	35	
圓錐	existing	phrase.civil-engineering.tsv	37	
土地	existing	phrase.civil-engineering.tsv	38	
地下	existing	phrase.civil-engineering.tsv	41	
地下水位	existing	phrase.civil-engineering.tsv	42	
地盤	existing	phrase.civil-engineering.tsv	45	
基層	existing	phrase.civil-engineering.tsv	54	
基礎	existing	phrase.civil-engineering.tsv	55	
填土	existing	phrase.civil-engineering.tsv	62	
大眾運輸	existing	phrase.civil-engineering.tsv	65	
孿生	existing	phrase.civil-engineering.tsv	66	
安全	existing	phrase.civil-engineering.tsv	67	
定位	existing	phrase.civil-engineering.tsv	68	
室內	existing	phrase.civil-engineering.tsv	69	
密度	existing	phrase.civil-engineering.tsv	71	
導向	existing	phrase.civil-engineering.tsv	72	
岩盤	existing	phrase.civil-engineering.tsv	74	
巡檢	existing	phrase.civil-engineering.tsv	75	
工地	existing	phrase.civil-engineering.tsv	76	
工程	existing	phrase.civil-engineering.tsv	79	
平板	existing	phrase.civil-engineering.tsv	91	
建築	existing	phrase.civil-engineering.tsv	94	
排水	existing	phrase.civil-engineering.tsv	103	
排水系統	existing	phrase.civil-engineering.tsv	104	
攪拌	existing	phrase.civil-engineering.tsv	108	
數位	existing	phrase.civil-engineering.tsv	109	
數量	existing	phrase.civil-engineering.tsv	110	
施工	existing	phrase.civil-engineering.tsv	112	
梁柱	existing	phrase.civil-engineering.tsv	122	
構造	existing	phrase.civil-engineering.tsv	131	
樓板	existing	phrase.civil-engineering.tsv	132	
標準	existing	phrase.civil-engineering.tsv	139	
模型	existing	phrase.civil-engineering.tsv	140	
模板	existing	phrase.civil-engineering.tsv	141	
橋梁	existing	phrase.civil-engineering.tsv	145	
檢驗	existing	phrase.civil-engineering.tsv	147	
洪水	existing	phrase.civil-engineering.tsv	149	
消防	existing	phrase.civil-engineering.tsv	150	
深層	existing	phrase.civil-engineering.tsv	151	
混凝土	existing	phrase.civil-engineering.tsv	152	
測量	existing	phrase.civil-engineering.tsv	162	
瀝青	existing	phrase.civil-engineering.tsv	163	
灑水	existing	phrase.civil-engineering.tsv	165	
火警	existing	phrase.civil-engineering.tsv	166	
發展	existing	phrase.civil-engineering.tsv	171	
監測	existing	phrase.civil-engineering.tsv	172	
砂土	existing	phrase.civil-engineering.tsv	173	
空氣品質	existing	phrase.civil-engineering.tsv	176	
管理	existing	phrase.civil-engineering.tsv	177	
系統	existing	phrase.civil-engineering.tsv	178	
耐震	existing	phrase.civil-engineering.tsv	185	
職業	existing	phrase.civil-engineering.tsv	187	
自動警報	existing	phrase.civil-engineering.tsv	188	
衛星	existing	phrase.civil-engineering.tsv	189	
衛生	existing	phrase.civil-engineering.tsv	190	
補強	existing	phrase.civil-engineering.tsv	191	
覆蓋	existing	phrase.civil-engineering.tsv	192	
計畫	existing	phrase.civil-engineering.tsv	193	
計算	existing	phrase.civil-engineering.tsv	194	
設計	existing	phrase.civil-engineering.tsv	195	
試驗	existing	phrase.civil-engineering.tsv	196	
變更	existing	phrase.civil-engineering.tsv	197	
資訊	existing	phrase.civil-engineering.tsv	199	
載重	existing	phrase.civil-engineering.tsv	200	
道路	existing	phrase.civil-engineering.tsv	201	
都市計畫	existing	phrase.civil-engineering.tsv	203	
鋼筋	existing	phrase.civil-engineering.tsv	206	
鋼骨	existing	phrase.civil-engineering.tsv	208	
隧道	existing	phrase.civil-engineering.tsv	217	
頻率	existing	phrase.civil-engineering.tsv	222	
高壓	existing	phrase.civil-engineering.tsv	223	
黏土	existing	phrase.civil-engineering.tsv	224	
不足	existing	phrase.education.tsv	2	
參照	existing	phrase.education.tsv	16	
反應	existing	phrase.education.tsv	17	
古典	existing	phrase.education.tsv	18	
問題	existing	phrase.education.tsv	23	
國文	existing	phrase.education.tsv	24	
委員會	existing	phrase.education.tsv	30	
學生	existing	phrase.education.tsv	32	
學習	existing	phrase.education.tsv	35	
實作	existing	phrase.education.tsv	38	
寫作	existing	phrase.education.tsv	39	
專業	existing	phrase.education.tsv	40	
專題	existing	phrase.education.tsv	41	
導向	existing	phrase.education.tsv	42	
彈性	existing	phrase.education.tsv	47	
情緒	existing	phrase.education.tsv	49	
探究	existing	phrase.education.tsv	50	
支持	existing	phrase.education.tsv	53	
教學	existing	phrase.education.tsv	56	
教師	existing	phrase.education.tsv	61	
數位	existing	phrase.education.tsv	64	
數學	existing	phrase.education.tsv	65	
標準	existing	phrase.education.tsv	68	
注意力	existing	phrase.education.tsv	70	
測驗	existing	phrase.education.tsv	71	
理論	existing	phrase.education.tsv	73	
生活科技	existing	phrase.education.tsv	74	
發展	existing	phrase.education.tsv	75	
社會	existing	phrase.education.tsv	76	
社會科學	existing	phrase.education.tsv	77	
科學	existing	phrase.education.tsv	78	
素養	existing	phrase.education.tsv	79	
自我	existing	phrase.education.tsv	82	
自然科學	existing	phrase.education.tsv	83	
自閉症	existing	phrase.education.tsv	84	
英文	existing	phrase.education.tsv	85	
藝術	existing	phrase.education.tsv	86	
行為	existing	phrase.education.tsv	87	
計畫	existing	phrase.education.tsv	89	
設計	existing	phrase.education.tsv	90	
評量	existing	phrase.education.tsv	93	
試題	existing	phrase.education.tsv	95	
語言	existing	phrase.education.tsv	96	
課程	existing	phrase.education.tsv	97	
調整	existing	phrase.education.tsv	99	
資訊	existing	phrase.education.tsv	100	
身心障礙	existing	phrase.education.tsv	104	
通用	existing	phrase.education.tsv	105	
閱讀	existing	phrase.education.tsv	109	
關聯	existing	phrase.education.tsv	110	
障礙	existing	phrase.education.tsv	111	
電腦化	existing	phrase.education.tsv	113	
二極體	existing	phrase.electronics.tsv	7	
充電器	existing	phrase.electronics.tsv	18	
功率	existing	phrase.electronics.tsv	38	
天線	existing	phrase.electronics.tsv	57	
定律	existing	phrase.electronics.tsv	68	
射頻	existing	phrase.electronics.tsv	69	
快速	existing	phrase.electronics.tsv	84	
感測器	existing	phrase.electronics.tsv	86	
振幅	existing	phrase.electronics.tsv	94	
控制	existing	phrase.electronics.tsv	97	
放大器	existing	phrase.electronics.tsv	99	
數位	existing	phrase.electronics.tsv	102	
施密特	existing	phrase.electronics.tsv	112	
時脈	existing	phrase.electronics.tsv	114	
最大	existing	phrase.electronics.tsv	124	
校正	existing	phrase.electronics.tsv	126	
模擬	existing	phrase.electronics.tsv	127	
正交	existing	phrase.electronics.tsv	128	
混合	existing	phrase.electronics.tsv	132	
直接	existing	phrase.electronics.tsv	143	
直流	existing	phrase.electronics.tsv	144	
繼電器	existing	phrase.electronics.tsv	158	
訊號	existing	phrase.electronics.tsv	161	
設計	existing	phrase.electronics.tsv	165	
轉換器	existing	phrase.electronics.tsv	170	
轉移	existing	phrase.electronics.tsv	172	
量測	existing	phrase.electronics.tsv	184	
降壓	existing	phrase.electronics.tsv	187	
除錯	existing	phrase.electronics.tsv	189	
電晶體	existing	phrase.electronics.tsv	194	
電氣	existing	phrase.electronics.tsv	195	
電池	existing	phrase.electronics.tsv	196	
電源	existing	phrase.electronics.tsv	198	
電路	existing	phrase.electronics.tsv	201	
電路板	existing	phrase.electronics.tsv	202	
類比	existing	phrase.electronics.tsv	211	
馬達	existing	phrase.electronics.tsv	213	
驗證	existing	phrase.electronics.tsv	217	
二氧化碳	existing	phrase.energy-environment.tsv	5	
反應器	existing	phrase.energy-environment.tsv	15	
土壤	existing	phrase.energy-environment.tsv	19	
地下水	existing	phrase.energy-environment.tsv	24	
基礎	existing	phrase.energy-environment.tsv	30	
壓縮空氣	existing	phrase.energy-environment.tsv	32	
太陽能	existing	phrase.energy-environment.tsv	35	
廢棄物	existing	phrase.energy-environment.tsv	41	
揮發性	existing	phrase.energy-environment.tsv	53	
有害	existing	phrase.energy-environment.tsv	56	
有機物	existing	phrase.energy-environment.tsv	58	
水質	existing	phrase.energy-environment.tsv	63	
污染	existing	phrase.energy-environment.tsv	68	
污染物	existing	phrase.energy-environment.tsv	70	
減量	existing	phrase.energy-environment.tsv	78	
環境	existing	phrase.energy-environment.tsv	83	
生態環境	existing	phrase.energy-environment.tsv	88	
當量	existing	phrase.energy-environment.tsv	91	
監測	existing	phrase.energy-environment.tsv	92	
盤查	existing	phrase.energy-environment.tsv	93	
目標	existing	phrase.energy-environment.tsv	94	
科學	existing	phrase.energy-environment.tsv	100	
稽核	existing	phrase.energy-environment.tsv	102	
空氣	existing	phrase.energy-environment.tsv	103	
空氣品質	existing	phrase.energy-environment.tsv	104	
空氣污染	existing	phrase.energy-environment.tsv	105	
觸媒	existing	phrase.energy-environment.tsv	125	
設備	existing	phrase.energy-environment.tsv	126	
資料分析	duplicate	phrase.energy-environment.tsv	127	
逆變器	duplicate	phrase.energy-environment.tsv	133	
選擇性	existing	phrase.energy-environment.tsv	135	
還原	existing	phrase.energy-environment.tsv	136	
防制	existing	phrase.energy-environment.tsv	138	
風險評估	duplicate	phrase.energy-environment.tsv	148	
不動產	existing	phrase.finance.tsv	3	
交易	existing	phrase.finance.tsv	5	
作業	existing	phrase.finance.tsv	6	
保障	existing	phrase.finance.tsv	9	
修正	existing	phrase.finance.tsv	12	
倍數	existing	phrase.finance.tsv	13	
利息	existing	phrase.finance.tsv	20	
加權	existing	phrase.finance.tsv	24	
商品	existing	phrase.finance.tsv	28	
固定資產	existing	phrase.finance.tsv	30	
基礎	existing	phrase.finance.tsv	31	
報酬率	existing	phrase.finance.tsv	32	
存貨	existing	phrase.finance.tsv	36	
定價	existing	phrase.finance.tsv	39	
對手	existing	phrase.finance.tsv	41	
平均	existing	phrase.finance.tsv	44	
廠房	existing	phrase.finance.tsv	45	
成本	existing	phrase.finance.tsv	53	
投資	existing	phrase.finance.tsv	58	
收入	existing	phrase.finance.tsv	64	
模型	existing	phrase.finance.tsv	77	
權益	existing	phrase.finance.tsv	79	
毛利	existing	phrase.finance.tsv	87	
營業利益	duplicate	phrase.finance.tsv	95	
現金	existing	phrase.finance.tsv	102	
現金流	duplicate	phrase.finance.tsv	105	
現金流預測	duplicate	phrase.finance.tsv	107	
稀釋	existing	phrase.finance.tsv	114	
總資產	existing	phrase.finance.tsv	123	
股東	existing	phrase.finance.tsv	126	
設備	existing	phrase.finance.tsv	131	
負債	existing	phrase.finance.tsv	135	
財務報表	existing	phrase.finance.tsv	139	
費用	existing	phrase.finance.tsv	144	
資本	existing	phrase.finance.tsv	147	
資產	existing	phrase.finance.tsv	153	
資金	existing	phrase.finance.tsv	155	
轉換	existing	phrase.finance.tsv	157	
週期	existing	phrase.finance.tsv	159	
週轉率	existing	phrase.finance.tsv	160	
金融	existing	phrase.finance.tsv	163	
附註	existing	phrase.finance.tsv	164	
預測	existing	phrase.finance.tsv	170	
風險	existing	phrase.finance.tsv	172	
風險評估	duplicate	phrase.finance.tsv	173	
一卡通	existing	phrase.general.tsv	2	
串流平台	existing	phrase.general.tsv	4	
人工智慧	existing	phrase.general.tsv	5	
個資外洩	existing	phrase.general.tsv	9	
儲能	duplicate	phrase.general.tsv	10	
充電樁	existing	phrase.general.tsv	11	
共享單車	existing	phrase.general.tsv	15	
分科測驗	existing	phrase.general.tsv	19	
加密貨幣	existing	phrase.general.tsv	20	
助理	existing	phrase.general.tsv	22	
區塊鏈	existing	phrase.general.tsv	24	
咒術迴戰	existing	phrase.general.tsv	28	
哆啦欸夢	duplicate	phrase.general.tsv	29	哆啦A夢
哆啦欸夢	duplicate	phrase.general.tsv	30	哆啦a夢
地震速報	existing	phrase.general.tsv	33	
大型	existing	phrase.general.tsv	38	
學習歷程	existing	phrase.general.tsv	40	
實況主	existing	phrase.general.tsv	45	
寶可夢	existing	phrase.general.tsv	46	
居家辦公	existing	phrase.general.tsv	49	
影音平台	existing	phrase.general.tsv	51	
志願序	existing	phrase.general.tsv	53	
快充	existing	phrase.general.tsv	54	
手遊	existing	phrase.general.tsv	60	
排球少年	existing	phrase.general.tsv	64	
數位帳戶	existing	phrase.general.tsv	68	
晶片	existing	phrase.general.tsv	75	
梗圖	existing	phrase.general.tsv	76	
模型	existing	phrase.general.tsv	78	
檔案	existing	phrase.general.tsv	81	
比特幣	existing	phrase.general.tsv	82	
深度學習	existing	phrase.general.tsv	86	
物聯網	existing	phrase.general.tsv	89	
生成式人工智慧	existing	phrase.general.tsv	91	生成式AI
生成式人工智慧	existing	phrase.general.tsv	92	生成式ＡＩ
直播主	existing	phrase.general.tsv	94	
短影音	existing	phrase.general.tsv	96	
社群媒體	existing	phrase.general.tsv	100	
社群網站	existing	phrase.general.tsv	102	
神經網路	duplicate	phrase.general.tsv	103	
索尼	duplicate	phrase.general.tsv	106	
網紅	existing	phrase.general.tsv	108	
網路銀行	existing	phrase.general.tsv	111	
繁星推薦	existing	phrase.general.tsv	114	
聊天機器人	existing	phrase.general.tsv	115	
自然	existing	phrase.general.tsv	118	
自然語言	duplicate	phrase.general.tsv	119	
航海王	existing	phrase.general.tsv	122	
處理	existing	phrase.general.tsv	126	
虛擬貨幣	existing	phrase.general.tsv	128	
蝦皮購物	existing	phrase.general.tsv	130	
行動支付	existing	phrase.general.tsv	132	
語言	existing	phrase.general.tsv	140	
語言模型	duplicate	phrase.general.tsv	141	
迷因	existing	phrase.general.tsv	149	
進擊的巨人	existing	phrase.general.tsv	150	
遠距工作	existing	phrase.general.tsv	151	
長照	existing	phrase.general.tsv	161	
間諜家家酒	existing	phrase.general.tsv	165	
限時動態	existing	phrase.general.tsv	166	
雙重驗證	existing	phrase.general.tsv	167	
雲端發票	existing	phrase.general.tsv	169	
雲端運算	existing	phrase.general.tsv	170	
電動機車	existing	phrase.general.tsv	172	
電子支付	existing	phrase.general.tsv	173	
電子發票	existing	phrase.general.tsv	174	
鬼滅之刃	existing	phrase.general.tsv	177	
交換	existing	phrase.government.tsv	3	
保護	existing	phrase.government.tsv	5	
保障	existing	phrase.government.tsv	6	
個人	existing	phrase.government.tsv	8	
備查	existing	phrase.government.tsv	9	
公務	existing	phrase.government.tsv	11	
公務人員	existing	phrase.government.tsv	12	
公務員	existing	phrase.government.tsv	13	
公文	existing	phrase.government.tsv	14	
公開	existing	phrase.government.tsv	15	
列管	existing	phrase.government.tsv	19	
利益	existing	phrase.government.tsv	21	
契約	existing	phrase.government.tsv	23	
審查	existing	phrase.government.tsv	25	
年度	existing	phrase.government.tsv	27	
彙整	existing	phrase.government.tsv	29	
懲戒	existing	phrase.government.tsv	30	
提報	existing	phrase.government.tsv	33	
政府	existing	phrase.government.tsv	35	
施政	existing	phrase.government.tsv	36	
查照	existing	phrase.government.tsv	42	
核准	existing	phrase.government.tsv	44	
核定	existing	phrase.government.tsv	45	
核銷	existing	phrase.government.tsv	46	
歸檔	existing	phrase.government.tsv	48	
留職停薪	existing	phrase.government.tsv	52	
紀錄	existing	phrase.government.tsv	57	
線上	existing	phrase.government.tsv	58	
績效指標	duplicate	phrase.government.tsv	59	
考績	existing	phrase.government.tsv	60	
育嬰	existing	phrase.government.tsv	61	
衝突	existing	phrase.government.tsv	62	
計畫	existing	phrase.government.tsv	65	
說明	existing	phrase.government.tsv	67	
調整	existing	phrase.government.tsv	68	
資料	existing	phrase.government.tsv	69	
資訊	existing	phrase.government.tsv	70	
辦理	existing	phrase.government.tsv	71	
迴避	existing	phrase.government.tsv	72	
追蹤	existing	phrase.government.tsv	73	
關鍵	existing	phrase.government.tsv	74	
電子	existing	phrase.government.tsv	77	
電話	existing	phrase.government.tsv	78	
世界大戰	existing	phrase.history.tsv	5	
亞歷山大	existing	phrase.history.tsv	9	
元代	existing	phrase.history.tsv	13	
公約	existing	phrase.history.tsv	21	
北大西洋	existing	phrase.history.tsv	27	
危機	existing	phrase.history.tsv	31	
古巴	existing	phrase.history.tsv	35	
唐代	existing	phrase.history.tsv	40	
國民政府	existing	phrase.history.tsv	46	
太平天國	existing	phrase.history.tsv	57	
宋代	existing	phrase.history.tsv	58	
帝國	existing	phrase.history.tsv	67	
戰爭	existing	phrase.history.tsv	76	
明代	existing	phrase.history.tsv	87	
時期	existing	phrase.history.tsv	90	
法典	existing	phrase.history.tsv	104	
海上	existing	phrase.history.tsv	105	
清代	existing	phrase.history.tsv	108	
漢代	existing	phrase.history.tsv	112	
秦代	existing	phrase.history.tsv	124	
第一次	existing	phrase.history.tsv	127	
第二次	existing	phrase.history.tsv	128	
組織	existing	phrase.history.tsv	129	
絲綢之路	existing	phrase.history.tsv	131	
華沙公約	existing	phrase.history.tsv	147	
設置	existing	phrase.history.tsv	154	
請願	existing	phrase.history.tsv	155	
議會	existing	phrase.history.tsv	156	
運動	existing	phrase.history.tsv	162	
隋代	existing	phrase.history.tsv	174	
飛彈	existing	phrase.history.tsv	179	
事件	existing	phrase.industrial-engineering.tsv	2	
人員	existing	phrase.industrial-engineering.tsv	3	
佈置	existing	phrase.industrial-engineering.tsv	6	
位置	existing	phrase.industrial-engineering.tsv	7	
供應鏈	duplicate	phrase.industrial-engineering.tsv	9	
全面	existing	phrase.industrial-engineering.tsv	12	
分析	existing	phrase.industrial-engineering.tsv	15	
動作	existing	phrase.industrial-engineering.tsv	17	
反應	existing	phrase.industrial-engineering.tsv	22	
可靠度分析	duplicate	phrase.industrial-engineering.tsv	24	
品質	existing	phrase.industrial-engineering.tsv	25	
品質管理	duplicate	phrase.industrial-engineering.tsv	27	
固定	existing	phrase.industrial-engineering.tsv	30	
安全	existing	phrase.industrial-engineering.tsv	35	
少量	existing	phrase.industrial-engineering.tsv	39	
工作	existing	phrase.industrial-engineering.tsv	40	
工廠	existing	phrase.industrial-engineering.tsv	46	
庫存	existing	phrase.industrial-engineering.tsv	52	
指數	existing	phrase.industrial-engineering.tsv	56	
方法	existing	phrase.industrial-engineering.tsv	65	
時間	existing	phrase.industrial-engineering.tsv	66	
曲面	existing	phrase.industrial-engineering.tsv	67	
模擬	existing	phrase.industrial-engineering.tsv	70	
決策	existing	phrase.industrial-engineering.tsv	72	
流程	existing	phrase.industrial-engineering.tsv	73	
物料	existing	phrase.industrial-engineering.tsv	76	
物流	existing	phrase.industrial-engineering.tsv	77	
生產	existing	phrase.industrial-engineering.tsv	79	
生產線	existing	phrase.industrial-engineering.tsv	80	
管制	existing	phrase.industrial-engineering.tsv	83	
系統	existing	phrase.industrial-engineering.tsv	84	
系統分析	existing	phrase.industrial-engineering.tsv	85	
統計	existing	phrase.industrial-engineering.tsv	86	
維修	existing	phrase.industrial-engineering.tsv	87	
績效評估	duplicate	phrase.industrial-engineering.tsv	89	
能力	existing	phrase.industrial-engineering.tsv	90	
蒙地卡羅	existing	phrase.industrial-engineering.tsv	91	
製程	existing	phrase.industrial-engineering.tsv	92	
訂單	existing	phrase.industrial-engineering.tsv	93	
設備	existing	phrase.industrial-engineering.tsv	94	
設計	existing	phrase.industrial-engineering.tsv	95	
過程	existing	phrase.industrial-engineering.tsv	97	
重複	existing	phrase.industrial-engineering.tsv	98	
量測	existing	phrase.industrial-engineering.tsv	100	
離散	existing	phrase.industrial-engineering.tsv	101	
預定	existing	phrase.industrial-engineering.tsv	103	
風險評估	duplicate	phrase.industrial-engineering.tsv	104	
一般	existing	phrase.law.tsv	2	
主觀	existing	phrase.law.tsv	13	
保留	existing	phrase.law.tsv	19	
保護	existing	phrase.law.tsv	20	
信賴	existing	phrase.law.tsv	21	
公寓	existing	phrase.law.tsv	29	
分配	existing	phrase.law.tsv	33	
剩餘	existing	phrase.law.tsv	35	
區分	existing	phrase.law.tsv	36	
原則	existing	phrase.law.tsv	39	
同時	existing	phrase.law.tsv	43	
國家	existing	phrase.law.tsv	45	
大廈	existing	phrase.law.tsv	48	
客觀	existing	phrase.law.tsv	61	
居住	existing	phrase.law.tsv	69	
履行	existing	phrase.law.tsv	71	
所有	existing	phrase.law.tsv	85	
抗辯	existing	phrase.law.tsv	87	
排除	existing	phrase.law.tsv	89	
效力	existing	phrase.law.tsv	95	
明確性	existing	phrase.law.tsv	96	
暫時	existing	phrase.law.tsv	98	
業務	existing	phrase.law.tsv	103	
構成	existing	phrase.law.tsv	104	
權利	existing	phrase.law.tsv	105	
正當	existing	phrase.law.tsv	107	
正當行為	existing	phrase.law.tsv	108	
犯罪	existing	phrase.law.tsv	124	
瑕疵	existing	phrase.law.tsv	125	
程序	existing	phrase.law.tsv	130	
給付	existing	phrase.law.tsv	137	
義務	existing	phrase.law.tsv	141	
自由	existing	phrase.law.tsv	144	
行政處分	existing	phrase.law.tsv	154	
要件	existing	phrase.law.tsv	159	
訴訟	existing	phrase.law.tsv	162	
證據	existing	phrase.law.tsv	167	
財產	existing	phrase.law.tsv	171	
違法	existing	phrase.law.tsv	181	
遷徙	existing	phrase.law.tsv	183	
企業	existing	phrase.manufacturing.tsv	6	
修復	existing	phrase.manufacturing.tsv	7	
全員	existing	phrase.manufacturing.tsv	10	
品質管制	existing	phrase.manufacturing.tsv	23	
執行	existing	phrase.manufacturing.tsv	24	
安全檢查	existing	phrase.manufacturing.tsv	31	
平均	existing	phrase.manufacturing.tsv	38	
應力	existing	phrase.manufacturing.tsv	44	
成形	existing	phrase.manufacturing.tsv	47	
抽樣檢驗	duplicate	phrase.manufacturing.tsv	50	
指數	existing	phrase.manufacturing.tsv	52	
故障	existing	phrase.manufacturing.tsv	55	
效率	existing	phrase.manufacturing.tsv	57	
時間	existing	phrase.manufacturing.tsv	59	
殘留	existing	phrase.manufacturing.tsv	70	
沉積	existing	phrase.manufacturing.tsv	72	
焊接	existing	phrase.manufacturing.tsv	81	
熔融	existing	phrase.manufacturing.tsv	85	
物料	existing	phrase.manufacturing.tsv	87	
生產	existing	phrase.manufacturing.tsv	88	
生產方式	existing	phrase.manufacturing.tsv	90	
產能分析	duplicate	phrase.manufacturing.tsv	92	
系統	existing	phrase.manufacturing.tsv	104	
統計	existing	phrase.manufacturing.tsv	105	
維護	existing	phrase.manufacturing.tsv	106	
總合	existing	phrase.manufacturing.tsv	109	
能力	existing	phrase.manufacturing.tsv	110	
製程	existing	phrase.manufacturing.tsv	116	
製造	existing	phrase.manufacturing.tsv	120	
規劃	existing	phrase.manufacturing.tsv	121	
設備	existing	phrase.manufacturing.tsv	122	
豐田	existing	phrase.manufacturing.tsv	124	
資源規劃	duplicate	phrase.manufacturing.tsv	125	
車床	existing	phrase.manufacturing.tsv	128	
選擇性	existing	phrase.manufacturing.tsv	132	
金屬	existing	phrase.manufacturing.tsv	133	
銑床	existing	phrase.manufacturing.tsv	135	
間隔	existing	phrase.manufacturing.tsv	137	
雷射	existing	phrase.manufacturing.tsv	139	
需求	existing	phrase.manufacturing.tsv	142	
傅立葉	existing	phrase.materials-chemistry.tsv	3	
化合物	existing	phrase.materials-chemistry.tsv	13	
反應器	existing	phrase.materials-chemistry.tsv	16	
奈米材料	existing	phrase.materials-chemistry.tsv	28	
應力	existing	phrase.materials-chemistry.tsv	35	
成分分析	duplicate	phrase.materials-chemistry.tsv	36	
掃描	existing	phrase.materials-chemistry.tsv	40	
掃描式	existing	phrase.materials-chemistry.tsv	41	
方程	existing	phrase.materials-chemistry.tsv	43	
活性碳吸附	duplicate	phrase.materials-chemistry.tsv	54	
滴定	existing	phrase.materials-chemistry.tsv	59	
熱處理	existing	phrase.materials-chemistry.tsv	64	
燃料電池	duplicate	phrase.materials-chemistry.tsv	68	
玻璃	existing	phrase.materials-chemistry.tsv	69	
破壞韌性	duplicate	phrase.materials-chemistry.tsv	75	
腐蝕	existing	phrase.materials-chemistry.tsv	85	
裂紋	existing	phrase.materials-chemistry.tsv	93	
複合材料	existing	phrase.materials-chemistry.tsv	94	
試驗	existing	phrase.materials-chemistry.tsv	95	
轉換	existing	phrase.materials-chemistry.tsv	99	
連續	existing	phrase.materials-chemistry.tsv	102	
鈦合金	existing	phrase.materials-chemistry.tsv	109	
鋁合金	existing	phrase.materials-chemistry.tsv	111	
鋼材	existing	phrase.materials-chemistry.tsv	112	
陶瓷	existing	phrase.materials-chemistry.tsv	119	
電子	existing	phrase.materials-chemistry.tsv	125	
顯微鏡	existing	phrase.materials-chemistry.tsv	128	
高分子	existing	phrase.materials-chemistry.tsv	129	
介面	existing	phrase.media-design.tsv	4	
使用者	existing	phrase.media-design.tsv	7	
傳達	existing	phrase.media-design.tsv	11	
匿名	existing	phrase.media-design.tsv	19	
消息來源	existing	phrase.media-design.tsv	60	
視覺	existing	phrase.media-design.tsv	79	
設計	existing	phrase.media-design.tsv	82	
體驗	existing	phrase.media-design.tsv	96	
不全	existing	phrase.medicine.tsv	6	
不良	existing	phrase.medicine.tsv	7	
中毒	existing	phrase.medicine.tsv	11	
主動脈	existing	phrase.medicine.tsv	12	
乳房	existing	phrase.medicine.tsv	15	
亢進	existing	phrase.medicine.tsv	19	
人工	existing	phrase.medicine.tsv	20	
傳導	existing	phrase.medicine.tsv	25	
光學	existing	phrase.medicine.tsv	26	
免疫系統	existing	phrase.medicine.tsv	27	
內分泌系統	existing	phrase.medicine.tsv	28	
內膜	existing	phrase.medicine.tsv	30	
內視鏡	existing	phrase.medicine.tsv	31	
再生	existing	phrase.medicine.tsv	33	
冠狀動脈	existing	phrase.medicine.tsv	34	
凝血	existing	phrase.medicine.tsv	36	
出血	existing	phrase.medicine.tsv	38	
出血性	existing	phrase.medicine.tsv	39	
剝離	existing	phrase.medicine.tsv	43	
功能	existing	phrase.medicine.tsv	46	
動脈	existing	phrase.medicine.tsv	48	
化膿性	existing	phrase.medicine.tsv	49	
十字	existing	phrase.medicine.tsv	50	
卵巢	existing	phrase.medicine.tsv	52	
原發性	existing	phrase.medicine.tsv	53	
口服	existing	phrase.medicine.tsv	55	
同調	existing	phrase.medicine.tsv	57	
周邊	existing	phrase.medicine.tsv	58	
呼吸	existing	phrase.medicine.tsv	59	
呼吸系統	existing	phrase.medicine.tsv	61	
增生	existing	phrase.medicine.tsv	64	
多發性	existing	phrase.medicine.tsv	68	
多重	existing	phrase.medicine.tsv	69	
天門	existing	phrase.medicine.tsv	72	
子宮	existing	phrase.medicine.tsv	74	
心臟	existing	phrase.medicine.tsv	92	
心臟病	existing	phrase.medicine.tsv	93	
心血管	existing	phrase.medicine.tsv	96	
急性	existing	phrase.medicine.tsv	97	
感染性	existing	phrase.medicine.tsv	101	
慢性	existing	phrase.medicine.tsv	102	
抗菌	existing	phrase.medicine.tsv	105	
抗藥性	existing	phrase.medicine.tsv	106	
掃描	existing	phrase.medicine.tsv	107	
撕裂	existing	phrase.medicine.tsv	108	
攝影	existing	phrase.medicine.tsv	110	
攝護腺	existing	phrase.medicine.tsv	111	
支氣管	existing	phrase.medicine.tsv	113	
支氣管鏡	existing	phrase.medicine.tsv	114	
敏感性	existing	phrase.medicine.tsv	115	
數值	existing	phrase.medicine.tsv	116	
斷層	existing	phrase.medicine.tsv	117	
早期	existing	phrase.medicine.tsv	118	
時間	existing	phrase.medicine.tsv	119	
暫時性	existing	phrase.medicine.tsv	120	
栓塞	existing	phrase.medicine.tsv	121	
檢查	existing	phrase.medicine.tsv	127	
檢測	existing	phrase.medicine.tsv	128	
檢驗	existing	phrase.medicine.tsv	129	
氣喘	existing	phrase.medicine.tsv	130	
治療	existing	phrase.medicine.tsv	132	
活化	existing	phrase.medicine.tsv	134	
消化系統	existing	phrase.medicine.tsv	136	
游離	existing	phrase.medicine.tsv	138	
溶解	existing	phrase.medicine.tsv	140	
狀態	existing	phrase.medicine.tsv	143	
狹窄	existing	phrase.medicine.tsv	144	
狼瘡	existing	phrase.medicine.tsv	145	
產前	existing	phrase.medicine.tsv	148	
甲狀腺	existing	phrase.medicine.tsv	149	
甲狀腺素	existing	phrase.medicine.tsv	150	
異常	existing	phrase.medicine.tsv	154	
疾病	existing	phrase.medicine.tsv	155	
病變	existing	phrase.medicine.tsv	157	
症候群	existing	phrase.medicine.tsv	158	
癲癇	existing	phrase.medicine.tsv	159	
發作	existing	phrase.medicine.tsv	160	
發炎性	existing	phrase.medicine.tsv	161	
皮膚炎	existing	phrase.medicine.tsv	164	
監測	existing	phrase.medicine.tsv	165	
睡眠	existing	phrase.medicine.tsv	167	
硬化症	existing	phrase.medicine.tsv	168	
神經	existing	phrase.medicine.tsv	172	
神經系統	existing	phrase.medicine.tsv	173	
窘迫	existing	phrase.medicine.tsv	174	
筋膜炎	existing	phrase.medicine.tsv	175	
管理	existing	phrase.medicine.tsv	176	
糖尿病	existing	phrase.medicine.tsv	178	
系統	existing	phrase.medicine.tsv	179	
系統性	existing	phrase.medicine.tsv	180	
紅斑	existing	phrase.medicine.tsv	181	
紅血球	existing	phrase.medicine.tsv	182	
純音	existing	phrase.medicine.tsv	183	
細菌	existing	phrase.medicine.tsv	184	
維生素	existing	phrase.medicine.tsv	189	
缺血性	existing	phrase.medicine.tsv	192	
置換	existing	phrase.medicine.tsv	193	
聽力	existing	phrase.medicine.tsv	195	
肌肉	existing	phrase.medicine.tsv	196	
肝臟	existing	phrase.medicine.tsv	201	
肺病	existing	phrase.medicine.tsv	203	
肺部	existing	phrase.medicine.tsv	205	
胎盤	existing	phrase.medicine.tsv	207	
腎上腺	existing	phrase.medicine.tsv	209	
腎臟	existing	phrase.medicine.tsv	211	
腦中風	existing	phrase.medicine.tsv	212	
腹部	existing	phrase.medicine.tsv	215	
膀胱	existing	phrase.medicine.tsv	216	
膝關節	existing	phrase.medicine.tsv	217	
葡萄糖	existing	phrase.medicine.tsv	218	
藥物	existing	phrase.medicine.tsv	219	
血小板	existing	phrase.medicine.tsv	222	
血栓	existing	phrase.medicine.tsv	223	
血糖	existing	phrase.medicine.tsv	226	
視網膜	existing	phrase.medicine.tsv	228	
試驗	existing	phrase.medicine.tsv	229	
貧血	existing	phrase.medicine.tsv	230	
逆流	existing	phrase.medicine.tsv	233	
速率	existing	phrase.medicine.tsv	235	
連續	existing	phrase.medicine.tsv	237	
部分	existing	phrase.medicine.tsv	239	
鈣化	existing	phrase.medicine.tsv	243	
關節炎	existing	phrase.medicine.tsv	246	
障礙	existing	phrase.medicine.tsv	248	
電腦	existing	phrase.medicine.tsv	250	
靜脈	existing	phrase.medicine.tsv	252	
靜脈曲張	existing	phrase.medicine.tsv	253	
韌帶	existing	phrase.medicine.tsv	255	
頸動脈	existing	phrase.medicine.tsv	256	
風險評估	duplicate	phrase.medicine.tsv	258	
食道	existing	phrase.medicine.tsv	259	
骨折	existing	phrase.medicine.tsv	260	
骨盆腔	existing	phrase.medicine.tsv	261	
骨骼	existing	phrase.medicine.tsv	262	
骨髓	existing	phrase.medicine.tsv	263	
髖關節	existing	phrase.medicine.tsv	265	
高滲透壓	existing	phrase.medicine.tsv	268	
高血糖	existing	phrase.medicine.tsv	269	
黏膜	existing	phrase.medicine.tsv	271	
中心	existing	phrase.network-security.tsv	6	
主機	existing	phrase.network-security.tsv	8	
事件	existing	phrase.network-security.tsv	9	
伺服器	existing	phrase.network-security.tsv	12	
位址	existing	phrase.network-security.tsv	14	
使用者	existing	phrase.network-security.tsv	16	
供應鏈	duplicate	phrase.network-security.tsv	17	
偵測	existing	phrase.network-security.tsv	21	
偽造	existing	phrase.network-security.tsv	23	
傳輸	existing	phrase.network-security.tsv	24	
入侵	existing	phrase.network-security.tsv	25	
分散式	existing	phrase.network-security.tsv	28	
分析	existing	phrase.network-security.tsv	29	
加密	existing	phrase.network-security.tsv	30	
動態	existing	phrase.network-security.tsv	32	
區域網路	existing	phrase.network-security.tsv	35	
協作	existing	phrase.network-security.tsv	36	
協定	existing	phrase.network-security.tsv	37	
名稱	existing	phrase.network-security.tsv	39	
商務	existing	phrase.network-security.tsv	41	
單元	existing	phrase.network-security.tsv	43	
回應	existing	phrase.network-security.tsv	45	
執行	existing	phrase.network-security.tsv	48	
基礎	existing	phrase.network-security.tsv	49	
安全	existing	phrase.network-security.tsv	56	
帳號	existing	phrase.network-security.tsv	68	
建設	existing	phrase.network-security.tsv	69	
惡意	existing	phrase.network-security.tsv	74	
憑證	existing	phrase.network-security.tsv	76	
應用	existing	phrase.network-security.tsv	80	
應用程式	existing	phrase.network-security.tsv	81	
戰術	existing	phrase.network-security.tsv	82	
技術	existing	phrase.network-security.tsv	83	
授權	existing	phrase.network-security.tsv	84	
控制	existing	phrase.network-security.tsv	85	
最大	existing	phrase.network-security.tsv	94	
服務	existing	phrase.network-security.tsv	96	
模組	existing	phrase.network-security.tsv	97	
治理	existing	phrase.network-security.tsv	104	
特權	existing	phrase.network-security.tsv	109	
硬體	existing	phrase.network-security.tsv	111	
程序	existing	phrase.network-security.tsv	114	
程式	existing	phrase.network-security.tsv	115	
程式碼	existing	phrase.network-security.tsv	116	
稽核	existing	phrase.network-security.tsv	117	
端點	existing	phrase.network-security.tsv	119	
管理	existing	phrase.network-security.tsv	122	
系統	existing	phrase.network-security.tsv	123	
網域	existing	phrase.network-security.tsv	128	
網路	existing	phrase.network-security.tsv	130	
網頁	existing	phrase.network-security.tsv	136	
自動化	existing	phrase.network-security.tsv	138	
虛擬	existing	phrase.network-security.tsv	140	
解析	existing	phrase.network-security.tsv	142	
訊息	existing	phrase.network-security.tsv	143	
設定	existing	phrase.network-security.tsv	146	
詐騙	existing	phrase.network-security.tsv	147	
請求	existing	phrase.network-security.tsv	148	
資料	existing	phrase.network-security.tsv	151	
資料庫	existing	phrase.network-security.tsv	153	
資訊	existing	phrase.network-security.tsv	157	
資訊安全	duplicate	phrase.network-security.tsv	158	
路徑	existing	phrase.network-security.tsv	160	
轉換	existing	phrase.network-security.tsv	162	
遠端	existing	phrase.network-security.tsv	164	
金鑰	existing	phrase.network-security.tsv	166	
防火牆	existing	phrase.network-security.tsv	167	
防禦	existing	phrase.network-security.tsv	168	
阻斷	existing	phrase.network-security.tsv	169	
電子郵件	existing	phrase.network-security.tsv	172	
風險評估	duplicate	phrase.network-security.tsv	174	
劉德華	existing	phrase.people-contemporary.tsv	2	
吳宗憲	existing	phrase.people-contemporary.tsv	3	
吳敦義	existing	phrase.people-contemporary.tsv	4	
周杰倫	existing	phrase.people-contemporary.tsv	5	
姚明	existing	phrase.people-contemporary.tsv	6	
宮崎駿	existing	phrase.people-contemporary.tsv	8	
川普	existing	phrase.people-contemporary.tsv	9	
張忠謀	existing	phrase.people-contemporary.tsv	10	
張惠妹	existing	phrase.people-contemporary.tsv	11	
木村拓哉	existing	phrase.people-contemporary.tsv	14	
朱立倫	existing	phrase.people-contemporary.tsv	15	
李光耀	existing	phrase.people-contemporary.tsv	16	
李安	existing	phrase.people-contemporary.tsv	17	
李連杰	existing	phrase.people-contemporary.tsv	18	
村上春樹	existing	phrase.people-contemporary.tsv	19	
林宥嘉	existing	phrase.people-contemporary.tsv	20	
林智勝	existing	phrase.people-contemporary.tsv	21	
林益世	existing	phrase.people-contemporary.tsv	22	
柯文哲	existing	phrase.people-contemporary.tsv	23	
歐巴馬	existing	phrase.people-contemporary.tsv	25	
比爾蓋茲	existing	phrase.people-contemporary.tsv	26	
洪秀柱	existing	phrase.people-contemporary.tsv	27	
王力宏	existing	phrase.people-contemporary.tsv	28	
王定宇	existing	phrase.people-contemporary.tsv	29	
王建民	existing	phrase.people-contemporary.tsv	30	
王金平	existing	phrase.people-contemporary.tsv	31	
章子怡	existing	phrase.people-contemporary.tsv	32	
習近平	existing	phrase.people-contemporary.tsv	33	
胡志強	existing	phrase.people-contemporary.tsv	34	
蔡依林	existing	phrase.people-contemporary.tsv	35	
蔡卓妍	existing	phrase.people-contemporary.tsv	36	
蔡明亮	existing	phrase.people-contemporary.tsv	37	
蔡英文	existing	phrase.people-contemporary.tsv	38	
蘇嘉全	existing	phrase.people-contemporary.tsv	39	
蘇貞昌	existing	phrase.people-contemporary.tsv	40	
賈伯斯	existing	phrase.people-contemporary.tsv	41	
賴清德	existing	phrase.people-contemporary.tsv	42	
趙少康	existing	phrase.people-contemporary.tsv	43	
邱太三	existing	phrase.people-contemporary.tsv	44	
邱毅	existing	phrase.people-contemporary.tsv	45	
郭台銘	existing	phrase.people-contemporary.tsv	46	
郭正亮	existing	phrase.people-contemporary.tsv	47	
鈴木一朗	existing	phrase.people-contemporary.tsv	48	
陳文茜	existing	phrase.people-contemporary.tsv	49	
陳菊	existing	phrase.people-contemporary.tsv	50	
陳金鋒	existing	phrase.people-contemporary.tsv	51	
香取慎吾	existing	phrase.people-contemporary.tsv	53	
馬英九	existing	phrase.people-contemporary.tsv	55	
高行健	existing	phrase.people-contemporary.tsv	56	
三島由紀夫	existing	phrase.people-history.tsv	2	
乾隆	existing	phrase.people-history.tsv	3	
亞當斯密	existing	phrase.people-history.tsv	4	
亞里斯多德	existing	phrase.people-history.tsv	5	
伏羲	existing	phrase.people-history.tsv	6	
伽利略	existing	phrase.people-history.tsv	7	
佛洛伊德	existing	phrase.people-history.tsv	8	
佛洛依德	existing	phrase.people-history.tsv	9	
劉備	existing	phrase.people-history.tsv	10	
劉邦	existing	phrase.people-history.tsv	11	
劉銘傳	existing	phrase.people-history.tsv	12	
卓別林	existing	phrase.people-history.tsv	13	
南丁格爾	existing	phrase.people-history.tsv	14	
卡夫卡	existing	phrase.people-history.tsv	15	
史達林	existing	phrase.people-history.tsv	16	
司馬光	existing	phrase.people-history.tsv	17	
司馬遷	existing	phrase.people-history.tsv	18	
周文王	existing	phrase.people-history.tsv	19	
周武王	existing	phrase.people-history.tsv	20	
周瑜	existing	phrase.people-history.tsv	21	
哥白尼	existing	phrase.people-history.tsv	22	
塞尚	existing	phrase.people-history.tsv	24	
墨子	existing	phrase.people-history.tsv	25	
墨索里尼	existing	phrase.people-history.tsv	26	
姜太公	existing	phrase.people-history.tsv	27	
姜子牙	existing	phrase.people-history.tsv	28	
子思	existing	phrase.people-history.tsv	29	
子貢	existing	phrase.people-history.tsv	30	
子路	existing	phrase.people-history.tsv	31	
孔子	existing	phrase.people-history.tsv	32	
孟子	existing	phrase.people-history.tsv	33	
孟德爾	existing	phrase.people-history.tsv	34	
孫中山	existing	phrase.people-history.tsv	35	
孫文	existing	phrase.people-history.tsv	36	
孫權	existing	phrase.people-history.tsv	37	
孫武	existing	phrase.people-history.tsv	38	
孫立人	existing	phrase.people-history.tsv	39	
孫逸仙	existing	phrase.people-history.tsv	40	
尼采	existing	phrase.people-history.tsv	41	
居禮夫人	existing	phrase.people-history.tsv	42	
屈原	existing	phrase.people-history.tsv	43	
岳飛	existing	phrase.people-history.tsv	44	
左宗棠	existing	phrase.people-history.tsv	45	
巴赫	existing	phrase.people-history.tsv	46	
布拉姆斯	existing	phrase.people-history.tsv	47	
希特勒	existing	phrase.people-history.tsv	48	
康德	existing	phrase.people-history.tsv	49	
康熙	existing	phrase.people-history.tsv	50	
張良	existing	phrase.people-history.tsv	51	
張飛	existing	phrase.people-history.tsv	52	
徐光啟	existing	phrase.people-history.tsv	53	
德川家康	existing	phrase.people-history.tsv	54	
德拉克洛瓦	existing	phrase.people-history.tsv	55	
恩格斯	existing	phrase.people-history.tsv	56	
愛因斯坦	existing	phrase.people-history.tsv	57	
愛迪生	existing	phrase.people-history.tsv	58	
成吉思汗	existing	phrase.people-history.tsv	59	
戚繼光	existing	phrase.people-history.tsv	60	
手塚治虫	existing	phrase.people-history.tsv	61	
托爾斯泰	existing	phrase.people-history.tsv	62	
拉斐爾	existing	phrase.people-history.tsv	63	
摩西	existing	phrase.people-history.tsv	64	
文天祥	existing	phrase.people-history.tsv	65	
施琅	existing	phrase.people-history.tsv	66	
晏嬰	existing	phrase.people-history.tsv	67	
晏子	existing	phrase.people-history.tsv	68	
普希金	existing	phrase.people-history.tsv	69	
曹操	existing	phrase.people-history.tsv	70	
曹植	existing	phrase.people-history.tsv	71	
曹雪芹	existing	phrase.people-history.tsv	72	
曾國藩	existing	phrase.people-history.tsv	73	
曾子	existing	phrase.people-history.tsv	74	
本雅明	existing	phrase.people-history.tsv	75	
朱元璋	existing	phrase.people-history.tsv	76	
朱熹	existing	phrase.people-history.tsv	77	
李商隱	existing	phrase.people-history.tsv	78	
李斯	existing	phrase.people-history.tsv	79	
李斯特	existing	phrase.people-history.tsv	80	
李時珍	existing	phrase.people-history.tsv	81	
李白	existing	phrase.people-history.tsv	82	
李鴻章	existing	phrase.people-history.tsv	83	
杜甫	existing	phrase.people-history.tsv	84	
林則徐	existing	phrase.people-history.tsv	85	
林森	existing	phrase.people-history.tsv	86	
林覺民	existing	phrase.people-history.tsv	87	
柏拉圖	existing	phrase.people-history.tsv	88	
柳宗元	existing	phrase.people-history.tsv	89	
梁啟超	existing	phrase.people-history.tsv	90	
梅蘭芳	existing	phrase.people-history.tsv	91	
梵谷	existing	phrase.people-history.tsv	92	
歌德	existing	phrase.people-history.tsv	93	
歐陽修	existing	phrase.people-history.tsv	94	
汪精衛	existing	phrase.people-history.tsv	95	
沈葆楨	existing	phrase.people-history.tsv	96	
海明威	existing	phrase.people-history.tsv	97	
漢武帝	existing	phrase.people-history.tsv	98	
牛頓	existing	phrase.people-history.tsv	99	
特斯拉	existing	phrase.people-history.tsv	100	
玄奘	existing	phrase.people-history.tsv	101	
王安石	existing	phrase.people-history.tsv	102	
王維	existing	phrase.people-history.tsv	103	
王羲之	existing	phrase.people-history.tsv	104	
王莽	existing	phrase.people-history.tsv	105	
王陽明	existing	phrase.people-history.tsv	106	
班固	existing	phrase.people-history.tsv	107	
班昭	existing	phrase.people-history.tsv	108	
班超	existing	phrase.people-history.tsv	109	
瓦特	existing	phrase.people-history.tsv	110	
甘地	existing	phrase.people-history.tsv	111	
田中角榮	existing	phrase.people-history.tsv	112	
畢卡索	existing	phrase.people-history.tsv	113	
白居易	existing	phrase.people-history.tsv	114	
神農	existing	phrase.people-history.tsv	115	
秋瑾	existing	phrase.people-history.tsv	116	
秦始皇	existing	phrase.people-history.tsv	117	
穆罕默德	existing	phrase.people-history.tsv	118	
管仲	existing	phrase.people-history.tsv	119	
米開朗基羅	existing	phrase.people-history.tsv	120	
羅丹	existing	phrase.people-history.tsv	121	
胡適	existing	phrase.people-history.tsv	122	
舒伯特	existing	phrase.people-history.tsv	123	
舒曼	existing	phrase.people-history.tsv	124	
荀子	existing	phrase.people-history.tsv	125	
荊軻	existing	phrase.people-history.tsv	126	
莊子	existing	phrase.people-history.tsv	127	
莎士比亞	existing	phrase.people-history.tsv	128	
莫札特	existing	phrase.people-history.tsv	129	
華佗	existing	phrase.people-history.tsv	130	
蔡倫	existing	phrase.people-history.tsv	131	
蔡元培	existing	phrase.people-history.tsv	132	
蔣中正	existing	phrase.people-history.tsv	133	
蔣介石	existing	phrase.people-history.tsv	134	
蕭邦	existing	phrase.people-history.tsv	135	
蘇東坡	existing	phrase.people-history.tsv	136	
蘇格拉底	existing	phrase.people-history.tsv	137	
蘇軾	existing	phrase.people-history.tsv	138	
袁世凱	existing	phrase.people-history.tsv	139	
諸葛亮	existing	phrase.people-history.tsv	140	
諾貝爾	existing	phrase.people-history.tsv	141	
貝多芬	existing	phrase.people-history.tsv	142	
連橫	existing	phrase.people-history.tsv	143	
達文西	existing	phrase.people-history.tsv	144	
達爾文	existing	phrase.people-history.tsv	145	
鄭和	existing	phrase.people-history.tsv	146	
鄭成功	existing	phrase.people-history.tsv	147	
鄭經	existing	phrase.people-history.tsv	148	
鄭芝龍	existing	phrase.people-history.tsv	149	
釋迦牟尼	existing	phrase.people-history.tsv	150	
釋迦牟尼佛	existing	phrase.people-history.tsv	151	
關羽	existing	phrase.people-history.tsv	152	
陶淵明	existing	phrase.people-history.tsv	153	
雍正	existing	phrase.people-history.tsv	154	
霍布斯	existing	phrase.people-history.tsv	155	
韋伯	existing	phrase.people-history.tsv	157	
韓信	existing	phrase.people-history.tsv	158	
韓愈	existing	phrase.people-history.tsv	159	
韓非	existing	phrase.people-history.tsv	160	
韓非子	existing	phrase.people-history.tsv	161	
項羽	existing	phrase.people-history.tsv	162	
顏回	existing	phrase.people-history.tsv	163	
顏淵	existing	phrase.people-history.tsv	164	
魯班	existing	phrase.people-history.tsv	166	
魯迅	existing	phrase.people-history.tsv	167	
黃帝	existing	phrase.people-history.tsv	168	
黃興	existing	phrase.people-history.tsv	169	
黑澤明	existing	phrase.people-history.tsv	170	
齊桓公	existing	phrase.people-history.tsv	171	
余光中	existing	phrase.people-oldnews.tsv	2	
余政憲	existing	phrase.people-oldnews.tsv	3	
傅斯年	existing	phrase.people-oldnews.tsv	4	
卡斯楚	existing	phrase.people-oldnews.tsv	5	
卡特	existing	phrase.people-oldnews.tsv	6	
史明	existing	phrase.people-oldnews.tsv	7	
吳伯雄	existing	phrase.people-oldnews.tsv	8	
吳念真	existing	phrase.people-oldnews.tsv	9	
呂秀蓮	existing	phrase.people-oldnews.tsv	10	
周恩來	existing	phrase.people-oldnews.tsv	11	
嚴長壽	existing	phrase.people-oldnews.tsv	12	
大前研一	existing	phrase.people-oldnews.tsv	13	
姚嘉文	existing	phrase.people-oldnews.tsv	14	
孫運璿	existing	phrase.people-oldnews.tsv	15	
安室奈美惠	existing	phrase.people-oldnews.tsv	16	
宋楚瑜	existing	phrase.people-oldnews.tsv	17	
密特朗	existing	phrase.people-oldnews.tsv	18	
小室哲哉	existing	phrase.people-oldnews.tsv	19	
尹衍樑	existing	phrase.people-oldnews.tsv	20	
尼克森	existing	phrase.people-oldnews.tsv	21	
布希	existing	phrase.people-oldnews.tsv	22	
廣末涼子	existing	phrase.people-oldnews.tsv	23	
張俊雄	existing	phrase.people-oldnews.tsv	24	
張學友	existing	phrase.people-oldnews.tsv	25	
張榮發	existing	phrase.people-oldnews.tsv	26	
張清芳	existing	phrase.people-oldnews.tsv	27	
彭明敏	existing	phrase.people-oldnews.tsv	28	
彭淮南	existing	phrase.people-oldnews.tsv	29	
戈巴契夫	existing	phrase.people-oldnews.tsv	30	
施振榮	existing	phrase.people-oldnews.tsv	31	
曼德拉	existing	phrase.people-oldnews.tsv	32	
曾志朗	existing	phrase.people-oldnews.tsv	33	
李國鼎	existing	phrase.people-oldnews.tsv	34	
李天祿	existing	phrase.people-oldnews.tsv	35	
李宗盛	existing	phrase.people-oldnews.tsv	36	
李家同	existing	phrase.people-oldnews.tsv	37	
李應元	existing	phrase.people-oldnews.tsv	38	
李敖	existing	phrase.people-oldnews.tsv	39	
李泰祥	existing	phrase.people-oldnews.tsv	40	
李登輝	existing	phrase.people-oldnews.tsv	41	
李遠哲	existing	phrase.people-oldnews.tsv	42	
松下幸之助	existing	phrase.people-oldnews.tsv	43	
林慧萍	existing	phrase.people-oldnews.tsv	44	
林懷民	existing	phrase.people-oldnews.tsv	45	
林洋港	existing	phrase.people-oldnews.tsv	46	
林海音	existing	phrase.people-oldnews.tsv	47	
林清玄	existing	phrase.people-oldnews.tsv	48	
林百里	existing	phrase.people-oldnews.tsv	49	
林青霞	existing	phrase.people-oldnews.tsv	50	
柯林頓	existing	phrase.people-oldnews.tsv	51	
楊朝祥	existing	phrase.people-oldnews.tsv	52	
楊牧	existing	phrase.people-oldnews.tsv	53	
楊麗花	existing	phrase.people-oldnews.tsv	54	
毛澤東	existing	phrase.people-oldnews.tsv	55	
江澤民	existing	phrase.people-oldnews.tsv	56	
沈春華	existing	phrase.people-oldnews.tsv	57	
海珊	existing	phrase.people-oldnews.tsv	58	
游錫堃	existing	phrase.people-oldnews.tsv	59	
王永慶	existing	phrase.people-oldnews.tsv	60	
白先勇	existing	phrase.people-oldnews.tsv	61	
石原慎太郎	existing	phrase.people-oldnews.tsv	62	
羅大佑	existing	phrase.people-oldnews.tsv	63	
胡耀邦	existing	phrase.people-oldnews.tsv	64	
胡錦濤	existing	phrase.people-oldnews.tsv	65	
范振宗	existing	phrase.people-oldnews.tsv	66	
葉石濤	existing	phrase.people-oldnews.tsv	67	
蔡振南	existing	phrase.people-oldnews.tsv	68	
蔣經國	existing	phrase.people-oldnews.tsv	69	
蕭萬長	existing	phrase.people-oldnews.tsv	70	
裘海正	existing	phrase.people-oldnews.tsv	71	
許水德	existing	phrase.people-oldnews.tsv	72	
謝長廷	existing	phrase.people-oldnews.tsv	73	
連戰	existing	phrase.people-oldnews.tsv	74	
郝柏村	existing	phrase.people-oldnews.tsv	75	
郭婉容	existing	phrase.people-oldnews.tsv	76	
郭富城	existing	phrase.people-oldnews.tsv	77	
鄧小平	existing	phrase.people-oldnews.tsv	78	
金大中	existing	phrase.people-oldnews.tsv	79	
金庸	existing	phrase.people-oldnews.tsv	80	
錢復	existing	phrase.people-oldnews.tsv	81	
阿拉法特	existing	phrase.people-oldnews.tsv	82	
陳履安	existing	phrase.people-oldnews.tsv	83	
陳水扁	existing	phrase.people-oldnews.tsv	84	
陶百川	existing	phrase.people-oldnews.tsv	85	
雷根	existing	phrase.people-oldnews.tsv	86	
黃昆輝	existing	phrase.people-oldnews.tsv	87	
黛安娜	existing	phrase.people-oldnews.tsv	88	
龍應台	existing	phrase.people-oldnews.tsv	89	
工業	existing	phrase.psychology-society.tsv	27	
心理學	existing	phrase.psychology-society.tsv	29	
效應	existing	phrase.psychology-society.tsv	35	
沉沒成本	duplicate	phrase.psychology-society.tsv	46	
社會結構	duplicate	phrase.psychology-society.tsv	61	
組織	existing	phrase.psychology-society.tsv	65	
不相容	existing	phrase.science.tsv	3	
力學	existing	phrase.science.tsv	10	
原理	existing	phrase.science.tsv	15	
方程	existing	phrase.science.tsv	34	
酸鹼	existing	phrase.science.tsv	78	
重量	existing	phrase.science.tsv	80	
量子	existing	phrase.science.tsv	81	
保養	existing	phrase.semiconductor.tsv	6	
修正	existing	phrase.semiconductor.tsv	7	
健康	existing	phrase.semiconductor.tsv	8	
先進製程	duplicate	phrase.semiconductor.tsv	10	
光學	existing	phrase.semiconductor.tsv	11	
內建	existing	phrase.semiconductor.tsv	13	
分析	existing	phrase.semiconductor.tsv	14	
分類	existing	phrase.semiconductor.tsv	15	
加速	existing	phrase.semiconductor.tsv	16	
動態	existing	phrase.semiconductor.tsv	17	
化學	existing	phrase.semiconductor.tsv	18	
參數	existing	phrase.semiconductor.tsv	20	
參數最佳化	duplicate	phrase.semiconductor.tsv	21	
反向	existing	phrase.semiconductor.tsv	22	
反應式	existing	phrase.semiconductor.tsv	23	
單元	existing	phrase.semiconductor.tsv	25	
場效電晶體	duplicate	phrase.semiconductor.tsv	28	
壽命	existing	phrase.semiconductor.tsv	29	
存取	existing	phrase.semiconductor.tsv	33	
寄生	existing	phrase.semiconductor.tsv	34	
射頻	existing	phrase.semiconductor.tsv	38	
尺寸	existing	phrase.semiconductor.tsv	40	
常數	existing	phrase.semiconductor.tsv	41	
應力	existing	phrase.semiconductor.tsv	46	
技術	existing	phrase.semiconductor.tsv	50	
控制	existing	phrase.semiconductor.tsv	54	
控制器	existing	phrase.semiconductor.tsv	55	
操作	existing	phrase.semiconductor.tsv	56	
擴散	existing	phrase.semiconductor.tsv	57	
擷取	existing	phrase.semiconductor.tsv	59	
改善	existing	phrase.semiconductor.tsv	60	
放電	existing	phrase.semiconductor.tsv	61	
故障	existing	phrase.semiconductor.tsv	62	
故障診斷	duplicate	phrase.semiconductor.tsv	63	
效應	existing	phrase.semiconductor.tsv	64	
數位	existing	phrase.semiconductor.tsv	65	
時序	existing	phrase.semiconductor.tsv	67	
晶圓	existing	phrase.semiconductor.tsv	69	
晶片	existing	phrase.semiconductor.tsv	71	
晶粒	existing	phrase.semiconductor.tsv	72	
材料	existing	phrase.semiconductor.tsv	78	
校正	existing	phrase.semiconductor.tsv	79	
條件	existing	phrase.semiconductor.tsv	80	
機械	existing	phrase.semiconductor.tsv	83	
檢查	existing	phrase.semiconductor.tsv	84	
檢測	existing	phrase.semiconductor.tsv	85	
污染控制	duplicate	phrase.semiconductor.tsv	90	
沉積	existing	phrase.semiconductor.tsv	92	
混合	existing	phrase.semiconductor.tsv	96	
清洗	existing	phrase.semiconductor.tsv	97	
測試	existing	phrase.semiconductor.tsv	102	
溫度	existing	phrase.semiconductor.tsv	105	
版圖	existing	phrase.semiconductor.tsv	106	
物理	existing	phrase.semiconductor.tsv	107	
環繞	existing	phrase.semiconductor.tsv	108	
異常	existing	phrase.semiconductor.tsv	109	
監控	existing	phrase.semiconductor.tsv	111	
研磨	existing	phrase.semiconductor.tsv	113	
神經網路	duplicate	phrase.semiconductor.tsv	117	
積體電路	existing	phrase.semiconductor.tsv	118	
算術	existing	phrase.semiconductor.tsv	119	
管理	existing	phrase.semiconductor.tsv	120	
篩選	existing	phrase.semiconductor.tsv	121	
約束	existing	phrase.semiconductor.tsv	122	
統計	existing	phrase.semiconductor.tsv	124	
能力	existing	phrase.semiconductor.tsv	127	
臨界	existing	phrase.semiconductor.tsv	128	
自動	existing	phrase.semiconductor.tsv	129	
自我	existing	phrase.semiconductor.tsv	130	
薄膜	existing	phrase.semiconductor.tsv	132	
處理器	existing	phrase.semiconductor.tsv	135	
蝕刻	existing	phrase.semiconductor.tsv	136	
製程	existing	phrase.semiconductor.tsv	139	
覆蓋率	existing	phrase.semiconductor.tsv	141	
規則	existing	phrase.semiconductor.tsv	142	
訊號	existing	phrase.semiconductor.tsv	143	
記憶體	existing	phrase.semiconductor.tsv	144	
設備	existing	phrase.semiconductor.tsv	145	
設計	existing	phrase.semiconductor.tsv	148	
試驗	existing	phrase.semiconductor.tsv	149	
誘發	existing	phrase.semiconductor.tsv	150	
資料準備	duplicate	phrase.semiconductor.tsv	152	
退火	existing	phrase.semiconductor.tsv	153	
通用	existing	phrase.semiconductor.tsv	155	
邏輯	existing	phrase.semiconductor.tsv	156	
鄰近	existing	phrase.semiconductor.tsv	157	
配方	existing	phrase.semiconductor.tsv	158	
降低	existing	phrase.semiconductor.tsv	166	
隨機	existing	phrase.semiconductor.tsv	167	
雙極性	duplicate	phrase.semiconductor.tsv	169	
離子	existing	phrase.semiconductor.tsv	170	
電晶體	existing	phrase.semiconductor.tsv	174	
電源	existing	phrase.semiconductor.tsv	175	
靜態	existing	phrase.semiconductor.tsv	177	
靜電	existing	phrase.semiconductor.tsv	178	
預防保養	duplicate	phrase.semiconductor.tsv	180	
類比	existing	phrase.semiconductor.tsv	181	
顯示	existing	phrase.semiconductor.tsv	182	
驅動	existing	phrase.semiconductor.tsv	183	
驗證	existing	phrase.semiconductor.tsv	184	
高溫	existing	phrase.semiconductor.tsv	187	
高速介面	duplicate	phrase.semiconductor.tsv	188	
上下文	existing	phrase.software.tsv	2	
並行	existing	phrase.software.tsv	3	
事件	existing	phrase.software.tsv	4	
介面	existing	phrase.software.tsv	5	
佛洛伊德	existing	phrase.software.tsv	6	
依賴	existing	phrase.software.tsv	7	
備援	existing	phrase.software.tsv	8	
優先	existing	phrase.software.tsv	9	
分散式	existing	phrase.software.tsv	11	
分離	existing	phrase.software.tsv	13	
升級	existing	phrase.software.tsv	16	
原則	existing	phrase.software.tsv	17	
反轉	existing	phrase.software.tsv	18	
叢集	existing	phrase.software.tsv	19	
命令	existing	phrase.software.tsv	21	
單一	existing	phrase.software.tsv	22	
單元	existing	phrase.software.tsv	23	
契約	existing	phrase.software.tsv	26	
存取控制	duplicate	phrase.software.tsv	27	
實作	existing	phrase.software.tsv	32	
工作	existing	phrase.software.tsv	33	
廣度	existing	phrase.software.tsv	34	
微服務	duplicate	phrase.software.tsv	36	
快取	existing	phrase.software.tsv	37	
應用程式	existing	phrase.software.tsv	39	
控制	existing	phrase.software.tsv	46	
搜尋	existing	phrase.software.tsv	47	
搜尋引擎	existing	phrase.software.tsv	48	
擴充	existing	phrase.software.tsv	50	
文法	existing	phrase.software.tsv	54	
架構	existing	phrase.software.tsv	57	
查詢	existing	phrase.software.tsv	58	
模式	existing	phrase.software.tsv	60	
消費者	existing	phrase.software.tsv	64	
清單	existing	phrase.software.tsv	65	
測試	existing	phrase.software.tsv	66	
演算法	existing	phrase.software.tsv	67	
無關	existing	phrase.software.tsv	69	
監控	existing	phrase.software.tsv	73	
福特	existing	phrase.software.tsv	74	
程式碼	existing	phrase.software.tsv	75	
系統	existing	phrase.software.tsv	76	
職責	existing	phrase.software.tsv	78	
行動應用	duplicate	phrase.software.tsv	79	
設計	existing	phrase.software.tsv	84	
調校	existing	phrase.software.tsv	85	
資料庫	existing	phrase.software.tsv	87	
遷移	existing	phrase.software.tsv	92	
部署	existing	phrase.software.tsv	93	
除錯	existing	phrase.software.tsv	96	
隔離	existing	phrase.software.tsv	97	
驅動	existing	phrase.software.tsv	98	
驗證	existing	phrase.software.tsv	99	
中心	existing	phrase.transport-logistics.tsv	2	
交通	existing	phrase.transport-logistics.tsv	3	
倉庫	existing	phrase.transport-logistics.tsv	14	
停車場	existing	phrase.transport-logistics.tsv	15	
公車	existing	phrase.transport-logistics.tsv	19	
危險	existing	phrase.transport-logistics.tsv	25	
反應式	existing	phrase.transport-logistics.tsv	28	
可靠度	duplicate	phrase.transport-logistics.tsv	29	
射頻	existing	phrase.transport-logistics.tsv	35	
捷運	existing	phrase.transport-logistics.tsv	43	
排程最佳化	duplicate	phrase.transport-logistics.tsv	44	
控制	existing	phrase.transport-logistics.tsv	47	
操作	existing	phrase.transport-logistics.tsv	48	
智慧	existing	phrase.transport-logistics.tsv	54	
機器人	existing	phrase.transport-logistics.tsv	60	
港區	existing	phrase.transport-logistics.tsv	64	
無線	existing	phrase.transport-logistics.tsv	65	
物品	existing	phrase.transport-logistics.tsv	67	
移動	existing	phrase.transport-logistics.tsv	71	
空中	existing	phrase.transport-logistics.tsv	72	
管制	existing	phrase.transport-logistics.tsv	75	
管理	existing	phrase.transport-logistics.tsv	76	
自主	existing	phrase.transport-logistics.tsv	79	
自動	existing	phrase.transport-logistics.tsv	80	
自由貿易	existing	phrase.transport-logistics.tsv	85	
行車	existing	phrase.transport-logistics.tsv	89	
規則	existing	phrase.transport-logistics.tsv	90	
評估	existing	phrase.transport-logistics.tsv	91	
識別	existing	phrase.transport-logistics.tsv	92	
路口	existing	phrase.transport-logistics.tsv	93	
轉運站	existing	phrase.transport-logistics.tsv	95	
運輸	existing	phrase.transport-logistics.tsv	96	
運輸系統	existing	phrase.transport-logistics.tsv	97	
道路	existing	phrase.transport-logistics.tsv	98	
鐵路	existing	phrase.transport-logistics.tsv	100	
防護	existing	phrase.transport-logistics.tsv	102	
需求	existing	phrase.transport-logistics.tsv	103	
