排名	單字	習慣讀音	字典音	破音字音	全部收錄音	判定依據	資料來源
1	的	˙ㄉㄜ	ㄉㄧˋ	ㄉㄧˊ	ㄉㄧˋ、ㄉㄧˊ、˙ㄉㄜ	常用音優先；教育部未另標語音	教育部《重編國語辭典修訂本》
2	是	ㄕˋ	ㄕˋ		ㄕˋ	常用音優先；教育部未另標語音	教育部《重編國語辭典修訂本》
3	在	ㄗㄞˋ	ㄗㄞˋ		ㄗㄞˋ	常用音優先；教育部未另標語音	教育部《重編國語辭典修訂本》
4	了	˙ㄌㄜ	ㄌㄧㄠˇ		ㄌㄧㄠˇ、˙ㄌㄜ	常用音優先；教育部未另標語音	教育部《重編國語辭典修訂本》
5	我	ㄨㄛˇ	ㄜˇ		ㄨㄛˇ、ㄜˇ	教育部標示語音	教育部《重編國語辭典修訂本》
6	和	ㄏㄜˊ	ㄏㄜˊ	˙ㄏㄨㄛ、ㄏㄜˋ、ㄏㄨㄛˋ、ㄏㄢˋ、ㄏㄨˊ	ㄏㄜˊ、˙ㄏㄨㄛ、ㄏㄜˋ、ㄏㄨㄛˋ、ㄏㄢˋ、ㄏㄨˊ	常用音優先；教育部未另標語音	教育部《重編國語辭典修訂本》
7	有	ㄧㄡˇ	ㄧㄡˇ	ㄧㄡˋ	ㄧㄡˇ、ㄧㄡˋ	常用音優先；教育部未另標語音	教育部《重編國語辭典修訂本》
8	不	ㄅㄨˋ	ㄅㄨˋ	ㄈㄡˇ、ㄈㄡ、ㄈㄨ	ㄅㄨˋ、ㄈㄡˇ、ㄈㄡ、ㄈㄨ	常用音優先；教育部未另標語音	教育部《重編國語辭典修訂本》
9	人	ㄖㄣˊ	ㄖㄣˊ		ㄖㄣˊ	常用音優先；教育部未另標語音	教育部《重編國語辭典修訂本》
10	也	ㄧㄝˇ	ㄧㄝˇ		ㄧㄝˇ	常用音優先；教育部未另標語音	教育部《重編國語辭典修訂本》
11	你	ㄋㄧˇ	ㄋㄧˇ		ㄋㄧˇ	常用音優先；教育部未另標語音	教育部《重編國語辭典修訂本》
12	為	ㄨㄟˋ	ㄨㄟˊ		ㄨㄟˊ、ㄨㄟˋ	常用音優先；教育部未另標語音	教育部《重編國語辭典修訂本》
13	他	ㄊㄚ	ㄊㄚ	ㄊㄨㄛ	ㄊㄚ、ㄊㄨㄛ	常用音優先；教育部未另標語音	教育部《重編國語辭典修訂本》
14	這	ㄓㄜˋ	ㄓㄜˋ	ㄓㄟˋ	ㄓㄜˋ、ㄓㄟˋ	常用音優先；教育部未另標語音	教育部《重編國語辭典修訂本》
15	中	ㄓㄨㄥ	ㄓㄨㄥ	ㄓㄨㄥˋ	ㄓㄨㄥ、ㄓㄨㄥˋ	常用音優先；教育部未另標語音	教育部《重編國語辭典修訂本》
16	年	ㄋㄧㄢˊ	ㄋㄧㄢˊ		ㄋㄧㄢˊ	常用音優先；教育部未另標語音	教育部《重編國語辭典修訂本》
17	與	ㄩˇ	ㄩˇ	ㄩˋ、ㄩˊ	ㄩˇ、ㄩˋ、ㄩˊ	常用音優先；教育部未另標語音	教育部《重編國語辭典修訂本》
18	對	ㄉㄨㄟˋ	ㄉㄨㄟˋ		ㄉㄨㄟˋ	常用音優先；教育部未另標語音	教育部《重編國語辭典修訂本》
19	就	ㄐㄧㄡˋ	ㄐㄧㄡˋ		ㄐㄧㄡˋ	常用音優先；教育部未另標語音	教育部《重編國語辭典修訂本》
20	都	ㄉㄡ	ㄉㄨ		ㄉㄨ、ㄉㄡ	常用音優先；教育部未另標語音	教育部《重編國語辭典修訂本》
21	上	ㄕㄤˋ	ㄕㄤˋ	ㄕㄤˇ	ㄕㄤˋ、ㄕㄤˇ	常用音優先；教育部未另標語音	教育部《重編國語辭典修訂本》
22	說	ㄕㄨㄛ	ㄕㄨㄛ	ㄕㄨㄟˋ、ㄩㄝˋ	ㄕㄨㄛ、ㄕㄨㄟˋ、ㄩㄝˋ	常用音優先；教育部未另標語音	教育部《重編國語辭典修訂本》
23	嗎	˙ㄇㄚ	˙ㄇㄚ	ㄇㄚˇ	˙ㄇㄚ、ㄇㄚˇ	常用音優先；教育部未另標語音	教育部《重編國語辭典修訂本》
24	到	ㄉㄠˋ	ㄉㄠˋ		ㄉㄠˋ	常用音優先；教育部未另標語音	教育部《重編國語辭典修訂本》
25	會	ㄏㄨㄟˋ	ㄏㄨㄟˋ	ㄏㄨㄟˇ、ㄎㄨㄞˋ、ㄍㄨㄟˋ	ㄏㄨㄟˋ、ㄏㄨㄟˇ、ㄎㄨㄞˋ、ㄍㄨㄟˋ	常用音優先；教育部未另標語音	教育部《重編國語辭典修訂本》
26	要	ㄧㄠˋ	ㄧㄠˋ	ㄧㄠ	ㄧㄠˋ、ㄧㄠ	常用音優先；教育部未另標語音	教育部《重編國語辭典修訂本》
27	來	ㄌㄞˊ	ㄌㄞˊ	ㄌㄞˋ	ㄌㄞˊ、ㄌㄞˋ	常用音優先；教育部未另標語音	教育部《重編國語辭典修訂本》
28	月	ㄩㄝˋ	ㄩㄝˋ		ㄩㄝˋ	常用音優先；教育部未另標語音	教育部《重編國語辭典修訂本》
29	被	ㄅㄟˋ	ㄅㄟˋ	ㄆㄧ	ㄅㄟˋ、ㄆㄧ	常用音優先；教育部未另標語音	教育部《重編國語辭典修訂本》
30	還	ㄏㄞˊ	ㄏㄨㄢˊ	ㄒㄩㄢˊ	ㄏㄨㄢˊ、ㄒㄩㄢˊ、ㄏㄞˊ	常用音優先；教育部未另標語音	教育部《重編國語辭典修訂本》
31	而	ㄦˊ	ㄦˊ		ㄦˊ	常用音優先；教育部未另標語音	教育部《重編國語辭典修訂本》
32	個	ㄍㄜˋ	ㄍㄜˋ	˙ㄍㄜ、ㄍㄜˇ	ㄍㄜˋ、˙ㄍㄜ、ㄍㄜˇ	常用音優先；教育部未另標語音	教育部《重編國語辭典修訂本》
33	箇	ㄍㄜˋ	ㄍㄜˋ		ㄍㄜˋ	常用音優先；教育部未另標語音	教育部《重編國語辭典修訂本》
34	等	ㄉㄥˇ	ㄉㄥˇ		ㄉㄥˇ	常用音優先；教育部未另標語音	教育部《重編國語辭典修訂本》
35	後	ㄏㄡˋ	ㄏㄡˋ		ㄏㄡˋ	常用音優先；教育部未另標語音	教育部《重編國語辭典修訂本》
36	但	ㄉㄢˋ	ㄉㄢˋ		ㄉㄢˋ	常用音優先；教育部未另標語音	教育部《重編國語辭典修訂本》
37	於	ㄩˊ	ㄩˊ	ㄨ	ㄩˊ、ㄨ	常用音優先；教育部未另標語音	教育部《重編國語辭典修訂本》
38	日	ㄖˋ	ㄖˋ	ㄇㄧˋ	ㄖˋ、ㄇㄧˋ	常用音優先；教育部未另標語音	教育部《重編國語辭典修訂本》
39	將	ㄐㄧㄤ	ㄐㄧㄤ	ㄐㄧㄤˋ、ㄑㄧㄤ	ㄐㄧㄤ、ㄐㄧㄤˋ、ㄑㄧㄤ	常用音優先；教育部未另標語音	教育部《重編國語辭典修訂本》
40	並	ㄅㄧㄥˋ	ㄅㄧㄥˋ	ㄅㄤˋ	ㄅㄧㄥˋ、ㄅㄤˋ	常用音優先；教育部未另標語音	教育部《重編國語辭典修訂本》
41	能	ㄋㄥˊ	ㄋㄥˊ		ㄋㄥˊ	常用音優先；教育部未另標語音	教育部《重編國語辭典修訂本》
42	併	ㄅㄧㄥˋ	ㄅㄧㄥˋ		ㄅㄧㄥˋ	常用音優先；教育部未另標語音	教育部《重編國語辭典修訂本》
43	一	ㄧ	ㄧ		ㄧ	常用音優先；教育部未另標語音	教育部《重編國語辭典修訂本》
44	很	ㄏㄣˇ	ㄏㄣˇ		ㄏㄣˇ	常用音優先；教育部未另標語音	教育部《重編國語辭典修訂本》
45	讓	ㄖㄤˋ	ㄖㄤˋ		ㄖㄤˋ	常用音優先；教育部未另標語音	教育部《重編國語辭典修訂本》
46	從	ㄘㄨㄥˊ	ㄘㄨㄥˊ	ㄗㄨㄥˋ、ㄘㄨㄥ、ㄗㄨㄥ	ㄘㄨㄥˊ、ㄗㄨㄥˋ、ㄘㄨㄥ、ㄗㄨㄥ	常用音優先；教育部未另標語音	教育部《重編國語辭典修訂本》
47	以	ㄧˇ	ㄧˇ		ㄧˇ	常用音優先；教育部未另標語音	教育部《重編國語辭典修訂本》
48	好	ㄏㄠˇ	ㄏㄠˇ	ㄏㄠˋ	ㄏㄠˇ、ㄏㄠˋ	常用音優先；教育部未另標語音	教育部《重編國語辭典修訂本》
49	大	ㄉㄚˋ	ㄉㄚˋ	ㄉㄞˋ、ㄊㄞˋ	ㄉㄚˋ、ㄉㄞˋ、ㄊㄞˋ	常用音優先；教育部未另標語音	教育部《重編國語辭典修訂本》
50	她	ㄊㄚ	ㄊㄚ		ㄊㄚ	常用音優先；教育部未另標語音	教育部《重編國語辭典修訂本》
51	多	ㄉㄨㄛ	ㄉㄨㄛ	ㄉㄨㄛˊ	ㄉㄨㄛ、ㄉㄨㄛˊ	常用音優先；教育部未另標語音	教育部《重編國語辭典修訂本》
52	時	ㄕˊ	ㄕˊ		ㄕˊ	常用音優先；教育部未另標語音	教育部《重編國語辭典修訂本》
53	給	ㄍㄟˇ	ㄐㄧˇ		ㄐㄧˇ、ㄍㄟˇ	常用音優先；教育部未另標語音	教育部《重編國語辭典修訂本》
54	把	ㄅㄚˇ	ㄅㄚˇ	ㄅㄚˋ、ㄅㄞˇ	ㄅㄚˇ、ㄅㄚˋ、ㄅㄞˇ	常用音優先；教育部未另標語音	教育部《重編國語辭典修訂本》
55	去	ㄑㄩˋ	ㄑㄩˋ		ㄑㄩˋ	常用音優先；教育部未另標語音	教育部《重編國語辭典修訂本》
56	看	ㄎㄢˋ	ㄎㄢˋ	ㄎㄢ	ㄎㄢˋ、ㄎㄢ	常用音優先；教育部未另標語音	教育部《重編國語辭典修訂本》
57	又	ㄧㄡˋ	ㄧㄡˋ		ㄧㄡˋ	常用音優先；教育部未另標語音	教育部《重編國語辭典修訂本》
58	或	ㄏㄨㄛˋ	ㄏㄨㄛˋ		ㄏㄨㄛˋ	常用音優先；教育部未另標語音	教育部《重編國語辭典修訂本》
59	之	ㄓ	ㄓ		ㄓ	常用音優先；教育部未另標語音	教育部《重編國語辭典修訂本》
60	下	ㄒㄧㄚˋ	ㄒㄧㄚˋ		ㄒㄧㄚˋ	常用音優先；教育部未另標語音	教育部《重編國語辭典修訂本》
61	過	ㄍㄨㄛˋ	ㄍㄨㄛˋ	ㄍㄨㄛ	ㄍㄨㄛˋ、ㄍㄨㄛ	常用音優先；教育部未另標語音	教育部《重編國語辭典修訂本》
62	裡	ㄌㄧˇ	ㄌㄧˇ		ㄌㄧˇ	常用音優先；教育部未另標語音	教育部《重編國語辭典修訂本》
63	新	ㄒㄧㄣ	ㄒㄧㄣ		ㄒㄧㄣ	常用音優先；教育部未另標語音	教育部《重編國語辭典修訂本》
64	地	ㄉㄧˋ	ㄉㄧˋ	˙ㄉㄜ	ㄉㄧˋ、˙ㄉㄜ	常用音優先；教育部未另標語音	教育部《重編國語辭典修訂本》
65	由	ㄧㄡˊ	ㄧㄡˊ		ㄧㄡˊ	常用音優先；教育部未另標語音	教育部《重編國語辭典修訂本》
66	做	ㄗㄨㄛˋ	ㄗㄨㄛˋ		ㄗㄨㄛˋ	常用音優先；教育部未另標語音	教育部《重編國語辭典修訂本》
67	及	ㄐㄧˊ	ㄐㄧˊ		ㄐㄧˊ	常用音優先；教育部未另標語音	教育部《重編國語辭典修訂本》
68	用	ㄩㄥˋ	ㄩㄥˋ		ㄩㄥˋ	常用音優先；教育部未另標語音	教育部《重編國語辭典修訂本》
69	沒	ㄇㄟˊ	ㄇㄛˋ		ㄇㄛˋ、ㄇㄟˊ	常用音優先；教育部未另標語音	教育部《重編國語辭典修訂本》
70	更	ㄍㄥˋ	ㄍㄥ	ㄐㄧㄥ	ㄍㄥ、ㄐㄧㄥ、ㄍㄥˋ	常用音優先；教育部未另標語音	教育部《重編國語辭典修訂本》
71	得	ㄉㄜˊ	ㄉㄜˊ	ㄉㄟˇ、˙ㄉㄜ、ㄉㄞˇ	ㄉㄜˊ、ㄉㄟˇ、˙ㄉㄜ、ㄉㄞˇ	常用音優先；教育部未另標語音	教育部《重編國語辭典修訂本》
72	所	ㄙㄨㄛˇ	ㄙㄨㄛˇ		ㄙㄨㄛˇ	常用音優先；教育部未另標語音	教育部《重編國語辭典修訂本》
73	想	ㄒㄧㄤˇ	ㄒㄧㄤˇ		ㄒㄧㄤˇ	常用音優先；教育部未另標語音	教育部《重編國語辭典修訂本》
74	最	ㄗㄨㄟˋ	ㄗㄨㄟˋ		ㄗㄨㄟˋ	常用音優先；教育部未另標語音	教育部《重編國語辭典修訂本》
75	它	ㄊㄚ	ㄊㄚ	ㄊㄨㄛ、ㄊㄨㄛˊ	ㄊㄚ、ㄊㄨㄛ、ㄊㄨㄛˊ	常用音優先；教育部未另標語音	教育部《重編國語辭典修訂本》
76	那	ㄋㄚˋ	ㄋㄚˋ	ㄋㄟˋ、ㄋㄚˇ、ㄋㄟˇ、ㄋㄚ、ㄋㄨㄛˊ	ㄋㄚˋ、ㄋㄟˋ、ㄋㄚˇ、ㄋㄟˇ、ㄋㄚ、ㄋㄨㄛˊ	常用音優先；教育部未另標語音	教育部《重編國語辭典修訂本》
77	可	ㄎㄜˇ	ㄎㄜˇ	ㄎㄜˋ	ㄎㄜˇ、ㄎㄜˋ	常用音優先；教育部未另標語音	教育部《重編國語辭典修訂本》
78	三	ㄙㄢ	ㄙㄢ	ㄙㄚ、ㄙㄢˋ	ㄙㄢ、ㄙㄚ、ㄙㄢˋ	常用音優先；教育部未另標語音	教育部《重編國語辭典修訂本》
79	吧	˙ㄅㄚ	ㄅㄚ		ㄅㄚ、˙ㄅㄚ	常用音優先；教育部未另標語音	教育部《重編國語辭典修訂本》
80	其	ㄑㄧˊ	ㄑㄧˊ	ㄐㄧ、ㄐㄧˋ	ㄑㄧˊ、ㄐㄧ、ㄐㄧˋ	常用音優先；教育部未另標語音	教育部《重編國語辭典修訂本》
81	該	ㄍㄞ	ㄍㄞ		ㄍㄞ	常用音優先；教育部未另標語音	教育部《重編國語辭典修訂本》
82	只	ㄓˇ	ㄓˇ	ㄓ	ㄓˇ、ㄓ	常用音優先；教育部未另標語音	教育部《重編國語辭典修訂本》
83	向	ㄒㄧㄤˋ	ㄒㄧㄤˋ		ㄒㄧㄤˋ	常用音優先；教育部未另標語音	教育部《重編國語辭典修訂本》
84	嚮	ㄒㄧㄤˋ	ㄒㄧㄤˋ		ㄒㄧㄤˋ	常用音優先；教育部未另標語音	教育部《重編國語辭典修訂本》
85	前	ㄑㄧㄢˊ	ㄑㄧㄢˊ		ㄑㄧㄢˊ	常用音優先；教育部未另標語音	教育部《重編國語辭典修訂本》
86	出	ㄔㄨ	ㄔㄨ		ㄔㄨ	常用音優先；教育部未另標語音	教育部《重編國語辭典修訂本》
87	已	ㄧˇ	ㄧˇ		ㄧˇ	常用音優先；教育部未另標語音	教育部《重編國語辭典修訂本》
88	啊	˙ㄚ	ㄚ	ㄛ	ㄚ、ㄛ、˙ㄚ	常用音優先；教育部未另標語音	教育部《重編國語辭典修訂本》
89	齣	ㄔㄨ	ㄔㄨ		ㄔㄨ	常用音優先；教育部未另標語音	教育部《重編國語辭典修訂本》
90	小	ㄒㄧㄠˇ	ㄒㄧㄠˇ		ㄒㄧㄠˇ	常用音優先；教育部未另標語音	教育部《重編國語辭典修訂本》
91	再	ㄗㄞˋ	ㄗㄞˋ		ㄗㄞˋ	常用音優先；教育部未另標語音	教育部《重編國語辭典修訂本》
92	當	ㄉㄤ	ㄉㄤ	ㄉㄤˋ、ㄉㄤˇ	ㄉㄤ、ㄉㄤˋ、ㄉㄤˇ	常用音優先；教育部未另標語音	教育部《重編國語辭典修訂本》
93	噹	ㄉㄤ	ㄉㄤ		ㄉㄤ	常用音優先；教育部未另標語音	教育部《重編國語辭典修訂本》
94	卻	ㄑㄩㄝˋ	ㄑㄩㄝˋ		ㄑㄩㄝˋ	常用音優先；教育部未另標語音	教育部《重編國語辭典修訂本》
95	內	ㄋㄟˋ	ㄋㄟˋ	ㄋㄚˋ	ㄋㄟˋ、ㄋㄚˋ	常用音優先；教育部未另標語音	教育部《重編國語辭典修訂本》
96	們	˙ㄇㄣ	ㄇㄣˊ		ㄇㄣˊ、˙ㄇㄣ	教育部標示語音	教育部《重編國語辭典修訂本》
97	才	ㄘㄞˊ	ㄘㄞˊ		ㄘㄞˊ	常用音優先；教育部未另標語音	教育部《重編國語辭典修訂本》
98	愛	ㄞˋ	ㄞˋ		ㄞˋ	常用音優先；教育部未另標語音	教育部《重編國語辭典修訂本》
99	誰	ㄕㄟˊ	ㄕㄨㄟˊ		ㄕㄟˊ、ㄕㄨㄟˊ	教育部標示語音	教育部《重編國語辭典修訂本》
100	第	ㄉㄧˋ	ㄉㄧˋ		ㄉㄧˋ	常用音優先；教育部未另標語音	教育部《重編國語辭典修訂本》
101	號	ㄏㄠˋ	ㄏㄠˋ	ㄏㄠˊ	ㄏㄠˋ、ㄏㄠˊ	常用音優先；教育部未另標語音	教育部《重編國語辭典修訂本》
102	事	ㄕˋ	ㄕˋ		ㄕˋ	常用音優先；教育部未另標語音	教育部《重編國語辭典修訂本》
103	快	ㄎㄨㄞˋ	ㄎㄨㄞˋ		ㄎㄨㄞˋ	常用音優先；教育部未另標語音	教育部《重編國語辭典修訂本》
104	比	ㄅㄧˇ	ㄅㄧˇ	ㄅㄧˋ、ㄆㄧˊ	ㄅㄧˇ、ㄅㄧˋ、ㄆㄧˊ	常用音優先；教育部未另標語音	教育部《重編國語辭典修訂本》
105	跟	ㄍㄣ	ㄍㄣ		ㄍㄣ	常用音優先；教育部未另標語音	教育部《重編國語辭典修訂本》
106	長	ㄓㄤˇ	ㄔㄤˊ	ㄓㄤˋ	ㄔㄤˊ、ㄓㄤˇ、ㄓㄤˋ	常用音優先；教育部未另標語音	教育部《重編國語辭典修訂本》
107	請	ㄑㄧㄥˇ	ㄑㄧㄥˇ	ㄑㄧㄥ、ㄑㄧㄥˊ	ㄑㄧㄥˇ、ㄑㄧㄥ、ㄑㄧㄥˊ	常用音優先；教育部未另標語音	教育部《重編國語辭典修訂本》
108	呢	˙ㄋㄜ	ㄋㄧˊ		ㄋㄧˊ、˙ㄋㄜ	常用音優先；教育部未另標語音	教育部《重編國語辭典修訂本》
109	高	ㄍㄠ	ㄍㄠ		ㄍㄠ	常用音優先；教育部未另標語音	教育部《重編國語辭典修訂本》
110	則	ㄗㄜˊ	ㄗㄜˊ		ㄗㄜˊ	常用音優先；教育部未另標語音	教育部《重編國語辭典修訂本》
111	至	ㄓˋ	ㄓˋ		ㄓˋ	常用音優先；教育部未另標語音	教育部《重編國語辭典修訂本》
112	錢	ㄑㄧㄢˊ	ㄑㄧㄢˊ	ㄐㄧㄢˇ	ㄑㄧㄢˊ、ㄐㄧㄢˇ	常用音優先；教育部未另標語音	教育部《重編國語辭典修訂本》
113	使	ㄕˇ	ㄕˇ	ㄕˋ	ㄕˇ、ㄕˋ	常用音優先；教育部未另標語音	教育部《重編國語辭典修訂本》
114	像	ㄒㄧㄤˋ	ㄒㄧㄤˋ		ㄒㄧㄤˋ	常用音優先；教育部未另標語音	教育部《重編國語辭典修訂本》
115	萬	ㄨㄢˋ	ㄨㄢˋ		ㄨㄢˋ	常用音優先；教育部未另標語音	教育部《重編國語辭典修訂本》
116	點	ㄉㄧㄢˇ	ㄉㄧㄢˇ		ㄉㄧㄢˇ	常用音優先；教育部未另標語音	教育部《重編國語辭典修訂本》
117	聽	ㄊㄧㄥ	ㄊㄧㄥ	ㄊㄧㄥˋ	ㄊㄧㄥ、ㄊㄧㄥˋ	常用音優先；教育部未另標語音	教育部《重編國語辭典修訂本》
118	起	ㄑㄧˇ	ㄑㄧˇ		ㄑㄧˇ	常用音優先；教育部未另標語音	教育部《重編國語辭典修訂本》
119	此	ㄘˇ	ㄘˇ		ㄘˇ	常用音優先；教育部未另標語音	教育部《重編國語辭典修訂本》
120	兩	ㄌㄧㄤˇ	ㄌㄧㄤˇ		ㄌㄧㄤˇ	常用音優先；教育部未另標語音	教育部《重編國語辭典修訂本》
121	自	ㄗˋ	ㄗˋ		ㄗˋ	常用音優先；教育部未另標語音	教育部《重編國語辭典修訂本》
122	如	ㄖㄨˊ	ㄖㄨˊ		ㄖㄨˊ	常用音優先；教育部未另標語音	教育部《重編國語辭典修訂本》
123	走	ㄗㄡˇ	ㄗㄡˇ		ㄗㄡˇ	常用音優先；教育部未另標語音	教育部《重編國語辭典修訂本》
124	國	ㄍㄨㄛˊ	ㄍㄨㄛˊ		ㄍㄨㄛˊ	常用音優先；教育部未另標語音	教育部《重編國語辭典修訂本》
125	帶	ㄉㄞˋ	ㄉㄞˋ		ㄉㄞˋ	常用音優先；教育部未另標語音	教育部《重編國語辭典修訂本》
126	無	ㄨˊ	ㄨˊ	ㄇㄛˊ	ㄨˊ、ㄇㄛˊ	常用音優先；教育部未另標語音	教育部《重編國語辭典修訂本》
127	吃	ㄔ	ㄔ	ㄐㄧˊ	ㄔ、ㄐㄧˊ	常用音優先；教育部未另標語音	教育部《重編國語辭典修訂本》
128	話	ㄏㄨㄚˋ	ㄏㄨㄚˋ		ㄏㄨㄚˋ	常用音優先；教育部未另標語音	教育部《重編國語辭典修訂本》
129	較	ㄐㄧㄠˋ	ㄐㄧㄠˋ	ㄐㄧㄠˇ、ㄐㄩㄝˊ	ㄐㄧㄠˋ、ㄐㄧㄠˇ、ㄐㄩㄝˊ	常用音優先；教育部未另標語音	教育部《重編國語辭典修訂本》
130	歲	ㄙㄨㄟˋ	ㄙㄨㄟˋ		ㄙㄨㄟˋ	常用音優先；教育部未另標語音	教育部《重編國語辭典修訂本》
131	家	ㄐㄧㄚ	ㄐㄧㄚ	ㄍㄨ	ㄐㄧㄚ、ㄍㄨ	常用音優先；教育部未另標語音	教育部《重編國語辭典修訂本》
132	約	ㄩㄝ	ㄩㄝ		ㄩㄝ	常用音優先；教育部未另標語音	教育部《重編國語辭典修訂本》
133	區	ㄑㄩ	ㄑㄩ	ㄡ、ㄍㄡ	ㄑㄩ、ㄡ、ㄍㄡ	常用音優先；教育部未另標語音	教育部《重編國語辭典修訂本》
134	太	ㄊㄞˋ	ㄊㄞˋ		ㄊㄞˋ	常用音優先；教育部未另標語音	教育部《重編國語辭典修訂本》
135	者	ㄓㄜˇ	ㄓㄜˇ		ㄓㄜˇ	常用音優先；教育部未另標語音	教育部《重編國語辭典修訂本》
136	麼	˙ㄇㄜ	ㄇㄛˊ	˙ㄇㄚ、ㄇㄚˊ	ㄇㄛˊ、˙ㄇㄚ、ㄇㄚˊ、˙ㄇㄜ	常用音優先；教育部未另標語音	教育部《重編國語辭典修訂本》
137	么	ㄧㄠ	ㄧㄠ		ㄧㄠ	常用音優先；教育部未另標語音	教育部《重編國語辭典修訂本》
138	傢	ㄐㄧㄚ	ㄐㄧㄚ		ㄐㄧㄚ	常用音優先；教育部未另標語音	教育部《重編國語辭典修訂本》
139	問	ㄨㄣˋ	ㄨㄣˋ		ㄨㄣˋ	常用音優先；教育部未另標語音	教育部《重編國語辭典修訂本》
140	開	ㄎㄞ	ㄎㄞ		ㄎㄞ	常用音優先；教育部未另標語音	教育部《重編國語辭典修訂本》
141	站	ㄓㄢˋ	ㄓㄢˋ		ㄓㄢˋ	常用音優先；教育部未另標語音	教育部《重編國語辭典修訂本》
142	成	ㄔㄥˊ	ㄔㄥˊ		ㄔㄥˊ	常用音優先；教育部未另標語音	教育部《重編國語辭典修訂本》
143	因	ㄧㄣ	ㄧㄣ		ㄧㄣ	常用音優先；教育部未另標語音	教育部《重編國語辭典修訂本》
144	元	ㄩㄢˊ	ㄩㄢˊ		ㄩㄢˊ	常用音優先；教育部未另標語音	教育部《重編國語辭典修訂本》
145	寫	ㄒㄧㄝˇ	ㄒㄧㄝˇ	ㄒㄧㄝˋ	ㄒㄧㄝˇ、ㄒㄧㄝˋ	常用音優先；教育部未另標語音	教育部《重編國語辭典修訂本》
146	打	ㄉㄚˇ	ㄉㄚˇ	ㄉㄚˊ	ㄉㄚˇ、ㄉㄚˊ	常用音優先；教育部未另標語音	教育部《重編國語辭典修訂本》
147	見	ㄐㄧㄢˋ	ㄐㄧㄢˋ	ㄒㄧㄢˋ	ㄐㄧㄢˋ、ㄒㄧㄢˋ	常用音優先；教育部未另標語音	教育部《重編國語辭典修訂本》
148	分	ㄈㄣ	ㄈㄣ	ㄈㄣˋ	ㄈㄣ、ㄈㄣˋ	常用音優先；教育部未另標語音	教育部《重編國語辭典修訂本》
149	死	ㄙˇ	ㄙˇ		ㄙˇ	常用音優先；教育部未另標語音	教育部《重編國語辭典修訂本》
150	叫	ㄐㄧㄠˋ	ㄐㄧㄠˋ		ㄐㄧㄠˋ	常用音優先；教育部未另標語音	教育部《重編國語辭典修訂本》
151	曾	ㄘㄥˊ	ㄗㄥ		ㄗㄥ、ㄘㄥˊ	常用音優先；教育部未另標語音	教育部《重編國語辭典修訂本》
152	圖	ㄊㄨˊ	ㄊㄨˊ		ㄊㄨˊ	常用音優先；教育部未另標語音	教育部《重編國語辭典修訂本》
153	買	ㄇㄞˇ	ㄇㄞˇ		ㄇㄞˇ	常用音優先；教育部未另標語音	教育部《重編國語辭典修訂本》
154	道	ㄉㄠˋ	ㄉㄠˋ		ㄉㄠˋ	常用音優先；教育部未另標語音	教育部《重編國語辭典修訂本》
155	即	ㄐㄧˊ	ㄐㄧˊ		ㄐㄧˊ	常用音優先；教育部未另標語音	教育部《重編國語辭典修訂本》
156	天	ㄊㄧㄢ	ㄊㄧㄢ		ㄊㄧㄢ	常用音優先；教育部未另標語音	教育部《重編國語辭典修訂本》
157	總	ㄗㄨㄥˇ	ㄗㄨㄥˇ		ㄗㄨㄥˇ	常用音優先；教育部未另標語音	教育部《重編國語辭典修訂本》
158	正	ㄓㄥˋ	ㄓㄥˋ	ㄓㄥ	ㄓㄥˋ、ㄓㄥ	常用音優先；教育部未另標語音	教育部《重編國語辭典修訂本》
159	應	ㄧㄥ	ㄧㄥ	ㄧㄥˋ	ㄧㄥ、ㄧㄥˋ	常用音優先；教育部未另標語音	教育部《重編國語辭典修訂本》
160	另	ㄌㄧㄥˋ	ㄌㄧㄥˋ		ㄌㄧㄥˋ	常用音優先；教育部未另標語音	教育部《重編國語辭典修訂本》
161	便	ㄅㄧㄢˋ	ㄅㄧㄢˋ	ㄆㄧㄢˊ	ㄅㄧㄢˋ、ㄆㄧㄢˊ	常用音優先；教育部未另標語音	教育部《重編國語辭典修訂本》
162	間	ㄐㄧㄢ	ㄐㄧㄢ	ㄐㄧㄢˋ	ㄐㄧㄢ、ㄐㄧㄢˋ	常用音優先；教育部未另標語音	教育部《重編國語辭典修訂本》
163	黨	ㄉㄤˇ	ㄉㄤˇ		ㄉㄤˇ	常用音優先；教育部未另標語音	教育部《重編國語辭典修訂本》
164	本	ㄅㄣˇ	ㄅㄣˇ		ㄅㄣˇ	常用音優先；教育部未另標語音	教育部《重編國語辭典修訂本》
165	達	ㄉㄚˊ	ㄉㄚˊ	ㄊㄚˋ	ㄉㄚˊ、ㄊㄚˋ	常用音優先；教育部未另標語音	教育部《重編國語辭典修訂本》
166	名	ㄇㄧㄥˊ	ㄇㄧㄥˊ		ㄇㄧㄥˊ	常用音優先；教育部未另標語音	教育部《重編國語辭典修訂本》
167	幹	ㄍㄢˋ	ㄍㄢˋ	ㄏㄢˊ	ㄍㄢˋ、ㄏㄢˊ	常用音優先；教育部未另標語音	教育部《重編國語辭典修訂本》
168	發	ㄈㄚ	ㄈㄚ		ㄈㄚ	常用音優先；教育部未另標語音	教育部《重編國語辭典修訂本》
169	乾	ㄑㄧㄢˊ	ㄑㄧㄢˊ	ㄍㄢ	ㄑㄧㄢˊ、ㄍㄢ	常用音優先；教育部未另標語音	教育部《重編國語辭典修訂本》
170	髮	ㄈㄚˇ	ㄈㄚˇ		ㄈㄚˇ	常用音優先；教育部未另標語音	教育部《重編國語辭典修訂本》
171	稱	ㄔㄥ	ㄔㄥ	ㄔㄥˋ、ㄔㄣˋ	ㄔㄥ、ㄔㄥˋ、ㄔㄣˋ	常用音優先；教育部未另標語音	教育部《重編國語辭典修訂本》
172	找	ㄓㄠˇ	ㄓㄠˇ		ㄓㄠˇ	常用音優先；教育部未另標語音	教育部《重編國語辭典修訂本》
173	您	ㄋㄧㄣˊ	ㄋㄧㄣˊ		ㄋㄧㄣˊ	常用音優先；教育部未另標語音	教育部《重編國語辭典修訂本》
174	玩	ㄨㄢˊ	ㄨㄢˋ		ㄨㄢˋ、ㄨㄢˊ	常用音優先；教育部未另標語音	教育部《重編國語辭典修訂本》
175	受	ㄕㄡˋ	ㄕㄡˋ		ㄕㄡˋ	常用音優先；教育部未另標語音	教育部《重編國語辭典修訂本》
176	進	ㄐㄧㄣˋ	ㄐㄧㄣˋ		ㄐㄧㄣˋ	常用音優先；教育部未另標語音	教育部《重編國語辭典修訂本》
177	縣	ㄒㄧㄢˋ	ㄒㄧㄢˋ	ㄒㄩㄢˊ	ㄒㄧㄢˋ、ㄒㄩㄢˊ	常用音優先；教育部未另標語音	教育部《重編國語辭典修訂本》
178	真	ㄓㄣ	ㄓㄣ		ㄓㄣ	常用音優先；教育部未另標語音	教育部《重編國語辭典修訂本》
179	女	ㄋㄩˇ	ㄋㄩˇ	ㄋㄩˋ、ㄖㄨˇ	ㄋㄩˇ、ㄋㄩˋ、ㄖㄨˇ	常用音優先；教育部未另標語音	教育部《重編國語辭典修訂本》
180	每	ㄇㄟˇ	ㄇㄟˇ		ㄇㄟˇ	常用音優先；教育部未另標語音	教育部《重編國語辭典修訂本》
181	處	ㄔㄨˋ	ㄔㄨˋ	ㄔㄨˇ	ㄔㄨˋ、ㄔㄨˇ	常用音優先；教育部未另標語音	教育部《重編國語辭典修訂本》
182	種	ㄓㄨㄥˇ	ㄓㄨㄥˇ	ㄓㄨㄥˋ	ㄓㄨㄥˇ、ㄓㄨㄥˋ	常用音優先；教育部未另標語音	教育部《重編國語辭典修訂本》
183	各	ㄍㄜˋ	ㄍㄜˋ		ㄍㄜˋ	常用音優先；教育部未另標語音	教育部《重編國語辭典修訂本》
184	市	ㄕˋ	ㄕˋ		ㄕˋ	常用音優先；教育部未另標語音	教育部《重編國語辭典修訂本》
185	老	ㄌㄠˇ	ㄌㄠˇ		ㄌㄠˇ	常用音優先；教育部未另標語音	教育部《重編國語辭典修訂本》
186	省	ㄕㄥˇ	ㄕㄥˇ	ㄒㄧㄥˇ	ㄕㄥˇ、ㄒㄧㄥˇ	常用音優先；教育部未另標語音	教育部《重編國語辭典修訂本》
187	作	ㄗㄨㄛˋ	ㄗㄨㄛˋ	ㄗㄨㄛ、ㄗㄨㄛˊ	ㄗㄨㄛˋ、ㄗㄨㄛ、ㄗㄨㄛˊ	常用音優先；教育部未另標語音	教育部《重編國語辭典修訂本》
188	次	ㄘˋ	ㄘˋ	ㄗ	ㄘˋ、ㄗ	常用音優先；教育部未另標語音	教育部《重編國語辭典修訂本》
189	未	ㄨㄟˋ	ㄨㄟˋ		ㄨㄟˋ	常用音優先；教育部未另標語音	教育部《重編國語辭典修訂本》
190	位	ㄨㄟˋ	ㄨㄟˋ		ㄨㄟˋ	常用音優先；教育部未另標語音	教育部《重編國語辭典修訂本》
191	網	ㄨㄤˇ	ㄨㄤˇ		ㄨㄤˇ	常用音優先；教育部未另標語音	教育部《重編國語辭典修訂本》
192	外	ㄨㄞˋ	ㄨㄞˋ		ㄨㄞˋ	常用音優先；教育部未另標語音	教育部《重編國語辭典修訂本》
193	經	ㄐㄧㄥ	ㄐㄧㄥ		ㄐㄧㄥ	常用音優先；教育部未另標語音	教育部《重編國語辭典修訂本》
194	副	ㄈㄨˋ	ㄈㄨˋ	ㄆㄧˋ	ㄈㄨˋ、ㄆㄧˋ	常用音優先；教育部未另標語音	教育部《重編國語辭典修訂本》
195	馬	ㄇㄚˇ	ㄇㄚˇ		ㄇㄚˇ	常用音優先；教育部未另標語音	教育部《重編國語辭典修訂本》
196	路	ㄌㄨˋ	ㄌㄨˋ		ㄌㄨˋ	常用音優先；教育部未另標語音	教育部《重編國語辭典修訂本》
197	連	ㄌㄧㄢˊ	ㄌㄧㄢˊ		ㄌㄧㄢˊ	常用音優先；教育部未另標語音	教育部《重編國語辭典修訂本》
198	行	ㄒㄧㄥˊ	ㄒㄧㄥˊ	ㄒㄧㄥˋ、ㄏㄤˊ、ㄏㄤˋ	ㄒㄧㄥˊ、ㄒㄧㄥˋ、ㄏㄤˊ、ㄏㄤˋ	常用音優先；教育部未另標語音	教育部《重編國語辭典修訂本》
199	美	ㄇㄟˇ	ㄇㄟˇ		ㄇㄟˇ	常用音優先；教育部未另標語音	教育部《重編國語辭典修訂本》
200	拿	ㄋㄚˊ	ㄋㄚˊ		ㄋㄚˊ	常用音優先；教育部未另標語音	教育部《重編國語辭典修訂本》
201	制	ㄓˋ	ㄓˋ		ㄓˋ	常用音優先；教育部未另標語音	教育部《重編國語辭典修訂本》
202	同	ㄊㄨㄥˊ	ㄊㄨㄥˊ	ㄊㄨㄥˋ	ㄊㄨㄥˊ、ㄊㄨㄥˋ	常用音優先；教育部未另標語音	教育部《重編國語辭典修訂本》
203	軍	ㄐㄩㄣ	ㄐㄩㄣ		ㄐㄩㄣ	常用音優先；教育部未另標語音	教育部《重編國語辭典修訂本》
204	仍	ㄖㄥˊ	ㄖㄥˊ		ㄖㄥˊ	常用音優先；教育部未另標語音	教育部《重編國語辭典修訂本》
205	哪	ㄋㄚˇ	ㄋㄚˇ	ㄋㄟˇ、ㄋㄨㄛˊ、˙ㄋㄚ	ㄋㄚˇ、ㄋㄟˇ、ㄋㄨㄛˊ、˙ㄋㄚ	常用音優先；教育部未另標語音	教育部《重編國語辭典修訂本》
206	衕	ㄊㄨㄥˋ	ㄊㄨㄥˋ		ㄊㄨㄥˋ	常用音優先；教育部未另標語音	教育部《重編國語辭典修訂本》
207	先	ㄒㄧㄢ	ㄒㄧㄢ	ㄒㄧㄢˋ	ㄒㄧㄢ、ㄒㄧㄢˋ	常用音優先；教育部未另標語音	教育部《重編國語辭典修訂本》
208	佔	ㄓㄢˋ	ㄓㄢˋ	ㄓㄢ	ㄓㄢˋ、ㄓㄢ	常用音優先；教育部未另標語音	教育部《重編國語辭典修訂本》
209	殺	ㄕㄚ	ㄕㄚ	ㄕㄞˋ、ㄕㄚˋ	ㄕㄚ、ㄕㄞˋ、ㄕㄚˋ	常用音優先；教育部未另標語音	教育部《重編國語辭典修訂本》
210	臺	ㄊㄞˊ	ㄊㄞˊ		ㄊㄞˊ	常用音優先；教育部未另標語音	教育部《重編國語辭典修訂本》
211	檯	ㄊㄞˊ	ㄊㄞˊ		ㄊㄞˊ	常用音優先；教育部未另標語音	教育部《重編國語辭典修訂本》
212	颱	ㄊㄞˊ	ㄊㄞˊ		ㄊㄞˊ	常用音優先；教育部未另標語音	教育部《重編國語辭典修訂本》
213	住	ㄓㄨˋ	ㄓㄨˋ		ㄓㄨˋ	常用音優先；教育部未另標語音	教育部《重編國語辭典修訂本》
214	二	ㄦˋ	ㄦˋ		ㄦˋ	常用音優先；教育部未另標語音	教育部《重編國語辭典修訂本》
215	據	ㄐㄩˋ	ㄐㄩˋ		ㄐㄩˋ	常用音優先；教育部未另標語音	教育部《重編國語辭典修訂本》
216	學	ㄒㄩㄝˊ	ㄒㄩㄝˊ		ㄒㄩㄝˊ	常用音優先；教育部未另標語音	教育部《重編國語辭典修訂本》
217	非	ㄈㄟ	ㄈㄟ	ㄈㄟˇ	ㄈㄟ、ㄈㄟˇ	常用音優先；教育部未另標語音	教育部《重編國語辭典修訂本》
218	回	ㄏㄨㄟˊ	ㄏㄨㄟˊ		ㄏㄨㄟˊ	常用音優先；教育部未另標語音	教育部《重編國語辭典修訂本》
219	書	ㄕㄨ	ㄕㄨ		ㄕㄨ	常用音優先；教育部未另標語音	教育部《重編國語辭典修訂本》
220	別	ㄅㄧㄝˊ	ㄅㄧㄝˊ		ㄅㄧㄝˊ	常用音優先；教育部未另標語音	教育部《重編國語辭典修訂本》
221	亦	ㄧˋ	ㄧˋ		ㄧˋ	常用音優先；教育部未另標語音	教育部《重編國語辭典修訂本》
222	迴	ㄏㄨㄟˊ	ㄏㄨㄟˊ		ㄏㄨㄟˊ	常用音優先；教育部未另標語音	教育部《重編國語辭典修訂本》
223	心	ㄒㄧㄣ	ㄒㄧㄣ		ㄒㄧㄣ	常用音優先；教育部未另標語音	教育部《重編國語辭典修訂本》
224	講	ㄐㄧㄤˇ	ㄐㄧㄤˇ		ㄐㄧㄤˇ	常用音優先；教育部未另標語音	教育部《重編國語辭典修訂本》
225	送	ㄙㄨㄥˋ	ㄙㄨㄥˋ		ㄙㄨㄥˋ	常用音優先；教育部未另標語音	教育部《重編國語辭典修訂本》
226	反	ㄈㄢˇ	ㄈㄢˇ	ㄈㄢ、ㄈㄢˋ	ㄈㄢˇ、ㄈㄢ、ㄈㄢˋ	常用音優先；教育部未另標語音	教育部《重編國語辭典修訂本》
227	條	ㄊㄧㄠˊ	ㄊㄧㄠˊ		ㄊㄧㄠˊ	常用音優先；教育部未另標語音	教育部《重編國語辭典修訂本》
228	啦	˙ㄌㄚ	ㄌㄚ		ㄌㄚ、˙ㄌㄚ	常用音優先；教育部未另標語音	教育部《重編國語辭典修訂本》
229	版	ㄅㄢˇ	ㄅㄢˇ		ㄅㄢˇ	常用音優先；教育部未另標語音	教育部《重編國語辭典修訂本》
230	性	ㄒㄧㄥˋ	ㄒㄧㄥˋ		ㄒㄧㄥˋ	常用音優先；教育部未另標語音	教育部《重編國語辭典修訂本》
231	指	ㄓˇ	ㄓˇ		ㄓˇ	常用音優先；教育部未另標語音	教育部《重編國語辭典修訂本》
232	法	ㄈㄚˇ	ㄈㄚˇ	ㄈㄚˊ、ㄈㄚ	ㄈㄚˇ、ㄈㄚˊ、ㄈㄚ	常用音優先；教育部未另標語音	教育部《重編國語辭典修訂本》
233	均	ㄐㄩㄣ	ㄐㄩㄣ	ㄩㄣˋ	ㄐㄩㄣ、ㄩㄣˋ	常用音優先；教育部未另標語音	教育部《重編國語辭典修訂本》
234	期	ㄑㄧ	ㄑㄧˊ	ㄐㄧ	ㄑㄧˊ、ㄑㄧ、ㄐㄧ	常用音優先；教育部未另標語音	教育部《重編國語辭典修訂本》
235	米	ㄇㄧˇ	ㄇㄧˇ		ㄇㄧˇ	常用音優先；教育部未另標語音	教育部《重編國語辭典修訂本》
236	全	ㄑㄩㄢˊ	ㄑㄩㄢˊ		ㄑㄩㄢˊ	常用音優先；教育部未另標語音	教育部《重編國語辭典修訂本》
237	變	ㄅㄧㄢˋ	ㄅㄧㄢˋ		ㄅㄧㄢˋ	常用音優先；教育部未另標語音	教育部《重編國語辭典修訂本》
238	水	ㄕㄨㄟˇ	ㄕㄨㄟˇ		ㄕㄨㄟˇ	常用音優先；教育部未另標語音	教育部《重編國語辭典修訂本》
239	共	ㄍㄨㄥˋ	ㄍㄨㄥˋ	ㄍㄨㄥ、ㄍㄨㄥˇ	ㄍㄨㄥˋ、ㄍㄨㄥ、ㄍㄨㄥˇ	常用音優先；教育部未另標語音	教育部《重編國語辭典修訂本》
240	生	ㄕㄥ	ㄕㄥ		ㄕㄥ	常用音優先；教育部未另標語音	教育部《重編國語辭典修訂本》
241	派	ㄆㄞˋ	ㄆㄞˋ		ㄆㄞˋ	常用音優先；教育部未另標語音	教育部《重編國語辭典修訂本》
242	車	ㄔㄜ	ㄐㄩ		ㄔㄜ、ㄐㄩ	教育部標示語音	教育部《重編國語辭典修訂本》
243	搞	ㄍㄠˇ	ㄍㄠˇ		ㄍㄠˇ	常用音優先；教育部未另標語音	教育部《重編國語辭典修訂本》
244	手	ㄕㄡˇ	ㄕㄡˇ		ㄕㄡˇ	常用音優先；教育部未另標語音	教育部《重編國語辭典修訂本》
245	原	ㄩㄢˊ	ㄩㄢˊ	ㄩㄢˋ	ㄩㄢˊ、ㄩㄢˋ	常用音優先；教育部未另標語音	教育部《重編國語辭典修訂本》
246	類	ㄌㄟˋ	ㄌㄟˋ		ㄌㄟˋ	常用音優先；教育部未另標語音	教育部《重編國語辭典修訂本》
247	級	ㄐㄧˊ	ㄐㄧˊ		ㄐㄧˊ	常用音優先；教育部未另標語音	教育部《重編國語辭典修訂本》
248	些	ㄒㄧㄝ	ㄒㄧㄝ	ㄙㄨㄛˋ	ㄒㄧㄝ、ㄙㄨㄛˋ	常用音優先；教育部未另標語音	教育部《重編國語辭典修訂本》
249	場	ㄔㄤˇ	ㄔㄤˊ		ㄔㄤˊ、ㄔㄤˇ	常用音優先；教育部未另標語音	教育部《重編國語辭典修訂本》
250	按	ㄢˋ	ㄢˋ		ㄢˋ	常用音優先；教育部未另標語音	教育部《重編國語辭典修訂本》
251	型	ㄒㄧㄥˊ	ㄒㄧㄥˊ		ㄒㄧㄥˊ	常用音優先；教育部未另標語音	教育部《重編國語辭典修訂本》
252	線	ㄒㄧㄢˋ	ㄒㄧㄢˋ		ㄒㄧㄢˋ	常用音優先；教育部未另標語音	教育部《重編國語辭典修訂本》
253	若	ㄖㄨㄛˋ	ㄖㄨㄛˋ	ㄖㄜˇ	ㄖㄨㄛˋ、ㄖㄜˇ	常用音優先；教育部未另標語音	教育部《重編國語辭典修訂本》
254	報	ㄅㄠˋ	ㄅㄠˋ		ㄅㄠˋ	常用音優先；教育部未另標語音	教育部《重編國語辭典修訂本》
255	跑	ㄆㄠˇ	ㄆㄠˇ	ㄆㄠˊ	ㄆㄠˇ、ㄆㄠˊ	常用音優先；教育部未另標語音	教育部《重編國語辭典修訂本》
256	靠	ㄎㄠˋ	ㄎㄠˋ		ㄎㄠˋ	常用音優先；教育部未另標語音	教育部《重編國語辭典修訂本》
257	男	ㄋㄢˊ	ㄋㄢˊ		ㄋㄢˊ	常用音優先；教育部未另標語音	教育部《重編國語辭典修訂本》
258	億	ㄧˋ	ㄧˋ		ㄧˋ	常用音優先；教育部未另標語音	教育部《重編國語辭典修訂本》
259	哦	ㄛˊ	ㄜˊ		ㄜˊ、ㄛˊ	常用音優先；教育部未另標語音	教育部《重編國語辭典修訂本》
260	少	ㄕㄠˇ	ㄕㄠˇ	ㄕㄠˋ	ㄕㄠˇ、ㄕㄠˋ	常用音優先；教育部未另標語音	教育部《重編國語辭典修訂本》
261	隊	ㄉㄨㄟˋ	ㄉㄨㄟˋ		ㄉㄨㄟˋ	常用音優先；教育部未另標語音	教育部《重編國語辭典修訂本》
262	拉	ㄌㄚ	ㄌㄚ		ㄌㄚ	常用音優先；教育部未另標語音	教育部《重編國語辭典修訂本》
263	加	ㄐㄧㄚ	ㄐㄧㄚ		ㄐㄧㄚ	常用音優先；教育部未另標語音	教育部《重編國語辭典修訂本》
264	門	ㄇㄣˊ	ㄇㄣˊ		ㄇㄣˊ	常用音優先；教育部未另標語音	教育部《重編國語辭典修訂本》
265	低	ㄉㄧ	ㄉㄧ		ㄉㄧ	常用音優先；教育部未另標語音	教育部《重編國語辭典修訂本》
266	放	ㄈㄤˋ	ㄈㄤˋ	ㄈㄤˇ	ㄈㄤˋ、ㄈㄤˇ	常用音優先；教育部未另標語音	教育部《重編國語辭典修訂本》
267	且	ㄑㄧㄝˇ	ㄑㄧㄝˇ	ㄐㄩ	ㄑㄧㄝˇ、ㄐㄩ	常用音優先；教育部未另標語音	教育部《重編國語辭典修訂本》
268	系	ㄒㄧˋ	ㄒㄧˋ		ㄒㄧˋ	常用音優先；教育部未另標語音	教育部《重編國語辭典修訂本》
269	拍	ㄆㄞ	ㄆㄛˋ	ㄆㄚ、ㄅㄛˊ	ㄆㄞ、ㄆㄛˋ、ㄆㄚ、ㄅㄛˊ	教育部標示語音	教育部《重編國語辭典修訂本》
270	係	ㄒㄧˋ	ㄒㄧˋ		ㄒㄧˋ	常用音優先；教育部未另標語音	教育部《重編國語辭典修訂本》
271	笑	ㄒㄧㄠˋ	ㄒㄧㄠˋ		ㄒㄧㄠˋ	常用音優先；教育部未另標語音	教育部《重編國語辭典修訂本》
272	西	ㄒㄧ	ㄒㄧ		ㄒㄧ	常用音優先；教育部未另標語音	教育部《重編國語辭典修訂本》
273	近	ㄐㄧㄣˋ	ㄐㄧㄣˋ		ㄐㄧㄣˋ	常用音優先；教育部未另標語音	教育部《重編國語辭典修訂本》
274	金	ㄐㄧㄣ	ㄐㄧㄣ		ㄐㄧㄣ	常用音優先；教育部未另標語音	教育部《重編國語辭典修訂本》
275	完	ㄨㄢˊ	ㄨㄢˊ		ㄨㄢˊ	常用音優先；教育部未另標語音	教育部《重編國語辭典修訂本》
276	式	ㄕˋ	ㄕˋ		ㄕˋ	常用音優先；教育部未另標語音	教育部《重編國語辭典修訂本》
277	穿	ㄔㄨㄢ	ㄔㄨㄢ		ㄔㄨㄢ	常用音優先；教育部未另標語音	教育部《重編國語辭典修訂本》
278	屬	ㄕㄨˇ	ㄕㄨˇ	ㄓㄨˇ	ㄕㄨˇ、ㄓㄨˇ	常用音優先；教育部未另標語音	教育部《重編國語辭典修訂本》
279	難	ㄋㄢˊ	ㄋㄢˊ	ㄋㄢˋ	ㄋㄢˊ、ㄋㄢˋ	常用音優先；教育部未另標語音	教育部《重編國語辭典修訂本》
280	強	ㄑㄧㄤˊ	ㄑㄧㄤˊ	ㄑㄧㄤˇ、ㄐㄧㄤˋ	ㄑㄧㄤˊ、ㄑㄧㄤˇ、ㄐㄧㄤˋ	常用音優先；教育部未另標語音	教育部《重編國語辭典修訂本》
281	越	ㄩㄝˋ	ㄩㄝˋ		ㄩㄝˋ	常用音優先；教育部未另標語音	教育部《重編國語辭典修訂本》
282	選	ㄒㄩㄢˇ	ㄒㄩㄢˇ		ㄒㄩㄢˇ	常用音優先；教育部未另標語音	教育部《重編國語辭典修訂本》
283	張	ㄓㄤ	ㄓㄤ	ㄓㄤˋ	ㄓㄤ、ㄓㄤˋ	常用音優先；教育部未另標語音	教育部《重編國語辭典修訂本》
284	四	ㄙˋ	ㄙˋ		ㄙˋ	常用音優先；教育部未另標語音	教育部《重編國語辭典修訂本》
285	任	ㄖㄣˋ	ㄖㄣˋ	ㄖㄣˊ	ㄖㄣˋ、ㄖㄣˊ	常用音優先；教育部未另標語音	教育部《重編國語辭典修訂本》
286	轉	ㄓㄨㄢˇ	ㄓㄨㄢˇ	ㄓㄨㄢˋ	ㄓㄨㄢˇ、ㄓㄨㄢˋ	常用音優先；教育部未另標語音	教育部《重編國語辭典修訂本》
287	辦	ㄅㄢˋ	ㄅㄢˋ		ㄅㄢˋ	常用音優先；教育部未另標語音	教育部《重編國語辭典修訂本》
288	談	ㄊㄢˊ	ㄊㄢˊ		ㄊㄢˊ	常用音優先；教育部未另標語音	教育部《重編國語辭典修訂本》
289	抓	ㄓㄨㄚ	ㄓㄠ	ㄔㄨㄚˇ	ㄓㄨㄚ、ㄓㄠ、ㄔㄨㄚˇ	教育部標示語音	教育部《重編國語辭典修訂本》
290	字	ㄗˋ	ㄗˋ		ㄗˋ	常用音優先；教育部未另標語音	教育部《重編國語辭典修訂本》
291	東	ㄉㄨㄥ	ㄉㄨㄥ		ㄉㄨㄥ	常用音優先；教育部未另標語音	教育部《重編國語辭典修訂本》
292	動	ㄉㄨㄥˋ	ㄉㄨㄥˋ		ㄉㄨㄥˋ	常用音優先；教育部未另標語音	教育部《重編國語辭典修訂本》
293	僅	ㄐㄧㄣˇ	ㄐㄧㄣˇ	ㄐㄧㄣˋ	ㄐㄧㄣˇ、ㄐㄧㄣˋ	常用音優先；教育部未另標語音	教育部《重編國語辭典修訂本》
294	黑	ㄏㄟ	ㄏㄜˋ	ㄏㄟˇ	ㄏㄟ、ㄏㄜˋ、ㄏㄟˇ	教育部標示語音	教育部《重編國語辭典修訂本》
295	賣	ㄇㄞˋ	ㄇㄞˋ		ㄇㄞˋ	常用音優先；教育部未另標語音	教育部《重編國語辭典修訂本》
296	幫	ㄅㄤ	ㄅㄤ		ㄅㄤ	常用音優先；教育部未另標語音	教育部《重編國語辭典修訂本》
297	狗	ㄍㄡˇ	ㄍㄡˇ		ㄍㄡˇ	常用音優先；教育部未另標語音	教育部《重編國語辭典修訂本》
298	相	ㄒㄧㄤ	ㄒㄧㄤ	ㄒㄧㄤˋ	ㄒㄧㄤ、ㄒㄧㄤˋ	常用音優先；教育部未另標語音	教育部《重編國語辭典修訂本》
299	早	ㄗㄠˇ	ㄗㄠˇ		ㄗㄠˇ	常用音優先；教育部未另標語音	教育部《重編國語辭典修訂本》
300	部	ㄅㄨˋ	ㄅㄨˋ		ㄅㄨˋ	常用音優先；教育部未另標語音	教育部《重編國語辭典修訂本》
301	花	ㄏㄨㄚ	ㄏㄨㄚ		ㄏㄨㄚ	常用音優先；教育部未另標語音	教育部《重編國語辭典修訂本》
302	黃	ㄏㄨㄤˊ	ㄏㄨㄤˊ		ㄏㄨㄤˊ	常用音優先；教育部未另標語音	教育部《重編國語辭典修訂本》
303	屆	ㄐㄧㄝˋ	ㄐㄧㄝˋ		ㄐㄧㄝˋ	常用音優先；教育部未另標語音	教育部《重編國語辭典修訂本》
304	段	ㄉㄨㄢˋ	ㄉㄨㄢˋ		ㄉㄨㄢˋ	常用音優先；教育部未另標語音	教育部《重編國語辭典修訂本》
305	子	˙ㄗ	ㄗˇ		ㄗˇ、˙ㄗ	常用音優先；教育部未另標語音	教育部《重編國語辭典修訂本》
306	主	ㄓㄨˇ	ㄓㄨˇ		ㄓㄨˇ	常用音優先；教育部未另標語音	教育部《重編國語辭典修訂本》
307	信	ㄒㄧㄣˋ	ㄒㄧㄣˋ	ㄕㄣ	ㄒㄧㄣˋ、ㄕㄣ	常用音優先；教育部未另標語音	教育部《重編國語辭典修訂本》
308	提	ㄊㄧˊ	ㄊㄧˊ	ㄉㄧ、ㄕˊ	ㄊㄧˊ、ㄉㄧ、ㄕˊ	常用音優先；教育部未另標語音	教育部《重編國語辭典修訂本》
309	算	ㄙㄨㄢˋ	ㄙㄨㄢˋ		ㄙㄨㄢˋ	常用音優先；教育部未另標語音	教育部《重編國語辭典修訂本》
310	關	ㄍㄨㄢ	ㄍㄨㄢ		ㄍㄨㄢ	常用音優先；教育部未另標語音	教育部《重編國語辭典修訂本》
311	件	ㄐㄧㄢˋ	ㄐㄧㄢˋ		ㄐㄧㄢˋ	常用音優先；教育部未另標語音	教育部《重編國語辭典修訂本》
312	五	ㄨˇ	ㄨˇ		ㄨˇ	常用音優先；教育部未另標語音	教育部《重編國語辭典修訂本》
313	管	ㄍㄨㄢˇ	ㄍㄨㄢˇ		ㄍㄨㄢˇ	常用音優先；教育部未另標語音	教育部《重編國語辭典修訂本》
314	令	ㄌㄧㄥˋ	ㄌㄧㄥˋ		ㄌㄧㄥˋ	常用音優先；教育部未另標語音	教育部《重編國語辭典修訂本》
315	需	ㄒㄩ	ㄒㄩ	ㄖㄨˊ	ㄒㄩ、ㄖㄨˊ	常用音優先；教育部未另標語音	教育部《重編國語辭典修訂本》
316	錯	ㄘㄨㄛˋ	ㄘㄨㄛˋ	ㄘㄨˋ	ㄘㄨㄛˋ、ㄘㄨˋ	常用音優先；教育部未另標語音	教育部《重編國語辭典修訂本》
317	遠	ㄩㄢˇ	ㄩㄢˇ	ㄩㄢˋ	ㄩㄢˇ、ㄩㄢˋ	常用音優先；教育部未另標語音	教育部《重編國語辭典修訂本》
318	剛	ㄍㄤ	ㄍㄤ		ㄍㄤ	常用音優先；教育部未另標語音	教育部《重編國語辭典修訂本》
319	王	ㄨㄤˊ	ㄨㄤˊ	ㄨㄤˋ、ㄩˋ	ㄨㄤˊ、ㄨㄤˋ、ㄩˋ	常用音優先；教育部未另標語音	教育部《重編國語辭典修訂本》
320	重	ㄓㄨㄥˋ	ㄓㄨㄥˋ	ㄔㄨㄥˊ	ㄓㄨㄥˋ、ㄔㄨㄥˊ	常用音優先；教育部未另標語音	教育部《重編國語辭典修訂本》
321	面	ㄇㄧㄢˋ	ㄇㄧㄢˋ		ㄇㄧㄢˋ	常用音優先；教育部未另標語音	教育部《重編國語辭典修訂本》
322	嘛	˙ㄇㄚ	ㄇㄚˊ		ㄇㄚˊ、˙ㄇㄚ	教育部標示語音	教育部《重編國語辭典修訂本》
323	麵	ㄇㄧㄢˋ	ㄇㄧㄢˋ		ㄇㄧㄢˋ	常用音優先；教育部未另標語音	教育部《重編國語辭典修訂本》
324	倒	ㄉㄠˋ	ㄉㄠˇ		ㄉㄠˇ、ㄉㄠˋ	常用音優先；教育部未另標語音	教育部《重編國語辭典修訂本》
325	城	ㄔㄥˊ	ㄔㄥˊ		ㄔㄥˊ	常用音優先；教育部未另標語音	教育部《重編國語辭典修訂本》
326	設	ㄕㄜˋ	ㄕㄜˋ		ㄕㄜˋ	常用音優先；教育部未另標語音	教育部《重編國語辭典修訂本》
327	神	ㄕㄣˊ	ㄕㄣˊ		ㄕㄣˊ	常用音優先；教育部未另標語音	教育部《重編國語辭典修訂本》
328	數	ㄕㄨˋ	ㄕㄨˋ	ㄕㄨˇ、ㄕㄨㄛˋ、ㄘㄨˋ、ㄙㄨˋ	ㄕㄨˋ、ㄕㄨˇ、ㄕㄨㄛˋ、ㄘㄨˋ、ㄙㄨˋ	常用音優先；教育部未另標語音	教育部《重編國語辭典修訂本》
329	既	ㄐㄧˋ	ㄐㄧˋ		ㄐㄧˋ	常用音優先；教育部未另標語音	教育部《重編國語辭典修訂本》
330	幾	ㄐㄧˇ	ㄐㄧˇ	ㄐㄧ	ㄐㄧˇ、ㄐㄧ	常用音優先；教育部未另標語音	教育部《重編國語辭典修訂本》
331	權	ㄑㄩㄢˊ	ㄑㄩㄢˊ		ㄑㄩㄢˊ	常用音優先；教育部未另標語音	教育部《重編國語辭典修訂本》
332	團	ㄊㄨㄢˊ	ㄊㄨㄢˊ		ㄊㄨㄢˊ	常用音優先；教育部未另標語音	教育部《重編國語辭典修訂本》
333	求	ㄑㄧㄡˊ	ㄑㄧㄡˊ		ㄑㄧㄡˊ	常用音優先；教育部未另標語音	教育部《重編國語辭典修訂本》
334	員	ㄩㄢˊ	ㄩㄢˊ	ㄩㄣˊ、ㄩㄣˋ	ㄩㄢˊ、ㄩㄣˊ、ㄩㄣˋ	常用音優先；教育部未另標語音	教育部《重編國語辭典修訂本》
335	入	ㄖㄨˋ	ㄖㄨˋ	ㄖˋ、ㄖㄨˇ	ㄖㄨˋ、ㄖˋ、ㄖㄨˇ	常用音優先；教育部未另標語音	教育部《重編國語辭典修訂本》
336	鎮	ㄓㄣˋ	ㄓㄣˋ		ㄓㄣˋ	常用音優先；教育部未另標語音	教育部《重編國語辭典修訂本》
337	群	ㄑㄩㄣˊ	ㄑㄩㄣˊ		ㄑㄩㄣˊ	常用音優先；教育部未另標語音	教育部《重編國語辭典修訂本》
338	逼	ㄅㄧ	ㄅㄧ	ㄅㄧˋ	ㄅㄧ、ㄅㄧˋ	常用音優先；教育部未另標語音	教育部《重編國語辭典修訂本》
339	頭	ㄊㄡˊ	ㄊㄡˊ	˙ㄊㄡ	ㄊㄡˊ、˙ㄊㄡ	常用音優先；教育部未另標語音	教育部《重編國語辭典修訂本》
340	鄉	ㄒㄧㄤ	ㄒㄧㄤ	ㄒㄧㄤˋ	ㄒㄧㄤ、ㄒㄧㄤˋ	常用音優先；教育部未另標語音	教育部《重編國語辭典修訂本》
341	教	ㄐㄧㄠˋ	ㄐㄧㄠˋ	ㄐㄧㄠ	ㄐㄧㄠˋ、ㄐㄧㄠ	常用音優先；教育部未另標語音	教育部《重編國語辭典修訂本》
342	呀	ㄧㄚ	ㄧㄚ	ㄒㄧㄚ	ㄧㄚ、ㄒㄧㄚ	常用音優先；教育部未另標語音	教育部《重編國語辭典修訂本》
343	現	ㄒㄧㄢˋ	ㄒㄧㄢˋ		ㄒㄧㄢˋ	常用音優先；教育部未另標語音	教育部《重編國語辭典修訂本》
344	獲	ㄏㄨㄛˋ	ㄏㄨㄛˋ	ㄏㄨㄞˊ	ㄏㄨㄛˋ、ㄏㄨㄞˊ	常用音優先；教育部未另標語音	教育部《重編國語辭典修訂本》
345	組	ㄗㄨˇ	ㄗㄨˇ		ㄗㄨˇ	常用音優先；教育部未另標語音	教育部《重編國語辭典修訂本》
346	敎	ㄐㄧㄠˋ	ㄐㄧㄠˋ		ㄐㄧㄠˋ	常用音優先；教育部未另標語音	教育部異體條目參照正字
347	南	ㄋㄢˊ	ㄋㄢˊ	ㄋㄚˊ	ㄋㄢˊ、ㄋㄚˊ	常用音優先；教育部未另標語音	教育部《重編國語辭典修訂本》
348	德	ㄉㄜˊ	ㄉㄜˊ		ㄉㄜˊ	常用音優先；教育部未另標語音	教育部《重編國語辭典修訂本》
349	獎	ㄐㄧㄤˇ	ㄐㄧㄤˇ		ㄐㄧㄤˇ	常用音優先；教育部未另標語音	教育部《重編國語辭典修訂本》
350	定	ㄉㄧㄥˋ	ㄉㄧㄥˋ		ㄉㄧㄥˋ	常用音優先；教育部未另標語音	教育部《重編國語辭典修訂本》
351	臉	ㄌㄧㄢˇ	ㄌㄧㄢˇ		ㄌㄧㄢˇ	常用音優先；教育部未另標語音	教育部《重編國語辭典修訂本》
352	機	ㄐㄧ	ㄐㄧ		ㄐㄧ	常用音優先；教育部未另標語音	教育部《重編國語辭典修訂本》
353	集	ㄐㄧˊ	ㄐㄧˊ		ㄐㄧˊ	常用音優先；教育部未另標語音	教育部《重編國語辭典修訂本》
354	讀	ㄉㄨˊ	ㄉㄨˊ	ㄉㄡˋ	ㄉㄨˊ、ㄉㄡˋ	常用音優先；教育部未另標語音	教育部《重編國語辭典修訂本》
355	懂	ㄉㄨㄥˇ	ㄉㄨㄥˇ		ㄉㄨㄥˇ	常用音優先；教育部未另標語音	教育部《重編國語辭典修訂本》
356	州	ㄓㄡ	ㄓㄡ		ㄓㄡ	常用音優先；教育部未另標語音	教育部《重編國語辭典修訂本》
357	常	ㄔㄤˊ	ㄔㄤˊ		ㄔㄤˊ	常用音優先；教育部未另標語音	教育部《重編國語辭典修訂本》
358	電	ㄉㄧㄢˋ	ㄉㄧㄢˋ		ㄉㄧㄢˋ	常用音優先；教育部未另標語音	教育部《重編國語辭典修訂本》
359	假	ㄐㄧㄚˇ	ㄐㄧㄚˇ	ㄐㄧㄚˋ	ㄐㄧㄚˇ、ㄐㄧㄚˋ	常用音優先；教育部未另標語音	教育部《重編國語辭典修訂本》
360	改	ㄍㄞˇ	ㄍㄞˇ		ㄍㄞˇ	常用音優先；教育部未另標語音	教育部《重編國語辭典修訂本》
361	項	ㄒㄧㄤˋ	ㄒㄧㄤˋ		ㄒㄧㄤˋ	常用音優先；教育部未另標語音	教育部《重編國語辭典修訂本》
362	活	ㄏㄨㄛˊ	ㄏㄨㄛˊ		ㄏㄨㄛˊ	常用音優先；教育部未另標語音	教育部《重編國語辭典修訂本》
363	特	ㄊㄜˋ	ㄊㄜˋ		ㄊㄜˋ	常用音優先；教育部未另標語音	教育部《重編國語辭典修訂本》
364	換	ㄏㄨㄢˋ	ㄏㄨㄢˋ		ㄏㄨㄢˋ	常用音優先；教育部未另標語音	教育部《重編國語辭典修訂本》
365	往	ㄨㄤˇ	ㄨㄤˇ		ㄨㄤˇ	常用音優先；教育部未另標語音	教育部《重編國語辭典修訂本》
366	離	ㄌㄧˊ	ㄌㄧˊ		ㄌㄧˊ	常用音優先；教育部未另標語音	教育部《重編國語辭典修訂本》
367	媽	ㄇㄚ	ㄇㄚ		ㄇㄚ	常用音優先；教育部未另標語音	教育部《重編國語辭典修訂本》
368	坐	ㄗㄨㄛˋ	ㄗㄨㄛˋ		ㄗㄨㄛˋ	常用音優先；教育部未另標語音	教育部《重編國語辭典修訂本》
369	傳	ㄔㄨㄢˊ	ㄔㄨㄢˊ	ㄓㄨㄢˋ	ㄔㄨㄢˊ、ㄓㄨㄢˋ	常用音優先；教育部未另標語音	教育部《重編國語辭典修訂本》
370	舊	ㄐㄧㄡˋ	ㄐㄧㄡˋ		ㄐㄧㄡˋ	常用音優先；教育部未另標語音	教育部《重編國語辭典修訂本》
371	亞	ㄧㄚˋ	ㄧㄚˋ	ㄧㄚˇ、ㄧㄚ	ㄧㄚˋ、ㄧㄚˇ、ㄧㄚ	常用音優先；教育部未另標語音	教育部《重編國語辭典修訂本》
372	夢	ㄇㄥˋ	ㄇㄥˋ		ㄇㄥˋ	常用音優先；教育部未另標語音	教育部《重編國語辭典修訂本》
373	著	ㄓㄨˋ	ㄓㄨˋ	ㄓㄨㄛˊ、ㄓㄠˊ、ㄓㄠ、˙ㄓㄜ	ㄓㄨˋ、ㄓㄨㄛˊ、ㄓㄠˊ、ㄓㄠ、˙ㄓㄜ	常用音優先；教育部未另標語音	教育部《重編國語辭典修訂本》
374	喝	ㄏㄜ	ㄏㄜ	ㄏㄜˋ、ㄧㄝˋ	ㄏㄜ、ㄏㄜˋ、ㄧㄝˋ	常用音優先；教育部未另標語音	教育部《重編國語辭典修訂本》
375	體	ㄊㄧˇ	ㄊㄧˇ		ㄊㄧˇ	常用音優先；教育部未另標語音	教育部《重編國語辭典修訂本》
376	隨	ㄙㄨㄟˊ	ㄙㄨㄟˊ		ㄙㄨㄟˊ	常用音優先；教育部未另標語音	教育部《重編國語辭典修訂本》
377	雲	ㄩㄣˊ	ㄩㄣˊ		ㄩㄣˊ	常用音優先；教育部未另標語音	教育部《重編國語辭典修訂本》
378	卡	ㄎㄚˇ	ㄎㄚˇ	ㄑㄧㄚˇ	ㄎㄚˇ、ㄑㄧㄚˇ	常用音優先；教育部未另標語音	教育部《重編國語辭典修訂本》
379	贏	ㄧㄥˊ	ㄧㄥˊ		ㄧㄥˊ	常用音優先；教育部未另標語音	教育部《重編國語辭典修訂本》
380	山	ㄕㄢ	ㄕㄢ		ㄕㄢ	常用音優先；教育部未另標語音	教育部《重編國語辭典修訂本》
381	熱	ㄖㄜˋ	ㄖㄜˋ		ㄖㄜˋ	常用音優先；教育部未另標語音	教育部《重編國語辭典修訂本》
382	文	ㄨㄣˊ	ㄨㄣˊ	ㄨㄣˋ	ㄨㄣˊ、ㄨㄣˋ	常用音優先；教育部未另標語音	教育部《重編國語辭典修訂本》
383	周	ㄓㄡ	ㄓㄡ		ㄓㄡ	常用音優先；教育部未另標語音	教育部《重編國語辭典修訂本》
384	單	ㄉㄢ	ㄉㄢ	ㄕㄢˋ、ㄔㄢˊ	ㄉㄢ、ㄕㄢˋ、ㄔㄢˊ	常用音優先；教育部未另標語音	教育部《重編國語辭典修訂本》
385	值	ㄓˊ	ㄓˊ	ㄓˋ	ㄓˊ、ㄓˋ	常用音優先；教育部未另標語音	教育部《重編國語辭典修訂本》
386	度	ㄉㄨˋ	ㄉㄨˋ	ㄉㄨㄛˋ	ㄉㄨˋ、ㄉㄨㄛˋ	常用音優先；教育部未另標語音	教育部《重編國語辭典修訂本》
387	語	ㄩˇ	ㄩˇ	ㄩˋ	ㄩˇ、ㄩˋ	常用音優先；教育部未另標語音	教育部《重編國語辭典修訂本》
388	斯	ㄙ	ㄙ		ㄙ	常用音優先；教育部未另標語音	教育部《重編國語辭典修訂本》
389	遭	ㄗㄠ	ㄗㄠ		ㄗㄠ	常用音優先；教育部未另標語音	教育部《重編國語辭典修訂本》
390	今	ㄐㄧㄣ	ㄐㄧㄣ		ㄐㄧㄣ	常用音優先；教育部未另標語音	教育部《重編國語辭典修訂本》
391	北	ㄅㄟˇ	ㄅㄛˋ	ㄅㄟˋ	ㄅㄟˇ、ㄅㄛˋ、ㄅㄟˋ	教育部標示語音	教育部《重編國語辭典修訂本》
392	明	ㄇㄧㄥˊ	ㄇㄧㄥˊ		ㄇㄧㄥˊ	常用音優先；教育部未另標語音	教育部《重編國語辭典修訂本》
393	某	ㄇㄡˇ	ㄇㄡˇ		ㄇㄡˇ	常用音優先；教育部未另標語音	教育部《重編國語辭典修訂本》
394	雙	ㄕㄨㄤ	ㄕㄨㄤ	ㄕㄨㄤˋ	ㄕㄨㄤ、ㄕㄨㄤˋ	常用音優先；教育部未另標語音	教育部《重編國語辭典修訂本》
395	久	ㄐㄧㄡˇ	ㄐㄧㄡˇ		ㄐㄧㄡˇ	常用音優先；教育部未另標語音	教育部《重編國語辭典修訂本》
396	史	ㄕˇ	ㄕˇ		ㄕˇ	常用音優先；教育部未另標語音	教育部《重編國語辭典修訂本》
397	皆	ㄐㄧㄝ	ㄐㄧㄝ		ㄐㄧㄝ	常用音優先；教育部未另標語音	教育部《重編國語辭典修訂本》
398	科	ㄎㄜ	ㄎㄜ		ㄎㄜ	常用音優先；教育部未另標語音	教育部《重編國語辭典修訂本》
399	頁	ㄧㄝˋ	ㄒㄧㄝˊ		ㄒㄧㄝˊ、ㄧㄝˋ	常用音優先；教育部未另標語音	教育部《重編國語辭典修訂本》
400	除	ㄔㄨˊ	ㄔㄨˊ		ㄔㄨˊ	常用音優先；教育部未另標語音	教育部《重編國語辭典修訂本》
401	師	ㄕ	ㄕ		ㄕ	常用音優先；教育部未另標語音	教育部《重編國語辭典修訂本》
402	光	ㄍㄨㄤ	ㄍㄨㄤ		ㄍㄨㄤ	常用音優先；教育部未另標語音	教育部《重編國語辭典修訂本》
403	盡	ㄐㄧㄣˋ	ㄐㄧㄣˋ		ㄐㄧㄣˋ	常用音優先；教育部未另標語音	教育部《重編國語辭典修訂本》
404	六	ㄌㄧㄡˋ	ㄌㄧㄡˋ	ㄌㄨˋ	ㄌㄧㄡˋ、ㄌㄨˋ	常用音優先；教育部未另標語音	教育部《重編國語辭典修訂本》
405	村	ㄘㄨㄣ	ㄘㄨㄣ		ㄘㄨㄣ	常用音優先；教育部未另標語音	教育部《重編國語辭典修訂本》
406	半	ㄅㄢˋ	ㄅㄢˋ		ㄅㄢˋ	常用音優先；教育部未另標語音	教育部《重編國語辭典修訂本》
407	兼	ㄐㄧㄢ	ㄐㄧㄢ		ㄐㄧㄢ	常用音優先；教育部未另標語音	教育部《重編國語辭典修訂本》
408	案	ㄢˋ	ㄢˋ		ㄢˋ	常用音優先；教育部未另標語音	教育部《重編國語辭典修訂本》
409	官	ㄍㄨㄢ	ㄍㄨㄢ		ㄍㄨㄢ	常用音優先；教育部未另標語音	教育部《重編國語辭典修訂本》
410	李	ㄌㄧˇ	ㄌㄧˇ		ㄌㄧˇ	常用音優先；教育部未另標語音	教育部《重編國語辭典修訂本》
411	街	ㄐㄧㄝ	ㄐㄧㄝ		ㄐㄧㄝ	常用音優先；教育部未另標語音	教育部《重編國語辭典修訂本》
412	睡	ㄕㄨㄟˋ	ㄕㄨㄟˋ		ㄕㄨㄟˋ	常用音優先；教育部未另標語音	教育部《重編國語辭典修訂本》
413	化	ㄏㄨㄚˋ	ㄏㄨㄚˋ	ㄏㄨㄚ	ㄏㄨㄚˋ、ㄏㄨㄚ	常用音優先；教育部未另標語音	教育部《重編國語辭典修訂本》
414	救	ㄐㄧㄡˋ	ㄐㄧㄡˋ		ㄐㄧㄡˋ	常用音優先；教育部未另標語音	教育部《重編國語辭典修訂本》
415	包	ㄅㄠ	ㄅㄠ		ㄅㄠ	常用音優先；教育部未另標語音	教育部《重編國語辭典修訂本》
416	爾	ㄦˇ	ㄦˇ		ㄦˇ	常用音優先；教育部未另標語音	教育部《重編國語辭典修訂本》
417	紅	ㄏㄨㄥˊ	ㄏㄨㄥˊ	ㄍㄨㄥ	ㄏㄨㄥˊ、ㄍㄨㄥ	常用音優先；教育部未另標語音	教育部《重編國語辭典修訂本》
418	初	ㄔㄨ	ㄔㄨ		ㄔㄨ	常用音優先；教育部未另標語音	教育部《重編國語辭典修訂本》
419	怕	ㄆㄚˋ	ㄆㄚˋ		ㄆㄚˋ	常用音優先；教育部未另標語音	教育部《重編國語辭典修訂本》
420	言	ㄧㄢˊ	ㄧㄢˊ	ㄧㄣˊ	ㄧㄢˊ、ㄧㄣˊ	常用音優先；教育部未另標語音	教育部《重編國語辭典修訂本》
421	阿	ㄚ	ㄜ	ㄚˋ	ㄜ、ㄚ、ㄚˋ	常用音優先；教育部未另標語音	教育部《重編國語辭典修訂本》
422	駐	ㄓㄨˋ	ㄓㄨˋ		ㄓㄨˋ	常用音優先；教育部未另標語音	教育部《重編國語辭典修訂本》
423	塊	ㄎㄨㄞˋ	ㄎㄨㄞˋ		ㄎㄨㄞˋ	常用音優先；教育部未另標語音	教育部《重編國語辭典修訂本》
424	克	ㄎㄜˋ	ㄎㄜˋ		ㄎㄜˋ	常用音優先；教育部未另標語音	教育部《重編國語辭典修訂本》
425	詞	ㄘˊ	ㄘˊ		ㄘˊ	常用音優先；教育部未另標語音	教育部《重編國語辭典修訂本》
426	卷	ㄐㄩㄢˇ	ㄐㄩㄢˋ	ㄑㄩㄢˊ	ㄐㄩㄢˋ、ㄐㄩㄢˇ、ㄑㄩㄢˊ	常用音優先；教育部未另標語音	教育部《重編國語辭典修訂本》
427	格	ㄍㄜˊ	ㄍㄜˊ		ㄍㄜˊ	常用音優先；教育部未另標語音	教育部《重編國語辭典修訂本》
428	剋	ㄎㄜˋ	ㄎㄜˋ		ㄎㄜˋ	常用音優先；教育部未另標語音	教育部《重編國語辭典修訂本》
429	風	ㄈㄥ	ㄈㄥ	ㄈㄥˋ	ㄈㄥ、ㄈㄥˋ	常用音優先；教育部未另標語音	教育部《重編國語辭典修訂本》
430	論	ㄌㄨㄣˋ	ㄌㄨㄣˋ	ㄌㄨㄣˊ	ㄌㄨㄣˋ、ㄌㄨㄣˊ	常用音優先；教育部未另標語音	教育部《重編國語辭典修訂本》
431	差	ㄔㄚˋ	ㄔㄚ	ㄔㄞ、ㄔㄞˋ、ㄘ、ㄘㄨㄛ	ㄔㄚ、ㄔㄚˋ、ㄔㄞ、ㄔㄞˋ、ㄘ、ㄘㄨㄛ	常用音優先；教育部未另標語音	教育部《重編國語辭典修訂本》
432	產	ㄔㄢˇ	ㄔㄢˇ		ㄔㄢˇ	常用音優先；教育部未另標語音	教育部《重編國語辭典修訂本》
433	陳	ㄔㄣˊ	ㄔㄣˊ	ㄓㄣˋ	ㄔㄣˊ、ㄓㄣˋ	常用音優先；教育部未另標語音	教育部《重編國語辭典修訂本》
434	超	ㄔㄠ	ㄔㄠ		ㄔㄠ	常用音優先；教育部未另標語音	教育部《重編國語辭典修訂本》
435	極	ㄐㄧˊ	ㄐㄧˊ		ㄐㄧˊ	常用音優先；教育部未另標語音	教育部《重編國語辭典修訂本》
436	接	ㄐㄧㄝ	ㄐㄧㄝ		ㄐㄧㄝ	常用音優先；教育部未另標語音	教育部《重編國語辭典修訂本》
437	戰	ㄓㄢˋ	ㄓㄢˋ		ㄓㄢˋ	常用音優先；教育部未另標語音	教育部《重編國語辭典修訂本》
438	掉	ㄉㄧㄠˋ	ㄉㄧㄠˋ		ㄉㄧㄠˋ	常用音優先；教育部未另標語音	教育部《重編國語辭典修訂本》
439	畫	ㄏㄨㄚˋ	ㄏㄨㄚˋ		ㄏㄨㄚˋ	常用音優先；教育部未另標語音	教育部《重編國語辭典修訂本》
440	貼	ㄊㄧㄝ	ㄊㄧㄝ		ㄊㄧㄝ	常用音優先；教育部未另標語音	教育部《重編國語辭典修訂本》
441	節	ㄐㄧㄝˊ	ㄐㄧㄝˊ		ㄐㄧㄝˊ	常用音優先；教育部未另標語音	教育部《重編國語辭典修訂本》
442	份	ㄈㄣˋ	ㄈㄣˋ	ㄅㄧㄣ	ㄈㄣˋ、ㄅㄧㄣ	常用音優先；教育部未另標語音	教育部《重編國語辭典修訂本》
443	壞	ㄏㄨㄞˋ	ㄏㄨㄞˋ	ㄍㄨㄞˋ	ㄏㄨㄞˋ、ㄍㄨㄞˋ	常用音優先；教育部未另標語音	教育部《重編國語辭典修訂本》
444	查	ㄔㄚˊ	ㄔㄚˊ	ㄓㄚ	ㄔㄚˊ、ㄓㄚ	常用音優先；教育部未另標語音	教育部《重編國語辭典修訂本》
445	口	ㄎㄡˇ	ㄎㄡˇ		ㄎㄡˇ	常用音優先；教育部未另標語音	教育部《重編國語辭典修訂本》
446	待	ㄉㄞˋ	ㄉㄞˋ	ㄉㄞ	ㄉㄞˋ、ㄉㄞ	常用音優先；教育部未另標語音	教育部《重編國語辭典修訂本》
447	量	ㄌㄧㄤˋ	ㄌㄧㄤˊ		ㄌㄧㄤˊ、ㄌㄧㄤˋ	常用音優先；教育部未另標語音	教育部《重編國語辭典修訂本》
448	合	ㄏㄜˊ	ㄏㄜˊ	ㄍㄜˇ	ㄏㄜˊ、ㄍㄜˇ	常用音優先；教育部未另標語音	教育部《重編國語辭典修訂本》
449	安	ㄢ	ㄢ		ㄢ	常用音優先；教育部未另標語音	教育部《重編國語辭典修訂本》
450	槍	ㄑㄧㄤ	ㄑㄧㄤ	ㄔㄥ	ㄑㄧㄤ、ㄔㄥ	常用音優先；教育部未另標語音	教育部《重編國語辭典修訂本》
451	閤	ㄍㄜˊ	ㄍㄜˊ	ㄏㄜˊ	ㄍㄜˊ、ㄏㄜˊ	常用音優先；教育部未另標語音	教育部《重編國語辭典修訂本》
452	方	ㄈㄤ	ㄈㄤ		ㄈㄤ	常用音優先；教育部未另標語音	教育部《重編國語辭典修訂本》
453	取	ㄑㄩˇ	ㄑㄩˇ		ㄑㄩˇ	常用音優先；教育部未另標語音	教育部《重編國語辭典修訂本》
454	操	ㄘㄠ	ㄘㄠ	ㄘㄠˋ	ㄘㄠ、ㄘㄠˋ	常用音優先；教育部未另標語音	教育部《重編國語辭典修訂本》
455	白	ㄅㄞˊ	ㄅㄛˊ		ㄅㄞˊ、ㄅㄛˊ	教育部標示語音	教育部《重編國語辭典修訂本》
456	領	ㄌㄧㄥˇ	ㄌㄧㄥˇ		ㄌㄧㄥˇ	常用音優先；教育部未另標語音	教育部《重編國語辭典修訂本》
457	掛	ㄍㄨㄚˋ	ㄍㄨㄚˋ		ㄍㄨㄚˋ	常用音優先；教育部未另標語音	教育部《重編國語辭典修訂本》
458	表	ㄅㄧㄠˇ	ㄅㄧㄠˇ		ㄅㄧㄠˇ	常用音優先；教育部未另標語音	教育部《重編國語辭典修訂本》
459	投	ㄊㄡˊ	ㄊㄡˊ		ㄊㄡˊ	常用音優先；教育部未另標語音	教育部《重編國語辭典修訂本》
460	騙	ㄆㄧㄢˋ	ㄆㄧㄢˋ		ㄆㄧㄢˋ	常用音優先；教育部未另標語音	教育部《重編國語辭典修訂本》
461	錶	ㄅㄧㄠˇ	ㄅㄧㄠˇ		ㄅㄧㄠˇ	常用音優先；教育部未另標語音	教育部《重編國語辭典修訂本》
462	清	ㄑㄧㄥ	ㄑㄧㄥ		ㄑㄧㄥ	常用音優先；教育部未另標語音	教育部《重編國語辭典修訂本》
463	建	ㄐㄧㄢˋ	ㄐㄧㄢˋ		ㄐㄧㄢˋ	常用音優先；教育部未另標語音	教育部《重編國語辭典修訂本》
464	毛	ㄇㄠˊ	ㄇㄠˊ		ㄇㄠˊ	常用音優先；教育部未另標語音	教育部《重編國語辭典修訂本》
465	裝	ㄓㄨㄤ	ㄓㄨㄤ		ㄓㄨㄤ	常用音優先；教育部未另標語音	教育部《重編國語辭典修訂本》
466	復	ㄈㄨˋ	ㄈㄨˋ	ㄈㄡˋ	ㄈㄨˋ、ㄈㄡˋ	常用音優先；教育部未另標語音	教育部《重編國語辭典修訂本》
467	倍	ㄅㄟˋ	ㄅㄟˋ		ㄅㄟˋ	常用音優先；教育部未另標語音	教育部《重編國語辭典修訂本》
468	注	ㄓㄨˋ	ㄓㄨˋ		ㄓㄨˋ	常用音優先；教育部未另標語音	教育部《重編國語辭典修訂本》
469	複	ㄈㄨˋ	ㄈㄨˋ		ㄈㄨˋ	常用音優先；教育部未另標語音	教育部《重編國語辭典修訂本》
470	力	ㄌㄧˋ	ㄌㄧˋ		ㄌㄧˋ	常用音優先；教育部未另標語音	教育部《重編國語辭典修訂本》
471	收	ㄕㄡ	ㄕㄡ		ㄕㄡ	常用音優先；教育部未另標語音	教育部《重編國語辭典修訂本》
472	層	ㄘㄥˊ	ㄘㄥˊ		ㄘㄥˊ	常用音優先；教育部未另標語音	教育部《重編國語辭典修訂本》
473	廠	ㄔㄤˇ	ㄔㄤˇ		ㄔㄤˇ	常用音優先；教育部未另標語音	教育部《重編國語辭典修訂本》
474	深	ㄕㄣ	ㄕㄣ		ㄕㄣ	常用音優先；教育部未另標語音	教育部《重編國語辭典修訂本》
475	忙	ㄇㄤˊ	ㄇㄤˊ		ㄇㄤˊ	常用音優先；教育部未另標語音	教育部《重編國語辭典修訂本》
476	故	ㄍㄨˋ	ㄍㄨˋ		ㄍㄨˋ	常用音優先；教育部未另標語音	教育部《重編國語辭典修訂本》
477	飛	ㄈㄟ	ㄈㄟ		ㄈㄟ	常用音優先；教育部未另標語音	教育部《重編國語辭典修訂本》
478	病	ㄅㄧㄥˋ	ㄅㄧㄥˋ		ㄅㄧㄥˋ	常用音優先；教育部未另標語音	教育部《重編國語辭典修訂本》
479	推	ㄊㄨㄟ	ㄊㄨㄟ		ㄊㄨㄟ	常用音優先；教育部未另標語音	教育部《重編國語辭典修訂本》
480	片	ㄆㄧㄢˋ	ㄆㄧㄢˋ	ㄆㄧㄢ	ㄆㄧㄢˋ、ㄆㄧㄢ	常用音優先；教育部未另標語音	教育部《重編國語辭典修訂本》
481	追	ㄓㄨㄟ	ㄓㄨㄟ	ㄉㄨㄟ	ㄓㄨㄟ、ㄉㄨㄟ	常用音優先；教育部未另標語音	教育部《重編國語辭典修訂本》
482	海	ㄏㄞˇ	ㄏㄞˇ		ㄏㄞˇ	常用音優先；教育部未另標語音	教育部《重編國語辭典修訂本》
483	亂	ㄌㄨㄢˋ	ㄌㄨㄢˋ		ㄌㄨㄢˋ	常用音優先；教育部未另標語音	教育部《重編國語辭典修訂本》
484	短	ㄉㄨㄢˇ	ㄉㄨㄢˇ		ㄉㄨㄢˇ	常用音優先；教育部未另標語音	教育部《重編國語辭典修訂本》
485	腳	ㄐㄧㄠˇ	ㄐㄩㄝˊ		ㄐㄧㄠˇ、ㄐㄩㄝˊ	教育部標示語音	教育部《重編國語辭典修訂本》
486	班	ㄅㄢ	ㄅㄢ		ㄅㄢ	常用音優先；教育部未另標語音	教育部《重編國語辭典修訂本》
487	嗯	˙ㄣ	˙ㄣ		˙ㄣ	常用音優先；教育部未另標語音	教育部《重編國語辭典修訂本》
488	左	ㄗㄨㄛˇ	ㄗㄨㄛˇ		ㄗㄨㄛˇ	常用音優先；教育部未另標語音	教育部《重編國語辭典修訂本》
489	龍	ㄌㄨㄥˊ	ㄌㄨㄥˊ		ㄌㄨㄥˊ	常用音優先；教育部未另標語音	教育部《重編國語辭典修訂本》
490	記	ㄐㄧˋ	ㄐㄧˋ		ㄐㄧˋ	常用音優先；教育部未另標語音	教育部《重編國語辭典修訂本》
491	島	ㄉㄠˇ	ㄉㄠˇ		ㄉㄠˇ	常用音優先；教育部未另標語音	教育部《重編國語辭典修訂本》
492	交	ㄐㄧㄠ	ㄐㄧㄠ		ㄐㄧㄠ	常用音優先；教育部未另標語音	教育部《重編國語辭典修訂本》
493	夠	ㄍㄡˋ	ㄍㄡˋ		ㄍㄡˋ	常用音優先；教育部未另標語音	教育部《重編國語辭典修訂本》
494	秒	ㄇㄧㄠˇ	ㄇㄧㄠˇ		ㄇㄧㄠˇ	常用音優先；教育部未另標語音	教育部《重編國語辭典修訂本》
495	挺	ㄊㄧㄥˇ	ㄊㄧㄥˇ		ㄊㄧㄥˇ	常用音優先；教育部未另標語音	教育部《重編國語辭典修訂本》
496	羅	ㄌㄨㄛˊ	ㄌㄨㄛˊ		ㄌㄨㄛˊ	常用音優先；教育部未另標語音	教育部《重編國語辭典修訂本》
497	跳	ㄊㄧㄠˋ	ㄊㄧㄠˋ		ㄊㄧㄠˋ	常用音優先；教育部未另標語音	教育部《重編國語辭典修訂本》
498	衝	ㄔㄨㄥ	ㄔㄨㄥ	ㄔㄨㄥˋ	ㄔㄨㄥ、ㄔㄨㄥˋ	常用音優先；教育部未另標語音	教育部《重編國語辭典修訂本》
499	供	ㄍㄨㄥ	ㄍㄨㄥ	ㄍㄨㄥˋ	ㄍㄨㄥ、ㄍㄨㄥˋ	常用音優先；教育部未另標語音	教育部《重編國語辭典修訂本》
500	敢	ㄍㄢˇ	ㄍㄢˇ		ㄍㄢˇ	常用音優先；教育部未另標語音	教育部《重編國語辭典修訂本》
501	哭	ㄎㄨ	ㄎㄨ		ㄎㄨ	常用音優先；教育部未另標語音	教育部《重編國語辭典修訂本》
502	牛	ㄋㄧㄡˊ	ㄋㄧㄡˊ		ㄋㄧㄡˊ	常用音優先；教育部未另標語音	教育部《重編國語辭典修訂本》
503	館	ㄍㄨㄢˇ	ㄍㄨㄢˇ		ㄍㄨㄢˇ	常用音優先；教育部未另標語音	教育部《重編國語辭典修訂本》
504	沖	ㄔㄨㄥ	ㄔㄨㄥ		ㄔㄨㄥ	常用音優先；教育部未另標語音	教育部《重編國語辭典修訂本》
505	調	ㄉㄧㄠˋ	ㄊㄧㄠˊ		ㄊㄧㄠˊ、ㄉㄧㄠˋ	常用音優先；教育部未另標語音	教育部《重編國語辭典修訂本》
506	實	ㄕˊ	ㄕˊ		ㄕˊ	常用音優先；教育部未另標語音	教育部《重編國語辭典修訂本》
507	球	ㄑㄧㄡˊ	ㄑㄧㄡˊ		ㄑㄧㄡˊ	常用音優先；教育部未另標語音	教育部《重編國語辭典修訂本》
508	照	ㄓㄠˋ	ㄓㄠˋ		ㄓㄠˋ	常用音優先；教育部未另標語音	教育部《重編國語辭典修訂本》
509	忘	ㄨㄤˋ	ㄨㄤˊ		ㄨㄤˋ、ㄨㄤˊ	教育部標示語音	教育部《重編國語辭典修訂本》
510	局	ㄐㄩˊ	ㄐㄩˊ		ㄐㄩˊ	常用音優先；教育部未另標語音	教育部《重編國語辭典修訂本》
511	啥	ㄕㄚˊ	ㄕㄚˊ		ㄕㄚˊ	常用音優先；教育部未另標語音	教育部《重編國語辭典修訂本》
512	店	ㄉㄧㄢˋ	ㄉㄧㄢˋ		ㄉㄧㄢˋ	常用音優先；教育部未另標語音	教育部《重編國語辭典修訂本》
513	侷	ㄐㄩˊ	ㄐㄩˊ		ㄐㄩˊ	常用音優先；教育部未另標語音	教育部《重編國語辭典修訂本》
514	兒	ㄦˊ	ㄦˊ	ㄋㄧˊ	ㄦˊ、ㄋㄧˊ	常用音優先；教育部未另標語音	教育部《重編國語辭典修訂本》
515	座	ㄗㄨㄛˋ	ㄗㄨㄛˋ		ㄗㄨㄛˋ	常用音優先；教育部未另標語音	教育部《重編國語辭典修訂本》
516	通	ㄊㄨㄥ	ㄊㄨㄥ		ㄊㄨㄥ	常用音優先；教育部未另標語音	教育部《重編國語辭典修訂本》
517	率	ㄌㄩˋ	ㄕㄨㄞˋ	ㄕㄨㄛˋ	ㄕㄨㄞˋ、ㄕㄨㄛˋ、ㄌㄩˋ	常用音優先；教育部未另標語音	教育部《重編國語辭典修訂本》
518	象	ㄒㄧㄤˋ	ㄒㄧㄤˋ		ㄒㄧㄤˋ	常用音優先；教育部未另標語音	教育部《重編國語辭典修訂本》
519	樓	ㄌㄡˊ	ㄌㄡˊ		ㄌㄡˊ	常用音優先；教育部未另標語音	教育部《重編國語辭典修訂本》
520	義	ㄧˋ	ㄧˋ		ㄧˋ	常用音優先；教育部未另標語音	教育部《重編國語辭典修訂本》
521	篇	ㄆㄧㄢ	ㄆㄧㄢ		ㄆㄧㄢ	常用音優先；教育部未另標語音	教育部《重編國語辭典修訂本》
522	視	ㄕˋ	ㄕˋ		ㄕˋ	常用音優先；教育部未另標語音	教育部《重編國語辭典修訂本》
523	賺	ㄓㄨㄢˋ	ㄓㄨㄢˋ	ㄗㄨㄢˋ	ㄓㄨㄢˋ、ㄗㄨㄢˋ	常用音優先；教育部未另標語音	教育部《重編國語辭典修訂本》
524	魚	ㄩˊ	ㄩˊ		ㄩˊ	常用音優先；教育部未另標語音	教育部《重編國語辭典修訂本》
525	聲	ㄕㄥ	ㄕㄥ		ㄕㄥ	常用音優先；教育部未另標語音	教育部《重編國語辭典修訂本》
526	七	ㄑㄧ	ㄑㄧ		ㄑㄧ	常用音優先；教育部未另標語音	教育部《重編國語辭典修訂本》
527	肉	ㄖㄡˋ	ㄖㄡˋ	ㄖㄨˋ	ㄖㄡˋ、ㄖㄨˋ	常用音優先；教育部未另標語音	教育部《重編國語辭典修訂本》
528	輪	ㄌㄨㄣˊ	ㄌㄨㄣˊ		ㄌㄨㄣˊ	常用音優先；教育部未另標語音	教育部《重編國語辭典修訂本》
529	知	ㄓ	ㄓ	ㄓˋ	ㄓ、ㄓˋ	常用音優先；教育部未另標語音	教育部《重編國語辭典修訂本》
530	意	ㄧˋ	ㄧˋ		ㄧˋ	常用音優先；教育部未另標語音	教育部《重編國語辭典修訂本》
531	府	ㄈㄨˇ	ㄈㄨˇ		ㄈㄨˇ	常用音優先；教育部未另標語音	教育部《重編國語辭典修訂本》
532	物	ㄨˋ	ㄨˋ		ㄨˋ	常用音優先；教育部未另標語音	教育部《重編國語辭典修訂本》
533	股	ㄍㄨˇ	ㄍㄨˇ		ㄍㄨˇ	常用音優先；教育部未另標語音	教育部《重編國語辭典修訂本》
534	留	ㄌㄧㄡˊ	ㄌㄧㄡˊ		ㄌㄧㄡˊ	常用音優先；教育部未另標語音	教育部《重編國語辭典修訂本》
535	搶	ㄑㄧㄤˇ	ㄑㄧㄤˇ	ㄑㄧㄤ、ㄔㄨㄤˇ	ㄑㄧㄤˇ、ㄑㄧㄤ、ㄔㄨㄤˇ	常用音優先；教育部未另標語音	教育部《重編國語辭典修訂本》
536	弄	ㄋㄨㄥˋ	ㄌㄨㄥˋ		ㄋㄨㄥˋ、ㄌㄨㄥˋ	教育部標示語音	教育部《重編國語辭典修訂本》
537	室	ㄕˋ	ㄕˋ		ㄕˋ	常用音優先；教育部未另標語音	教育部《重編國語辭典修訂本》
538	罪	ㄗㄨㄟˋ	ㄗㄨㄟˋ		ㄗㄨㄟˋ	常用音優先；教育部未另標語音	教育部《重編國語辭典修訂本》
539	費	ㄈㄟˋ	ㄈㄟˋ	ㄅㄧˋ	ㄈㄟˋ、ㄅㄧˋ	常用音優先；教育部未另標語音	教育部《重編國語辭典修訂本》
540	林	ㄌㄧㄣˊ	ㄌㄧㄣˊ		ㄌㄧㄣˊ	常用音優先；教育部未另標語音	教育部《重編國語辭典修訂本》
541	情	ㄑㄧㄥˊ	ㄑㄧㄥˊ		ㄑㄧㄥˊ	常用音優先；教育部未另標語音	教育部《重編國語辭典修訂本》
542	英	ㄧㄥ	ㄧㄥ		ㄧㄥ	常用音優先；教育部未另標語音	教育部《重編國語辭典修訂本》
543	罵	ㄇㄚˋ	ㄇㄚˋ		ㄇㄚˋ	常用音優先；教育部未另標語音	教育部《重編國語辭典修訂本》
544	替	ㄊㄧˋ	ㄊㄧˋ		ㄊㄧˋ	常用音優先；教育部未另標語音	教育部《重編國語辭典修訂本》
545	布	ㄅㄨˋ	ㄅㄨˋ		ㄅㄨˋ	常用音優先；教育部未另標語音	教育部《重編國語辭典修訂本》
546	邊	ㄅㄧㄢ	ㄅㄧㄢ		ㄅㄧㄢ	常用音優先；教育部未另標語音	教育部《重編國語辭典修訂本》
547	平	ㄆㄧㄥˊ	ㄆㄧㄥˊ	ㄆㄧㄢˊ	ㄆㄧㄥˊ、ㄆㄧㄢˊ	常用音優先；教育部未另標語音	教育部《重編國語辭典修訂本》
548	船	ㄔㄨㄢˊ	ㄔㄨㄢˊ		ㄔㄨㄢˊ	常用音優先；教育部未另標語音	教育部《重編國語辭典修訂本》
549	願	ㄩㄢˋ	ㄩㄢˋ		ㄩㄢˋ	常用音優先；教育部未另標語音	教育部《重編國語辭典修訂本》
550	鬼	ㄍㄨㄟˇ	ㄍㄨㄟˇ		ㄍㄨㄟˇ	常用音優先；教育部未另標語音	教育部《重編國語辭典修訂本》
551	業	ㄧㄝˋ	ㄧㄝˋ	ㄋㄧㄝˋ	ㄧㄝˋ、ㄋㄧㄝˋ	常用音優先；教育部未另標語音	教育部《重編國語辭典修訂本》
552	廳	ㄊㄧㄥ	ㄊㄧㄥ		ㄊㄧㄥ	常用音優先；教育部未另標語音	教育部《重編國語辭典修訂本》
553	樂	ㄌㄜˋ	ㄩㄝˋ	ㄌㄠˋ、ㄧㄠˋ	ㄩㄝˋ、ㄌㄜˋ、ㄌㄠˋ、ㄧㄠˋ	常用音優先；教育部未另標語音	教育部《重編國語辭典修訂本》
554	歌	ㄍㄜ	ㄍㄜ		ㄍㄜ	常用音優先；教育部未另標語音	教育部《重編國語辭典修訂本》
555	猜	ㄘㄞ	ㄘㄞ		ㄘㄞ	常用音優先；教育部未另標語音	教育部《重編國語辭典修訂本》
556	酒	ㄐㄧㄡˇ	ㄐㄧㄡˇ		ㄐㄧㄡˇ	常用音優先；教育部未另標語音	教育部《重編國語辭典修訂本》
557	九	ㄐㄧㄡˇ	ㄐㄧㄡˇ		ㄐㄧㄡˇ	常用音優先；教育部未另標語音	教育部《重編國語辭典修訂本》
558	血	ㄒㄧㄝˇ	ㄒㄩㄝˋ		ㄒㄧㄝˇ、ㄒㄩㄝˋ	教育部標示語音	教育部《重編國語辭典修訂本》
559	感	ㄍㄢˇ	ㄍㄢˇ	ㄏㄢˋ	ㄍㄢˇ、ㄏㄢˋ	常用音優先；教育部未另標語音	教育部《重編國語辭典修訂本》
560	豬	ㄓㄨ	ㄓㄨ		ㄓㄨ	常用音優先；教育部未另標語音	教育部《重編國語辭典修訂本》
561	丟	ㄉㄧㄡ	ㄉㄧㄡ		ㄉㄧㄡ	常用音優先；教育部未另標語音	教育部《重編國語辭典修訂本》
562	命	ㄇㄧㄥˋ	ㄇㄧㄥˋ		ㄇㄧㄥˋ	常用音優先；教育部未另標語音	教育部《重編國語辭典修訂本》
563	破	ㄆㄛˋ	ㄆㄛˋ		ㄆㄛˋ	常用音優先；教育部未另標語音	教育部《重編國語辭典修訂本》
564	藏	ㄘㄤˊ	ㄘㄤˊ	ㄗㄤˋ	ㄘㄤˊ、ㄗㄤˋ	常用音優先；教育部未另標語音	教育部《重編國語辭典修訂本》
565	色	ㄙㄜˋ	ㄙㄜˋ	ㄕㄞˇ、ㄕㄜˋ	ㄙㄜˋ、ㄕㄞˇ、ㄕㄜˋ	常用音優先；教育部未另標語音	教育部《重編國語辭典修訂本》
566	房	ㄈㄤˊ	ㄈㄤˊ		ㄈㄤˊ	常用音優先；教育部未另標語音	教育部《重編國語辭典修訂本》
567	韓	ㄏㄢˊ	ㄏㄢˊ		ㄏㄢˊ	常用音優先；教育部未另標語音	教育部《重編國語辭典修訂本》
568	輸	ㄕㄨ	ㄕㄨ		ㄕㄨ	常用音優先；教育部未另標語音	教育部《重編國語辭典修訂本》
569	票	ㄆㄧㄠˋ	ㄆㄧㄠˋ	ㄆㄧㄠ	ㄆㄧㄠˋ、ㄆㄧㄠ	常用音優先；教育部未另標語音	教育部《重編國語辭典修訂本》
570	氣	ㄑㄧˋ	ㄑㄧˋ		ㄑㄧˋ	常用音優先；教育部未另標語音	教育部《重編國語辭典修訂本》
571	滿	ㄇㄢˇ	ㄇㄢˇ		ㄇㄢˇ	常用音優先；教育部未另標語音	教育部《重編國語辭典修訂本》
572	首	ㄕㄡˇ	ㄕㄡˇ		ㄕㄡˇ	常用音優先；教育部未另標語音	教育部《重編國語辭典修訂本》
573	輕	ㄑㄧㄥ	ㄑㄧㄥ		ㄑㄧㄥ	常用音優先；教育部未另標語音	教育部《重編國語辭典修訂本》
574	具	ㄐㄩˋ	ㄐㄩˋ		ㄐㄩˋ	常用音優先；教育部未另標語音	教育部《重編國語辭典修訂本》
575	基	ㄐㄧ	ㄐㄧ		ㄐㄧ	常用音優先；教育部未另標語音	教育部《重編國語辭典修訂本》
576	編	ㄅㄧㄢ	ㄅㄧㄢ		ㄅㄧㄢ	常用音優先；教育部未另標語音	教育部《重編國語辭典修訂本》
577	河	ㄏㄜˊ	ㄏㄜˊ		ㄏㄜˊ	常用音優先；教育部未另標語音	教育部《重編國語辭典修訂本》
578	十	ㄕˊ	ㄕˊ		ㄕˊ	常用音優先；教育部未另標語音	教育部《重編國語辭典修訂本》
579	歸	ㄍㄨㄟ	ㄍㄨㄟ	ㄎㄨㄟˋ	ㄍㄨㄟ、ㄎㄨㄟˋ	常用音優先；教育部未另標語音	教育部《重編國語辭典修訂本》
580	怪	ㄍㄨㄞˋ	ㄍㄨㄞˋ		ㄍㄨㄞˋ	常用音優先；教育部未另標語音	教育部《重編國語辭典修訂本》
581	抱	ㄅㄠˋ	ㄅㄠˋ		ㄅㄠˋ	常用音優先；教育部未另標語音	教育部《重編國語辭典修訂本》
582	草	ㄘㄠˇ	ㄘㄠˇ		ㄘㄠˇ	常用音優先；教育部未另標語音	教育部《重編國語辭典修訂本》
583	晚	ㄨㄢˇ	ㄨㄢˇ		ㄨㄢˇ	常用音優先；教育部未另標語音	教育部《重編國語辭典修訂本》
584	器	ㄑㄧˋ	ㄑㄧˋ		ㄑㄧˋ	常用音優先；教育部未另標語音	教育部《重編國語辭典修訂本》
585	圈	ㄑㄩㄢ	ㄑㄩㄢ	ㄑㄩㄢˋ、ㄐㄩㄢ、ㄐㄩㄢˋ	ㄑㄩㄢ、ㄑㄩㄢˋ、ㄐㄩㄢ、ㄐㄩㄢˋ	常用音優先；教育部未另標語音	教育部《重編國語辭典修訂本》
586	款	ㄎㄨㄢˇ	ㄎㄨㄢˇ		ㄎㄨㄢˇ	常用音優先；教育部未另標語音	教育部《重編國語辭典修訂本》
587	身	ㄕㄣ	ㄕㄣ	ㄐㄩㄢ	ㄕㄣ、ㄐㄩㄢ	常用音優先；教育部未另標語音	教育部《重編國語辭典修訂本》
588	朝	ㄔㄠˊ	ㄓㄠ		ㄓㄠ、ㄔㄠˊ	常用音優先；教育部未另標語音	教育部《重編國語辭典修訂本》
589	親	ㄑㄧㄣ	ㄑㄧㄣ	ㄑㄧㄥˋ	ㄑㄧㄣ、ㄑㄧㄥˋ	常用音優先；教育部未另標語音	教育部《重編國語辭典修訂本》
590	八	ㄅㄚ	ㄅㄚ		ㄅㄚ	常用音優先；教育部未另標語音	教育部《重編國語辭典修訂本》
591	噸	ㄉㄨㄣˋ	ㄉㄨㄣˋ		ㄉㄨㄣˋ	常用音優先；教育部未另標語音	教育部《重編國語辭典修訂本》
592	試	ㄕˋ	ㄕˋ		ㄕˋ	常用音優先；教育部未另標語音	教育部《重編國語辭典修訂本》
593	課	ㄎㄜˋ	ㄎㄜˋ		ㄎㄜˋ	常用音優先；教育部未另標語音	教育部《重編國語辭典修訂本》
594	棒	ㄅㄤˋ	ㄅㄤˋ		ㄅㄤˋ	常用音優先；教育部未另標語音	教育部《重編國語辭典修訂本》
595	貓	ㄇㄠ	ㄇㄠ		ㄇㄠ	常用音優先；教育部未另標語音	教育部《重編國語辭典修訂本》
596	藥	ㄧㄠˋ	ㄧㄠˋ		ㄧㄠˋ	常用音優先；教育部未另標語音	教育部《重編國語辭典修訂本》
597	轄	ㄒㄧㄚˊ	ㄒㄧㄚˊ		ㄒㄧㄚˊ	常用音優先；教育部未另標語音	教育部《重編國語辭典修訂本》
598	題	ㄊㄧˊ	ㄊㄧˊ		ㄊㄧˊ	常用音優先；教育部未另標語音	教育部《重編國語辭典修訂本》
599	公	ㄍㄨㄥ	ㄍㄨㄥ		ㄍㄨㄥ	常用音優先；教育部未另標語音	教育部《重編國語辭典修訂本》
600	腿	ㄊㄨㄟˇ	ㄊㄨㄟˇ		ㄊㄨㄟˇ	常用音優先；教育部未另標語音	教育部《重編國語辭典修訂本》
601	戴	ㄉㄞˋ	ㄉㄞˋ		ㄉㄞˋ	常用音優先；教育部未另標語音	教育部《重編國語辭典修訂本》
602	蘇	ㄙㄨ	ㄙㄨ		ㄙㄨ	常用音優先；教育部未另標語音	教育部《重編國語辭典修訂本》
603	託	ㄊㄨㄛ	ㄊㄨㄛ		ㄊㄨㄛ	常用音優先；教育部未另標語音	教育部《重編國語辭典修訂本》
604	甦	ㄙㄨ	ㄙㄨ		ㄙㄨ	常用音優先；教育部未另標語音	教育部《重編國語辭典修訂本》
605	雖	ㄙㄨㄟ	ㄙㄨㄟ	ㄙㄨㄟˊ	ㄙㄨㄟ、ㄙㄨㄟˊ	常用音優先；教育部未另標語音	教育部《重編國語辭典修訂本》
606	流	ㄌㄧㄡˊ	ㄌㄧㄡˊ		ㄌㄧㄡˊ	常用音優先；教育部未另標語音	教育部《重編國語辭典修訂本》
607	鐵	ㄊㄧㄝˇ	ㄊㄧㄝˇ		ㄊㄧㄝˇ	常用音優先；教育部未另標語音	教育部《重編國語辭典修訂本》
608	詩	ㄕ	ㄕ		ㄕ	常用音優先；教育部未另標語音	教育部《重編國語辭典修訂本》
609	欲	ㄩˋ	ㄩˋ		ㄩˋ	常用音優先；教育部未另標語音	教育部《重編國語辭典修訂本》
610	射	ㄕㄜˋ	ㄕㄜˋ	ㄕˊ、ㄧˋ、ㄧㄝˋ	ㄕㄜˋ、ㄕˊ、ㄧˋ、ㄧㄝˋ	常用音優先；教育部未另標語音	教育部《重編國語辭典修訂本》
611	戶	ㄏㄨˋ	ㄏㄨˋ		ㄏㄨˋ	常用音優先；教育部未另標語音	教育部《重編國語辭典修訂本》
612	聖	ㄕㄥˋ	ㄕㄥˋ		ㄕㄥˋ	常用音優先；教育部未另標語音	教育部《重編國語辭典修訂本》
613	陪	ㄆㄟˊ	ㄆㄟˊ		ㄆㄟˊ	常用音優先；教育部未另標語音	教育部《重編國語辭典修訂本》
614	鳥	ㄋㄧㄠˇ	ㄋㄧㄠˇ	ㄉㄧㄠˇ	ㄋㄧㄠˇ、ㄉㄧㄠˇ	常用音優先；教育部未另標語音	教育部《重編國語辭典修訂本》
615	哈	ㄏㄚ	ㄏㄚ	ㄏㄚˇ、ㄎㄚ	ㄏㄚ、ㄏㄚˇ、ㄎㄚ	常用音優先；教育部未另標語音	教育部《重編國語辭典修訂本》
616	慾	ㄩˋ	ㄩˋ		ㄩˋ	常用音優先；教育部未另標語音	教育部《重編國語辭典修訂本》
617	古	ㄍㄨˇ	ㄍㄨˇ		ㄍㄨˇ	常用音優先；教育部未另標語音	教育部《重編國語辭典修訂本》
618	立	ㄌㄧˋ	ㄌㄧˋ		ㄌㄧˋ	常用音優先；教育部未另標語音	教育部《重編國語辭典修訂本》
619	治	ㄓˋ	ㄔˊ		ㄓˋ、ㄔˊ	常用音優先；教育部未另標語音	教育部《重編國語辭典修訂本》
620	代	ㄉㄞˋ	ㄉㄞˋ		ㄉㄞˋ	常用音優先；教育部未另標語音	教育部《重編國語辭典修訂本》
621	飯	ㄈㄢˋ	ㄈㄢˋ		ㄈㄢˋ	常用音優先；教育部未另標語音	教育部《重編國語辭典修訂本》
622	停	ㄊㄧㄥˊ	ㄊㄧㄥˊ		ㄊㄧㄥˊ	常用音優先；教育部未另標語音	教育部《重編國語辭典修訂本》
623	族	ㄗㄨˊ	ㄗㄨˊ		ㄗㄨˊ	常用音優先；教育部未另標語音	教育部《重編國語辭典修訂本》
624	利	ㄌㄧˋ	ㄌㄧˋ		ㄌㄧˋ	常用音優先；教育部未另標語音	教育部《重編國語辭典修訂本》
625	巴	ㄅㄚ	ㄅㄚ		ㄅㄚ	常用音優先；教育部未另標語音	教育部《重編國語辭典修訂本》
626	星	ㄒㄧㄥ	ㄒㄧㄥ		ㄒㄧㄥ	常用音優先；教育部未另標語音	教育部《重編國語辭典修訂本》
627	負	ㄈㄨˋ	ㄈㄨˋ		ㄈㄨˋ	常用音優先；教育部未另標語音	教育部《重編國語辭典修訂本》
628	華	ㄏㄨㄚˊ	ㄏㄨㄚˊ	ㄏㄨㄚ、ㄏㄨㄚˋ	ㄏㄨㄚˊ、ㄏㄨㄚ、ㄏㄨㄚˋ	常用音優先；教育部未另標語音	教育部《重編國語辭典修訂本》
629	雞	ㄐㄧ	ㄐㄧ		ㄐㄧ	常用音優先；教育部未另標語音	教育部《重編國語辭典修訂本》
630	犯	ㄈㄢˋ	ㄈㄢˋ		ㄈㄢˋ	常用音優先；教育部未另標語音	教育部《重編國語辭典修訂本》
631	須	ㄒㄩ	ㄒㄩ		ㄒㄩ	常用音優先；教育部未另標語音	教育部《重編國語辭典修訂本》
632	傷	ㄕㄤ	ㄕㄤ		ㄕㄤ	常用音優先；教育部未另標語音	教育部《重編國語辭典修訂本》
633	嘴	ㄗㄨㄟˇ	ㄗㄨㄟˇ		ㄗㄨㄟˇ	常用音優先；教育部未另標語音	教育部《重編國語辭典修訂本》
634	質	ㄓˋ	ㄓˊ		ㄓˊ、ㄓˋ	常用音優先；教育部未另標語音	教育部《重編國語辭典修訂本》
635	目	ㄇㄨˋ	ㄇㄨˋ		ㄇㄨˋ	常用音優先；教育部未另標語音	教育部《重編國語辭典修訂本》
636	依	ㄧ	ㄧ		ㄧ	常用音優先；教育部未另標語音	教育部《重編國語辭典修訂本》
637	唱	ㄔㄤˋ	ㄔㄤˋ		ㄔㄤˋ	常用音優先；教育部未另標語音	教育部《重編國語辭典修訂本》
638	嚇	ㄒㄧㄚˋ	ㄏㄜˋ		ㄏㄜˋ、ㄒㄧㄚˋ	常用音優先；教育部未另標語音	教育部《重編國語辭典修訂本》
639	造	ㄗㄠˋ	ㄗㄠˋ	ㄘㄠˋ	ㄗㄠˋ、ㄘㄠˋ	常用音優先；教育部未另標語音	教育部《重編國語辭典修訂本》
640	歐	ㄡ	ㄡ	ㄡˇ	ㄡ、ㄡˇ	常用音優先；教育部未另標語音	教育部《重編國語辭典修訂本》
641	直	ㄓˊ	ㄓˊ		ㄓˊ	常用音優先；教育部未另標語音	教育部《重編國語辭典修訂本》
642	必	ㄅㄧˋ	ㄅㄧˋ		ㄅㄧˋ	常用音優先；教育部未另標語音	教育部《重編國語辭典修訂本》
643	封	ㄈㄥ	ㄈㄥ		ㄈㄥ	常用音優先；教育部未另標語音	教育部《重編國語辭典修訂本》
644	營	ㄧㄥˊ	ㄧㄥˊ		ㄧㄥˊ	常用音優先；教育部未另標語音	教育部《重編國語辭典修訂本》
645	計	ㄐㄧˋ	ㄐㄧˋ		ㄐㄧˋ	常用音優先；教育部未另標語音	教育部《重編國語辭典修訂本》
646	準	ㄓㄨㄣˇ	ㄓㄨㄣˇ		ㄓㄨㄣˇ	常用音優先；教育部未另標語音	教育部《重編國語辭典修訂本》
647	塔	ㄊㄚˇ	ㄊㄚˇ		ㄊㄚˇ	常用音優先；教育部未另標語音	教育部《重編國語辭典修訂本》
648	寬	ㄎㄨㄢ	ㄎㄨㄢ		ㄎㄨㄢ	常用音優先；教育部未另標語音	教育部《重編國語辭典修訂本》
649	含	ㄏㄢˊ	ㄏㄢˊ	ㄏㄢˋ	ㄏㄢˊ、ㄏㄢˋ	常用音優先；教育部未另標語音	教育部《重編國語辭典修訂本》
650	理	ㄌㄧˇ	ㄌㄧˇ		ㄌㄧˇ	常用音優先；教育部未另標語音	教育部《重編國語辭典修訂本》
651	章	ㄓㄤ	ㄓㄤ		ㄓㄤ	常用音優先；教育部未另標語音	教育部《重編國語辭典修訂本》
652	職	ㄓˊ	ㄓˊ		ㄓˊ	常用音優先；教育部未另標語音	教育部《重編國語辭典修訂本》
653	憑	ㄆㄧㄥˊ	ㄆㄧㄥˊ		ㄆㄧㄥˊ	常用音優先；教育部未另標語音	教育部《重編國語辭典修訂本》
654	俄	ㄜˊ	ㄜˊ		ㄜˊ	常用音優先；教育部未另標語音	教育部《重編國語辭典修訂本》
655	根	ㄍㄣ	ㄍㄣ		ㄍㄣ	常用音優先；教育部未另標語音	教育部《重編國語辭典修訂本》
656	港	ㄍㄤˇ	ㄍㄤˇ		ㄍㄤˇ	常用音優先；教育部未另標語音	教育部《重編國語辭典修訂本》
657	專	ㄓㄨㄢ	ㄓㄨㄢ		ㄓㄨㄢ	常用音優先；教育部未另標語音	教育部《重編國語辭典修訂本》
658	觀	ㄍㄨㄢ	ㄍㄨㄢ	ㄍㄨㄢˋ	ㄍㄨㄢ、ㄍㄨㄢˋ	常用音優先；教育部未另標語音	教育部《重編國語辭典修訂本》
659	載	ㄗㄞˋ	ㄗㄞˋ	ㄗㄞˇ	ㄗㄞˋ、ㄗㄞˇ	常用音優先；教育部未另標語音	教育部《重編國語辭典修訂本》
660	賽	ㄙㄞˋ	ㄙㄞˋ		ㄙㄞˋ	常用音優先；教育部未另標語音	教育部《重編國語辭典修訂本》
661	樹	ㄕㄨˋ	ㄕㄨˋ		ㄕㄨˋ	常用音優先；教育部未另標語音	教育部《重編國語辭典修訂本》
662	牆	ㄑㄧㄤˊ	ㄑㄧㄤˊ		ㄑㄧㄤˊ	常用音優先；教育部未另標語音	教育部《重編國語辭典修訂本》
663	微	ㄨㄟ	ㄨㄟˊ		ㄨㄟˊ、ㄨㄟ	常用音優先；教育部未另標語音	教育部《重編國語辭典修訂本》
664	絕	ㄐㄩㄝˊ	ㄐㄩㄝˊ		ㄐㄩㄝˊ	常用音優先；教育部未另標語音	教育部《重編國語辭典修訂本》
665	寶	ㄅㄠˇ	ㄅㄠˇ		ㄅㄠˇ	常用音優先；教育部未另標語音	教育部《重編國語辭典修訂本》
666	借	ㄐㄧㄝˋ	ㄐㄧㄝˋ		ㄐㄧㄝˋ	常用音優先；教育部未另標語音	教育部《重編國語辭典修訂本》
667	養	ㄧㄤˇ	ㄧㄤˇ	ㄧㄤˋ	ㄧㄤˇ、ㄧㄤˋ	常用音優先；教育部未另標語音	教育部《重編國語辭典修訂本》
668	搭	ㄉㄚ	ㄉㄚ		ㄉㄚ	常用音優先；教育部未另標語音	教育部《重編國語辭典修訂本》
669	杯	ㄅㄟ	ㄅㄟ		ㄅㄟ	常用音優先；教育部未另標語音	教育部《重編國語辭典修訂本》
670	輛	ㄌㄧㄤˋ	ㄌㄧㄤˋ		ㄌㄧㄤˋ	常用音優先；教育部未另標語音	教育部《重編國語辭典修訂本》
671	墻	ㄑㄧㄤˊ	ㄑㄧㄤˊ		ㄑㄧㄤˊ	常用音優先；教育部未另標語音	教育部異體條目參照正字
672	急	ㄐㄧˊ	ㄐㄧˊ		ㄐㄧˊ	常用音優先；教育部未另標語音	教育部《重編國語辭典修訂本》
673	火	ㄏㄨㄛˇ	ㄏㄨㄛˇ		ㄏㄨㄛˇ	常用音優先；教育部未另標語音	教育部《重編國語辭典修訂本》
674	修	ㄒㄧㄡ	ㄒㄧㄡ		ㄒㄧㄡ	常用音優先；教育部未另標語音	教育部《重編國語辭典修訂本》
675	界	ㄐㄧㄝˋ	ㄐㄧㄝˋ		ㄐㄧㄝˋ	常用音優先；教育部未另標語音	教育部《重編國語辭典修訂本》
676	運	ㄩㄣˋ	ㄩㄣˋ		ㄩㄣˋ	常用音優先；教育部未另標語音	教育部《重編國語辭典修訂本》
677	套	ㄊㄠˋ	ㄊㄠˋ		ㄊㄠˋ	常用音優先；教育部未另標語音	教育部《重編國語辭典修訂本》
678	吹	ㄔㄨㄟ	ㄔㄨㄟ	ㄔㄨㄟˋ	ㄔㄨㄟ、ㄔㄨㄟˋ	常用音優先；教育部未另標語音	教育部《重編國語辭典修訂本》
679	社	ㄕㄜˋ	ㄕㄜˋ		ㄕㄜˋ	常用音優先；教育部未另標語音	教育部《重編國語辭典修訂本》
680	尼	ㄋㄧˊ	ㄋㄧˊ		ㄋㄧˊ	常用音優先；教育部未另標語音	教育部《重編國語辭典修訂本》
681	脩	ㄒㄧㄡ	ㄒㄧㄡ		ㄒㄧㄡ	常用音優先；教育部未另標語音	教育部《重編國語辭典修訂本》
682	劍	ㄐㄧㄢˋ	ㄐㄧㄢˋ		ㄐㄧㄢˋ	常用音優先；教育部未另標語音	教育部《重編國語辭典修訂本》
683	呈	ㄔㄥˊ	ㄔㄥˊ		ㄔㄥˊ	常用音優先；教育部未另標語音	教育部《重編國語辭典修訂本》
684	院	ㄩㄢˋ	ㄩㄢˋ		ㄩㄢˋ	常用音優先；教育部未另標語音	教育部《重編國語辭典修訂本》
685	列	ㄌㄧㄝˋ	ㄌㄧㄝˋ		ㄌㄧㄝˋ	常用音優先；教育部未另標語音	教育部《重編國語辭典修訂本》
686	支	ㄓ	ㄓ		ㄓ	常用音優先；教育部未另標語音	教育部《重編國語辭典修訂本》
687	壓	ㄧㄚ	ㄧㄚ		ㄧㄚ	常用音優先；教育部未另標語音	教育部《重編國語辭典修訂本》
688	貴	ㄍㄨㄟˋ	ㄍㄨㄟˋ		ㄍㄨㄟˋ	常用音優先；教育部未另標語音	教育部《重編國語辭典修訂本》
689	波	ㄅㄛ	ㄅㄛ	ㄆㄛ	ㄅㄛ、ㄆㄛ	常用音優先；教育部未另標語音	教育部《重編國語辭典修訂本》
690	奧	ㄠˋ	ㄠˋ	ㄩˋ	ㄠˋ、ㄩˋ	常用音優先；教育部未另標語音	教育部《重編國語辭典修訂本》
691	納	ㄋㄚˋ	ㄋㄚˋ		ㄋㄚˋ	常用音優先；教育部未另標語音	教育部《重編國語辭典修訂本》
692	零	ㄌㄧㄥˊ	ㄌㄧㄥˊ	ㄌㄧㄢˊ	ㄌㄧㄥˊ、ㄌㄧㄢˊ	常用音優先；教育部未另標語音	教育部《重編國語辭典修訂本》
693	置	ㄓˋ	ㄓˋ		ㄓˋ	常用音優先；教育部未另標語音	教育部《重編國語辭典修訂本》
694	餘	ㄩˊ	ㄩˊ		ㄩˊ	常用音優先；教育部未另標語音	教育部《重編國語辭典修訂本》
695	架	ㄐㄧㄚˋ	ㄐㄧㄚˋ		ㄐㄧㄚˋ	常用音優先；教育部未另標語音	教育部《重編國語辭典修訂本》
696	緊	ㄐㄧㄣˇ	ㄐㄧㄣˇ		ㄐㄧㄣˇ	常用音優先；教育部未另標語音	教育部《重編國語辭典修訂本》
697	冷	ㄌㄥˇ	ㄌㄥˇ		ㄌㄥˇ	常用音優先；教育部未另標語音	教育部《重編國語辭典修訂本》
698	保	ㄅㄠˇ	ㄅㄠˇ		ㄅㄠˇ	常用音優先；教育部未另標語音	教育部《重編國語辭典修訂本》
699	升	ㄕㄥ	ㄕㄥ		ㄕㄥ	常用音優先；教育部未另標語音	教育部《重編國語辭典修訂本》
700	綠	ㄌㄩˋ	ㄌㄨˋ		ㄌㄩˋ、ㄌㄨˋ	教育部標示語音	教育部《重編國語辭典修訂本》
701	聯	ㄌㄧㄢˊ	ㄌㄧㄢˊ		ㄌㄧㄢˊ	常用音優先；教育部未另標語音	教育部《重編國語辭典修訂本》
702	跨	ㄎㄨㄚˋ	ㄎㄨㄚˋ		ㄎㄨㄚˋ	常用音優先；教育部未另標語音	教育部《重編國語辭典修訂本》
703	例	ㄌㄧˋ	ㄌㄧˋ		ㄌㄧˋ	常用音優先；教育部未另標語音	教育部《重編國語辭典修訂本》
704	慢	ㄇㄢˋ	ㄇㄢˋ		ㄇㄢˋ	常用音優先；教育部未另標語音	教育部《重編國語辭典修訂本》
705	庫	ㄎㄨˋ	ㄎㄨˋ	ㄕㄜˋ	ㄎㄨˋ、ㄕㄜˋ	常用音優先；教育部未另標語音	教育部《重編國語辭典修訂本》
706	昇	ㄕㄥ	ㄕㄥ		ㄕㄥ	常用音優先；教育部未另標語音	教育部《重編國語辭典修訂本》
707	陞	ㄕㄥ	ㄕㄥ		ㄕㄥ	常用音優先；教育部未另標語音	教育部《重編國語辭典修訂本》
708	茶	ㄔㄚˊ	ㄔㄚˊ		ㄔㄚˊ	常用音優先；教育部未另標語音	教育部《重編國語辭典修訂本》
709	菜	ㄘㄞˋ	ㄘㄞˋ		ㄘㄞˋ	常用音優先；教育部未另標語音	教育部《重編國語辭典修訂本》
710	空	ㄎㄨㄥ	ㄎㄨㄥ	ㄎㄨㄥˋ	ㄎㄨㄥ、ㄎㄨㄥˋ	常用音優先；教育部未另標語音	教育部《重編國語辭典修訂本》
711	世	ㄕˋ	ㄕˋ		ㄕˋ	常用音優先；教育部未另標語音	教育部《重編國語辭典修訂本》
712	拜	ㄅㄞˋ	ㄅㄞˋ		ㄅㄞˋ	常用音優先；教育部未另標語音	教育部《重編國語辭典修訂本》
713	端	ㄉㄨㄢ	ㄉㄨㄢ		ㄉㄨㄢ	常用音優先；教育部未另標語音	教育部《重編國語辭典修訂本》
714	尚	ㄕㄤˋ	ㄕㄤˋ		ㄕㄤˋ	常用音優先；教育部未另標語音	教育部《重編國語辭典修訂本》
715	赴	ㄈㄨˋ	ㄈㄨˋ		ㄈㄨˋ	常用音優先；教育部未另標語音	教育部《重編國語辭典修訂本》
716	哥	ㄍㄜ	ㄍㄜ		ㄍㄜ	常用音優先；教育部未另標語音	教育部《重編國語辭典修訂本》
717	致	ㄓˋ	ㄓˋ		ㄓˋ	常用音優先；教育部未另標語音	教育部《重編國語辭典修訂本》
718	鍾	ㄓㄨㄥ	ㄓㄨㄥ		ㄓㄨㄥ	常用音優先；教育部未另標語音	教育部《重編國語辭典修訂本》
719	洗	ㄒㄧˇ	ㄒㄧˇ	ㄒㄧㄢˇ	ㄒㄧˇ、ㄒㄧㄢˇ	常用音優先；教育部未另標語音	教育部《重編國語辭典修訂本》
720	戲	ㄒㄧˋ	ㄒㄧˋ	ㄏㄨ、ㄏㄨㄟ	ㄒㄧˋ、ㄏㄨ、ㄏㄨㄟ	常用音優先；教育部未另標語音	教育部《重編國語辭典修訂本》
721	演	ㄧㄢˇ	ㄧㄢˇ		ㄧㄢˇ	常用音優先；教育部未另標語音	教育部《重編國語辭典修訂本》
722	維	ㄨㄟˊ	ㄨㄟˊ		ㄨㄟˊ	常用音優先；教育部未另標語音	教育部《重編國語辭典修訂本》
723	哇	˙ㄨㄚ	ㄨㄚ		ㄨㄚ、˙ㄨㄚ	常用音優先；教育部未另標語音	教育部《重編國語辭典修訂本》
724	鐘	ㄓㄨㄥ	ㄓㄨㄥ		ㄓㄨㄥ	常用音優先；教育部未另標語音	教育部《重編國語辭典修訂本》
725	郡	ㄐㄩㄣˋ	ㄐㄩㄣˋ		ㄐㄩㄣˋ	常用音優先；教育部未另標語音	教育部《重編國語辭典修訂本》
726	刀	ㄉㄠ	ㄉㄠ		ㄉㄠ	常用音優先；教育部未另標語音	教育部《重編國語辭典修訂本》
727	橋	ㄑㄧㄠˊ	ㄑㄧㄠˊ		ㄑㄧㄠˊ	常用音優先；教育部未另標語音	教育部《重編國語辭典修訂本》
728	形	ㄒㄧㄥˊ	ㄒㄧㄥˊ		ㄒㄧㄥˊ	常用音優先；教育部未另標語音	教育部《重編國語辭典修訂本》
729	句	ㄐㄩˋ	ㄐㄩˋ	ㄍㄡ、ㄍㄡˋ	ㄐㄩˋ、ㄍㄡ、ㄍㄡˋ	常用音優先；教育部未另標語音	教育部《重編國語辭典修訂本》
730	考	ㄎㄠˇ	ㄎㄠˇ		ㄎㄠˇ	常用音優先；教育部未另標語音	教育部《重編國語辭典修訂本》
731	解	ㄐㄧㄝˇ	ㄐㄧㄝˇ	ㄐㄧㄝˋ、ㄒㄧㄝˋ	ㄐㄧㄝˇ、ㄐㄧㄝˋ、ㄒㄧㄝˋ	常用音優先；教育部未另標語音	教育部《重編國語辭典修訂本》
732	劉	ㄌㄧㄡˊ	ㄌㄧㄡˊ		ㄌㄧㄡˊ	常用音優先；教育部未另標語音	教育部《重編國語辭典修訂本》
733	引	ㄧㄣˇ	ㄧㄣˇ		ㄧㄣˇ	常用音優先；教育部未另標語音	教育部《重編國語辭典修訂本》
734	板	ㄅㄢˇ	ㄅㄢˇ		ㄅㄢˇ	常用音優先；教育部未另標語音	教育部《重編國語辭典修訂本》
735	逃	ㄊㄠˊ	ㄊㄠˊ		ㄊㄠˊ	常用音優先；教育部未另標語音	教育部《重編國語辭典修訂本》
736	廣	ㄍㄨㄤˇ	ㄍㄨㄤˇ		ㄍㄨㄤˇ	常用音優先；教育部未另標語音	教育部《重編國語辭典修訂本》
737	結	ㄐㄧㄝˊ	ㄐㄧㄝˊ	ㄐㄧㄝ	ㄐㄧㄝˊ、ㄐㄧㄝ	常用音優先；教育部未另標語音	教育部《重編國語辭典修訂本》
738	參	ㄘㄢ	ㄘㄢ	ㄕㄣ、ㄘㄣ、ㄙㄢ	ㄘㄢ、ㄕㄣ、ㄘㄣ、ㄙㄢ	常用音優先；教育部未另標語音	教育部《重編國語辭典修訂本》
739	藍	ㄌㄢˊ	ㄌㄢˊ		ㄌㄢˊ	常用音優先；教育部未另標語音	教育部《重編國語辭典修訂本》
740	伊	ㄧ	ㄧ		ㄧ	常用音優先；教育部未另標語音	教育部《重編國語辭典修訂本》
741	碼	ㄇㄚˇ	ㄇㄚˇ		ㄇㄚˇ	常用音優先；教育部未另標語音	教育部《重編國語辭典修訂本》
742	闆	ㄅㄢˇ	ㄅㄢˇ		ㄅㄢˇ	常用音優先；教育部未另標語音	教育部《重編國語辭典修訂本》
743	降	ㄐㄧㄤˋ	ㄐㄧㄤˋ	ㄒㄧㄤˊ	ㄐㄧㄤˋ、ㄒㄧㄤˊ	常用音優先；教育部未另標語音	教育部《重編國語辭典修訂本》
744	易	ㄧˋ	ㄧˋ		ㄧˋ	常用音優先；教育部未另標語音	教育部《重編國語辭典修訂本》
745	擺	ㄅㄞˇ	ㄅㄞˇ		ㄅㄞˇ	常用音優先；教育部未另標語音	教育部《重編國語辭典修訂本》
746	術	ㄕㄨˋ	ㄕㄨˋ	ㄙㄨㄟˋ	ㄕㄨˋ、ㄙㄨㄟˋ	常用音優先；教育部未另標語音	教育部《重編國語辭典修訂本》
747	倆	ㄌㄧㄚˇ	ㄌㄧㄤˇ		ㄌㄧㄤˇ、ㄌㄧㄚˇ	常用音優先；教育部未另標語音	教育部《重編國語辭典修訂本》
748	稅	ㄕㄨㄟˋ	ㄕㄨㄟˋ		ㄕㄨㄟˋ	常用音優先；教育部未另標語音	教育部《重編國語辭典修訂本》
749	朮	ㄓㄨˊ	ㄓㄨˊ		ㄓㄨˊ	常用音優先；教育部未另標語音	教育部《重編國語辭典修訂本》
750	襬	ㄅㄞˇ	ㄅㄟ		ㄅㄟ、ㄅㄞˇ	常用音優先；教育部未另標語音	教育部《重編國語辭典修訂本》
751	楊	ㄧㄤˊ	ㄧㄤˊ		ㄧㄤˊ	常用音優先；教育部未另標語音	教育部《重編國語辭典修訂本》
752	眾	ㄓㄨㄥˋ	ㄓㄨㄥˋ		ㄓㄨㄥˋ	常用音優先；教育部未另標語音	教育部《重編國語辭典修訂本》
753	右	ㄧㄡˋ	ㄧㄡˋ		ㄧㄡˋ	常用音優先；教育部未另標語音	教育部《重編國語辭典修訂本》
754	硬	ㄧㄥˋ	ㄧㄥˋ		ㄧㄥˋ	常用音優先；教育部未另標語音	教育部《重編國語辭典修訂本》
755	蓋	ㄍㄞˋ	ㄍㄞˋ	ㄍㄜˇ、ㄏㄜˊ	ㄍㄞˋ、ㄍㄜˇ、ㄏㄜˊ	常用音優先；教育部未另標語音	教育部《重編國語辭典修訂本》
756	夫	ㄈㄨ	ㄈㄨ	ㄈㄨˊ	ㄈㄨ、ㄈㄨˊ	常用音優先；教育部未另標語音	教育部《重編國語辭典修訂本》
757	毀	ㄏㄨㄟˇ	ㄏㄨㄟˇ		ㄏㄨㄟˇ	常用音優先；教育部未另標語音	教育部《重編國語辭典修訂本》
758	搬	ㄅㄢ	ㄅㄢ		ㄅㄢ	常用音優先；教育部未另標語音	教育部《重編國語辭典修訂本》
759	吻	ㄨㄣˇ	ㄨㄣˇ		ㄨㄣˇ	常用音優先；教育部未另標語音	教育部《重編國語辭典修訂本》
760	劇	ㄐㄩˋ	ㄐㄩˋ	ㄐㄧˊ	ㄐㄩˋ、ㄐㄧˊ	常用音優先；教育部未另標語音	教育部《重編國語辭典修訂本》
761	瘋	ㄈㄥ	ㄈㄥ		ㄈㄥ	常用音優先；教育部未另標語音	教育部《重編國語辭典修訂本》
762	幣	ㄅㄧˋ	ㄅㄧˋ		ㄅㄧˋ	常用音優先；教育部未另標語音	教育部《重編國語辭典修訂本》
763	背	ㄅㄟˋ	ㄅㄟˋ	ㄅㄟ	ㄅㄟˋ、ㄅㄟ	常用音優先；教育部未另標語音	教育部《重編國語辭典修訂本》
764	民	ㄇㄧㄣˊ	ㄇㄧㄣˊ		ㄇㄧㄣˊ	常用音優先；教育部未另標語音	教育部《重編國語辭典修訂本》
765	何	ㄏㄜˊ	ㄏㄜˊ		ㄏㄜˊ	常用音優先；教育部未另標語音	教育部《重編國語辭典修訂本》
766	答	ㄉㄚˊ	ㄉㄚˊ	ㄉㄚ	ㄉㄚˊ、ㄉㄚ	常用音優先；教育部未另標語音	教育部《重編國語辭典修訂本》
767	奇	ㄑㄧˊ	ㄑㄧˊ	ㄐㄧ	ㄑㄧˊ、ㄐㄧ	常用音優先；教育部未另標語音	教育部《重編國語辭典修訂本》
768	步	ㄅㄨˋ	ㄅㄨˋ		ㄅㄨˋ	常用音優先；教育部未另標語音	教育部《重編國語辭典修訂本》
769	持	ㄔˊ	ㄔˊ		ㄔˊ	常用音優先；教育部未另標語音	教育部《重編國語辭典修訂本》
770	爭	ㄓㄥ	ㄓㄥ		ㄓㄥ	常用音優先；教育部未另標語音	教育部《重編國語辭典修訂本》
771	躺	ㄊㄤˇ	ㄊㄤˇ		ㄊㄤˇ	常用音優先；教育部未另標語音	教育部《重編國語辭典修訂本》
772	創	ㄔㄨㄤˋ	ㄔㄨㄤˋ	ㄔㄨㄤ	ㄔㄨㄤˋ、ㄔㄨㄤ	常用音優先；教育部未另標語音	教育部《重編國語辭典修訂本》
773	餓	ㄜˋ	ㄜˋ		ㄜˋ	常用音優先；教育部未另標語音	教育部《重編國語辭典修訂本》
774	曰	ㄩㄝ	ㄩㄝ		ㄩㄝ	常用音優先；教育部未另標語音	教育部《重編國語辭典修訂本》
775	頂	ㄉㄧㄥˇ	ㄉㄧㄥˇ		ㄉㄧㄥˇ	常用音優先；教育部未另標語音	教育部《重編國語辭典修訂本》
776	舉	ㄐㄩˇ	ㄐㄩˇ		ㄐㄩˇ	常用音優先；教育部未另標語音	教育部《重編國語辭典修訂本》
777	決	ㄐㄩㄝˊ	ㄐㄩㄝˊ		ㄐㄩㄝˊ	常用音優先；教育部未另標語音	教育部《重編國語辭典修訂本》
778	顯	ㄒㄧㄢˇ	ㄒㄧㄢˇ		ㄒㄧㄢˇ	常用音優先；教育部未另標語音	教育部《重編國語辭典修訂本》
779	摸	ㄇㄛ	ㄇㄛ	ㄇㄠ、ㄇㄛˊ	ㄇㄛ、ㄇㄠ、ㄇㄛˊ	常用音優先；教育部未另標語音	教育部《重編國語辭典修訂本》
780	客	ㄎㄜˋ	ㄎㄜˋ		ㄎㄜˋ	常用音優先；教育部未另標語音	教育部《重編國語辭典修訂本》
781	恨	ㄏㄣˋ	ㄏㄣˋ		ㄏㄣˋ	常用音優先；教育部未另標語音	教育部《重編國語辭典修訂本》
782	環	ㄏㄨㄢˊ	ㄏㄨㄢˊ		ㄏㄨㄢˊ	常用音優先；教育部未另標語音	教育部《重編國語辭典修訂本》
783	煙	ㄧㄢ	ㄧㄢ		ㄧㄢ	常用音優先；教育部未另標語音	教育部《重編國語辭典修訂本》
784	商	ㄕㄤ	ㄕㄤ		ㄕㄤ	常用音優先；教育部未另標語音	教育部《重編國語辭典修訂本》
785	排	ㄆㄞˊ	ㄆㄞˊ	ㄆㄞˇ	ㄆㄞˊ、ㄆㄞˇ	常用音優先；教育部未另標語音	教育部《重編國語辭典修訂本》
786	證	ㄓㄥˋ	ㄓㄥˋ		ㄓㄥˋ	常用音優先；教育部未另標語音	教育部《重編國語辭典修訂本》
787	床	ㄔㄨㄤˊ	ㄔㄨㄤˊ		ㄔㄨㄤˊ	常用音優先；教育部未另標語音	教育部《重編國語辭典修訂本》
788	配	ㄆㄟˋ	ㄆㄟˋ		ㄆㄟˋ	常用音優先；教育部未另標語音	教育部《重編國語辭典修訂本》
789	祝	ㄓㄨˋ	ㄓㄨˋ		ㄓㄨˋ	常用音優先；教育部未另標語音	教育部《重編國語辭典修訂本》
790	菸	ㄧㄢ	ㄧㄢ	ㄩˊ	ㄧㄢ、ㄩˊ	常用音優先；教育部未另標語音	教育部《重編國語辭典修訂本》
791	斷	ㄉㄨㄢˋ	ㄉㄨㄢˋ		ㄉㄨㄢˋ	常用音優先；教育部未另標語音	教育部《重編國語辭典修訂本》
792	司	ㄙ	ㄙ		ㄙ	常用音優先；教育部未另標語音	教育部《重編國語辭典修訂本》
793	趕	ㄍㄢˇ	ㄍㄢˇ		ㄍㄢˇ	常用音優先；教育部未另標語音	教育部《重編國語辭典修訂本》
794	害	ㄏㄞˋ	ㄏㄞˋ	ㄏㄜˊ	ㄏㄞˋ、ㄏㄜˊ	常用音優先；教育部未另標語音	教育部《重編國語辭典修訂本》
795	拖	ㄊㄨㄛ	ㄊㄨㄛ		ㄊㄨㄛ	常用音優先；教育部未另標語音	教育部《重編國語辭典修訂本》
796	魯	ㄌㄨˇ	ㄌㄨˇ		ㄌㄨˇ	常用音優先；教育部未另標語音	教育部《重編國語辭典修訂本》
797	居	ㄐㄩ	ㄐㄩ	ㄐㄧ	ㄐㄩ、ㄐㄧ	常用音優先；教育部未另標語音	教育部《重編國語辭典修訂本》
798	葉	ㄧㄝˋ	ㄧㄝˋ	ㄕㄜˋ	ㄧㄝˋ、ㄕㄜˋ	常用音優先；教育部未另標語音	教育部《重編國語辭典修訂本》
799	夜	ㄧㄝˋ	ㄧㄝˋ		ㄧㄝˋ	常用音優先；教育部未另標語音	教育部《重編國語辭典修訂本》
800	脫	ㄊㄨㄛ	ㄊㄨㄛ	ㄊㄨㄟˋ	ㄊㄨㄛ、ㄊㄨㄟˋ	常用音優先；教育部未另標語音	教育部《重編國語辭典修訂本》
801	魔	ㄇㄛˊ	ㄇㄛˊ		ㄇㄛˊ	常用音優先；教育部未另標語音	教育部《重編國語辭典修訂本》
802	趙	ㄓㄠˋ	ㄓㄠˋ		ㄓㄠˋ	常用音優先；教育部未另標語音	教育部《重編國語辭典修訂本》
803	謝	ㄒㄧㄝˋ	ㄒㄧㄝˋ		ㄒㄧㄝˋ	常用音優先；教育部未另標語音	教育部《重編國語辭典修訂本》
804	純	ㄔㄨㄣˊ	ㄔㄨㄣˊ	ㄓㄨㄣˇ	ㄔㄨㄣˊ、ㄓㄨㄣˇ	常用音優先；教育部未另標語音	教育部《重編國語辭典修訂本》
805	譜	ㄆㄨˇ	ㄆㄨˇ		ㄆㄨˇ	常用音優先；教育部未另標語音	教育部《重編國語辭典修訂本》
806	貨	ㄏㄨㄛˋ	ㄏㄨㄛˋ		ㄏㄨㄛˋ	常用音優先；教育部未另標語音	教育部《重編國語辭典修訂本》
807	錄	ㄌㄨˋ	ㄌㄨˋ		ㄌㄨˋ	常用音優先；教育部未另標語音	教育部《重編國語辭典修訂本》
808	彔	ㄌㄨˋ	ㄌㄨˋ		ㄌㄨˋ	常用音優先；教育部未另標語音	教育部《重編國語辭典修訂本》
809	退	ㄊㄨㄟˋ	ㄊㄨㄟˋ		ㄊㄨㄟˋ	常用音優先；教育部未另標語音	教育部《重編國語辭典修訂本》
810	騎	ㄑㄧˊ	ㄑㄧˊ	ㄐㄧˋ	ㄑㄧˊ、ㄐㄧˋ	常用音優先；教育部未另標語音	教育部《重編國語辭典修訂本》
811	撞	ㄓㄨㄤˋ	ㄔㄨㄤˊ		ㄓㄨㄤˋ、ㄔㄨㄤˊ	教育部標示語音	教育部《重編國語辭典修訂本》
812	谷	ㄍㄨˇ	ㄍㄨˇ	ㄩˋ	ㄍㄨˇ、ㄩˋ	常用音優先；教育部未另標語音	教育部《重編國語辭典修訂本》
813	滾	ㄍㄨㄣˇ	ㄍㄨㄣˇ		ㄍㄨㄣˇ	常用音優先；教育部未另標語音	教育部《重編國語辭典修訂本》
814	額	ㄜˊ	ㄜˊ	ㄜˋ	ㄜˊ、ㄜˋ	常用音優先；教育部未另標語音	教育部《重編國語辭典修訂本》
815	樣	ㄧㄤˋ	ㄧㄤˋ	ㄒㄧㄤˋ	ㄧㄤˋ、ㄒㄧㄤˋ	常用音優先；教育部未另標語音	教育部《重編國語辭典修訂本》
816	碰	ㄆㄥˋ	ㄆㄥˋ		ㄆㄥˋ	常用音優先；教育部未另標語音	教育部《重編國語辭典修訂本》
817	穀	ㄍㄨˇ	ㄍㄨˇ		ㄍㄨˇ	常用音優先；教育部未另標語音	教育部《重編國語辭典修訂本》
818	足	ㄗㄨˊ	ㄗㄨˊ	ㄐㄩˋ	ㄗㄨˊ、ㄐㄩˋ	常用音優先；教育部未另標語音	教育部《重編國語辭典修訂本》
819	宮	ㄍㄨㄥ	ㄍㄨㄥ		ㄍㄨㄥ	常用音優先；教育部未另標語音	教育部《重編國語辭典修訂本》
820	銀	ㄧㄣˊ	ㄧㄣˊ		ㄧㄣˊ	常用音優先；教育部未另標語音	教育部《重編國語辭典修訂本》
821	油	ㄧㄡˊ	ㄧㄡˊ		ㄧㄡˊ	常用音優先；教育部未另標語音	教育部《重編國語辭典修訂本》
822	批	ㄆㄧ	ㄆㄧ		ㄆㄧ	常用音優先；教育部未另標語音	教育部《重編國語辭典修訂本》
823	翻	ㄈㄢ	ㄈㄢ		ㄈㄢ	常用音優先；教育部未另標語音	教育部《重編國語辭典修訂本》
824	喊	ㄏㄢˇ	ㄏㄢˇ		ㄏㄢˇ	常用音優先；教育部未另標語音	教育部《重編國語辭典修訂本》
825	呆	ㄉㄞ	ㄉㄞ	ㄞˊ	ㄉㄞ、ㄞˊ	常用音優先；教育部未另標語音	教育部《重編國語辭典修訂本》
826	念	ㄋㄧㄢˋ	ㄋㄧㄢˋ		ㄋㄧㄢˋ	常用音優先；教育部未另標語音	教育部《重編國語辭典修訂本》
827	盤	ㄆㄢˊ	ㄆㄢˊ		ㄆㄢˊ	常用音優先；教育部未另標語音	教育部《重編國語辭典修訂本》
828	工	ㄍㄨㄥ	ㄍㄨㄥ		ㄍㄨㄥ	常用音優先；教育部未另標語音	教育部《重編國語辭典修訂本》
829	松	ㄙㄨㄥ	ㄙㄨㄥ		ㄙㄨㄥ	常用音優先；教育部未另標語音	教育部《重編國語辭典修訂本》
830	牌	ㄆㄞˊ	ㄆㄞˊ		ㄆㄞˊ	常用音優先；教育部未另標語音	教育部《重編國語辭典修訂本》
831	莫	ㄇㄛˋ	ㄇㄛˋ	ㄇㄨˋ	ㄇㄛˋ、ㄇㄨˋ	常用音優先；教育部未另標語音	教育部《重編國語辭典修訂本》
832	抽	ㄔㄡ	ㄔㄡ		ㄔㄡ	常用音優先；教育部未另標語音	教育部《重編國語辭典修訂本》
833	偷	ㄊㄡ	ㄊㄡ		ㄊㄡ	常用音優先；教育部未另標語音	教育部《重編國語辭典修訂本》
834	傻	ㄕㄚˇ	ㄕㄚˇ		ㄕㄚˇ	常用音優先；教育部未另標語音	教育部《重編國語辭典修訂本》
835	購	ㄍㄡˋ	ㄍㄡˋ		ㄍㄡˋ	常用音優先；教育部未另標語音	教育部《重編國語辭典修訂本》
836	贊	ㄗㄢˋ	ㄗㄢˋ		ㄗㄢˋ	常用音優先；教育部未另標語音	教育部《重編國語辭典修訂本》
837	唸	ㄋㄧㄢˋ	ㄋㄧㄢˋ		ㄋㄧㄢˋ	常用音優先；教育部未另標語音	教育部《重編國語辭典修訂本》
838	落	ㄌㄨㄛˋ	ㄌㄨㄛˋ	ㄌㄠˋ、ㄌㄚˋ	ㄌㄨㄛˋ、ㄌㄠˋ、ㄌㄚˋ	常用音優先；教育部未另標語音	教育部《重編國語辭典修訂本》
839	底	ㄉㄧˇ	ㄉㄧˇ	˙ㄉㄜ	ㄉㄧˇ、˙ㄉㄜ	常用音優先；教育部未另標語音	教育部《重編國語辭典修訂本》
840	插	ㄔㄚ	ㄔㄚ		ㄔㄚ	常用音優先；教育部未另標語音	教育部《重編國語辭典修訂本》
841	千	ㄑㄧㄢ	ㄑㄧㄢ		ㄑㄧㄢ	常用音優先；教育部未另標語音	教育部《重編國語辭典修訂本》
842	然	ㄖㄢˊ	ㄖㄢˊ		ㄖㄢˊ	常用音優先；教育部未另標語音	教育部《重編國語辭典修訂本》
843	價	ㄐㄧㄚˋ	ㄐㄧㄚˋ	˙ㄍㄚ	ㄐㄧㄚˋ、˙ㄍㄚ	常用音優先；教育部未另標語音	教育部《重編國語辭典修訂本》
844	塞	ㄙㄞ	ㄙㄜˋ	ㄙㄟ、ㄙㄞˋ	ㄙㄜˋ、ㄙㄟ、ㄙㄞˋ、ㄙㄞ	常用音優先；教育部未另標語音	教育部《重編國語辭典修訂本》
845	頓	ㄉㄨㄣˋ	ㄉㄨㄣˋ	ㄉㄨˊ	ㄉㄨㄣˋ、ㄉㄨˊ	常用音優先；教育部未另標語音	教育部《重編國語辭典修訂本》
846	獸	ㄕㄡˋ	ㄕㄡˋ		ㄕㄡˋ	常用音優先；教育部未另標語音	教育部《重編國語辭典修訂本》
847	刷	ㄕㄨㄚ	ㄕㄨㄚ	ㄕㄨㄚˋ	ㄕㄨㄚ、ㄕㄨㄚˋ	常用音優先；教育部未另標語音	教育部《重編國語辭典修訂本》
848	逾	ㄩˊ	ㄩˊ		ㄩˊ	常用音優先；教育部未另標語音	教育部《重編國語辭典修訂本》
849	踰	ㄩˊ	ㄩˊ		ㄩˊ	常用音優先；教育部未另標語音	教育部《重編國語辭典修訂本》
850	竟	ㄐㄧㄥˋ	ㄐㄧㄥˋ		ㄐㄧㄥˋ	常用音優先；教育部未另標語音	教育部《重編國語辭典修訂本》
851	怎	ㄗㄣˇ	ㄗㄣˇ	ㄗㄜˇ	ㄗㄣˇ、ㄗㄜˇ	常用音優先；教育部未另標語音	教育部《重編國語辭典修訂本》
852	源	ㄩㄢˊ	ㄩㄢˊ		ㄩㄢˊ	常用音優先；教育部未另標語音	教育部《重編國語辭典修訂本》
853	資	ㄗ	ㄗ		ㄗ	常用音優先；教育部未另標語音	教育部《重編國語辭典修訂本》
854	乃	ㄋㄞˇ	ㄋㄞˇ		ㄋㄞˇ	常用音優先；教育部未另標語音	教育部《重編國語辭典修訂本》
855	訊	ㄒㄩㄣˋ	ㄒㄩㄣˋ		ㄒㄩㄣˋ	常用音優先；教育部未另標語音	教育部《重編國語辭典修訂本》
856	痛	ㄊㄨㄥˋ	ㄊㄨㄥˋ		ㄊㄨㄥˋ	常用音優先；教育部未另標語音	教育部《重編國語辭典修訂本》
857	志	ㄓˋ	ㄓˋ		ㄓˋ	常用音優先；教育部未另標語音	教育部《重編國語辭典修訂本》
858	恩	ㄣ	ㄣ		ㄣ	常用音優先；教育部未另標語音	教育部《重編國語辭典修訂本》
859	累	ㄌㄟˋ	ㄌㄟˇ	ㄌㄟˊ	ㄌㄟˇ、ㄌㄟˋ、ㄌㄟˊ	常用音優先；教育部未另標語音	教育部《重編國語辭典修訂本》
860	料	ㄌㄧㄠˋ	ㄌㄧㄠˋ		ㄌㄧㄠˋ	常用音優先；教育部未另標語音	教育部《重編國語辭典修訂本》
861	認	ㄖㄣˋ	ㄖㄣˋ		ㄖㄣˋ	常用音優先；教育部未另標語音	教育部《重編國語辭典修訂本》
862	付	ㄈㄨˋ	ㄈㄨˋ		ㄈㄨˋ	常用音優先；教育部未另標語音	教育部《重編國語辭典修訂本》
863	諾	ㄋㄨㄛˋ	ㄋㄨㄛˋ		ㄋㄨㄛˋ	常用音優先；教育部未另標語音	教育部《重編國語辭典修訂本》
864	湖	ㄏㄨˊ	ㄏㄨˊ		ㄏㄨˊ	常用音優先；教育部未另標語音	教育部《重編國語辭典修訂本》
865	望	ㄨㄤˋ	ㄨㄤˋ		ㄨㄤˋ	常用音優先；教育部未另標語音	教育部《重編國語辭典修訂本》
866	瞧	ㄑㄧㄠˊ	ㄑㄧㄠˊ		ㄑㄧㄠˊ	常用音優先；教育部未另標語音	教育部《重編國語辭典修訂本》
867	香	ㄒㄧㄤ	ㄒㄧㄤ		ㄒㄧㄤ	常用音優先；教育部未另標語音	教育部《重編國語辭典修訂本》
868	雨	ㄩˇ	ㄩˇ	ㄩˋ	ㄩˇ、ㄩˋ	常用音優先；教育部未另標語音	教育部《重編國語辭典修訂本》
869	核	ㄏㄜˊ	ㄏㄜˊ		ㄏㄜˊ	常用音優先；教育部未另標語音	教育部《重編國語辭典修訂本》
870	精	ㄐㄧㄥ	ㄐㄧㄥ		ㄐㄧㄥ	常用音優先；教育部未另標語音	教育部《重編國語辭典修訂本》
871	蛋	ㄉㄢˋ	ㄉㄢˋ		ㄉㄢˋ	常用音優先；教育部未另標語音	教育部《重編國語辭典修訂本》
872	紙	ㄓˇ	ㄓˇ		ㄓˇ	常用音優先；教育部未另標語音	教育部《重編國語辭典修訂本》
873	般	ㄅㄢ	ㄅㄢ	ㄆㄢˊ、ㄅㄛ	ㄅㄢ、ㄆㄢˊ、ㄅㄛ	常用音優先；教育部未另標語音	教育部《重編國語辭典修訂本》
874	品	ㄆㄧㄣˇ	ㄆㄧㄣˇ		ㄆㄧㄣˇ	常用音優先；教育部未另標語音	教育部《重編國語辭典修訂本》
875	坑	ㄎㄥ	ㄎㄥ		ㄎㄥ	常用音優先；教育部未另標語音	教育部《重編國語辭典修訂本》
876	綁	ㄅㄤˇ	ㄅㄤˇ		ㄅㄤˇ	常用音優先；教育部未另標語音	教育部《重編國語辭典修訂本》
877	石	ㄕˊ	ㄕˊ	ㄉㄢˋ	ㄕˊ、ㄉㄢˋ	常用音優先；教育部未另標語音	教育部《重編國語辭典修訂本》
878	皮	ㄆㄧˊ	ㄆㄧˊ		ㄆㄧˊ	常用音優先；教育部未另標語音	教育部《重編國語辭典修訂本》
879	京	ㄐㄧㄥ	ㄐㄧㄥ	ㄩㄢˊ	ㄐㄧㄥ、ㄩㄢˊ	常用音優先；教育部未另標語音	教育部《重編國語辭典修訂本》
880	田	ㄊㄧㄢˊ	ㄊㄧㄢˊ		ㄊㄧㄢˊ	常用音優先；教育部未另標語音	教育部《重編國語辭典修訂本》
881	響	ㄒㄧㄤˇ	ㄒㄧㄤˇ		ㄒㄧㄤˇ	常用音優先；教育部未另標語音	教育部《重編國語辭典修訂本》
882	爬	ㄆㄚˊ	ㄆㄚˊ		ㄆㄚˊ	常用音優先；教育部未另標語音	教育部《重編國語辭典修訂本》
883	百	ㄅㄞˇ	ㄅㄛˊ		ㄅㄞˇ、ㄅㄛˊ	教育部標示語音	教育部《重編國語辭典修訂本》
884	筆	ㄅㄧˇ	ㄅㄧˇ		ㄅㄧˇ	常用音優先；教育部未另標語音	教育部《重編國語辭典修訂本》
885	防	ㄈㄤˊ	ㄈㄤˊ		ㄈㄤˊ	常用音優先；教育部未另標語音	教育部《重編國語辭典修訂本》
886	狼	ㄌㄤˊ	ㄌㄤˊ		ㄌㄤˊ	常用音優先；教育部未另標語音	教育部《重編國語辭典修訂本》
887	繼	ㄐㄧˋ	ㄐㄧˋ		ㄐㄧˋ	常用音優先；教育部未另標語音	教育部《重編國語辭典修訂本》
888	歷	ㄌㄧˋ	ㄌㄧˋ		ㄌㄧˋ	常用音優先；教育部未另標語音	教育部《重編國語辭典修訂本》
889	季	ㄐㄧˋ	ㄐㄧˋ		ㄐㄧˋ	常用音優先；教育部未另標語音	教育部《重編國語辭典修訂本》
890	籤	ㄑㄧㄢ	ㄑㄧㄢ		ㄑㄧㄢ	常用音優先；教育部未另標語音	教育部《重編國語辭典修訂本》
891	厤	ㄌㄧˋ	ㄌㄧˋ		ㄌㄧˋ	常用音優先；教育部未另標語音	教育部《重編國語辭典修訂本》
892	曆	ㄌㄧˋ	ㄌㄧˋ		ㄌㄧˋ	常用音優先；教育部未另標語音	教育部《重編國語辭典修訂本》
893	簽	ㄑㄧㄢ	ㄑㄧㄢ		ㄑㄧㄢ	常用音優先；教育部未另標語音	教育部《重編國語辭典修訂本》
894	兵	ㄅㄧㄥ	ㄅㄧㄥ		ㄅㄧㄥ	常用音優先；教育部未另標語音	教育部《重編國語辭典修訂本》
895	青	ㄑㄧㄥ	ㄑㄧㄥ	ㄐㄧㄥ	ㄑㄧㄥ、ㄐㄧㄥ	常用音優先；教育部未另標語音	教育部《重編國語辭典修訂本》
896	糖	ㄊㄤˊ	ㄊㄤˊ		ㄊㄤˊ	常用音優先；教育部未另標語音	教育部《重編國語辭典修訂本》
897	許	ㄒㄩˇ	ㄒㄩˇ	ㄏㄨˇ	ㄒㄩˇ、ㄏㄨˇ	常用音優先；教育部未另標語音	教育部《重編國語辭典修訂本》
898	福	ㄈㄨˊ	ㄈㄨˊ		ㄈㄨˊ	常用音優先；教育部未另標語音	教育部《重編國語辭典修訂本》
899	監	ㄐㄧㄢ	ㄐㄧㄢ	ㄐㄧㄢˋ	ㄐㄧㄢ、ㄐㄧㄢˋ	常用音優先；教育部未另標語音	教育部《重編國語辭典修訂本》
900	舔	ㄊㄧㄢˇ	ㄊㄧㄢˇ		ㄊㄧㄢˇ	常用音優先；教育部未另標語音	教育部《重編國語辭典修訂本》
901	妳	ㄋㄧˇ	ㄋㄧˇ		ㄋㄧˇ	常用音優先；教育部未另標語音	教育部《重編國語辭典修訂本》
902	醣	ㄊㄤˊ	ㄊㄤˊ		ㄊㄤˊ	常用音優先；教育部未另標語音	教育部《重編國語辭典修訂本》
903	甚	ㄕㄣˋ	ㄕㄣˋ	ㄕㄣˊ、ㄕㄜˊ	ㄕㄣˋ、ㄕㄣˊ、ㄕㄜˊ	常用音優先；教育部未另標語音	教育部《重編國語辭典修訂本》
904	眼	ㄧㄢˇ	ㄧㄢˇ		ㄧㄢˇ	常用音優先；教育部未另標語音	教育部《重編國語辭典修訂本》
905	土	ㄊㄨˇ	ㄊㄨˇ		ㄊㄨˇ	常用音優先；教育部未另標語音	教育部《重編國語辭典修訂本》
906	洞	ㄉㄨㄥˋ	ㄉㄨㄥˋ	ㄊㄨㄥˊ	ㄉㄨㄥˋ、ㄊㄨㄥˊ	常用音優先；教育部未另標語音	教育部《重編國語辭典修訂本》
907	勝	ㄕㄥˋ	ㄕㄥˋ	ㄕㄥ	ㄕㄥˋ、ㄕㄥ	常用音優先；教育部未另標語音	教育部《重編國語辭典修訂本》
908	旁	ㄆㄤˊ	ㄆㄤˊ	ㄅㄤˋ	ㄆㄤˊ、ㄅㄤˋ	常用音優先；教育部未另標語音	教育部《重編國語辭典修訂本》
909	燒	ㄕㄠ	ㄕㄠ		ㄕㄠ	常用音優先；教育部未另標語音	教育部《重編國語辭典修訂本》
910	略	ㄌㄩㄝˋ	ㄌㄩㄝˋ		ㄌㄩㄝˋ	常用音優先；教育部未另標語音	教育部《重編國語辭典修訂本》
911	彈	ㄉㄢˋ	ㄉㄢˋ	ㄊㄢˊ	ㄉㄢˋ、ㄊㄢˊ	常用音優先；教育部未另標語音	教育部《重編國語辭典修訂本》
912	丁	ㄉㄧㄥ	ㄉㄧㄥ	ㄓㄥ	ㄉㄧㄥ、ㄓㄥ	常用音優先；教育部未另標語音	教育部《重編國語辭典修訂本》
913	踢	ㄊㄧ	ㄊㄧ		ㄊㄧ	常用音優先；教育部未另標語音	教育部《重編國語辭典修訂本》
914	鏈	ㄌㄧㄢˋ	ㄌㄧㄢˋ		ㄌㄧㄢˋ	常用音優先；教育部未另標語音	教育部《重編國語辭典修訂本》
915	絲	ㄙ	ㄙ		ㄙ	常用音優先；教育部未另標語音	教育部《重編國語辭典修訂本》
916	舞	ㄨˇ	ㄨˇ		ㄨˇ	常用音優先；教育部未另標語音	教育部《重編國語辭典修訂本》
917	備	ㄅㄟˋ	ㄅㄟˋ		ㄅㄟˋ	常用音優先；教育部未另標語音	教育部《重編國語辭典修訂本》
918	搜	ㄙㄡ	ㄙㄡ		ㄙㄡ	常用音優先；教育部未另標語音	教育部《重編國語辭典修訂本》
919	灣	ㄨㄢ	ㄨㄢ		ㄨㄢ	常用音優先；教育部未另標語音	教育部《重編國語辭典修訂本》
920	秀	ㄒㄧㄡˋ	ㄒㄧㄡˋ		ㄒㄧㄡˋ	常用音優先；教育部未另標語音	教育部《重編國語辭典修訂本》
921	攝	ㄕㄜˋ	ㄕㄜˋ	ㄋㄧㄝˋ	ㄕㄜˋ、ㄋㄧㄝˋ	常用音優先；教育部未另標語音	教育部《重編國語辭典修訂本》
922	蒐	ㄙㄡ	ㄙㄡ		ㄙㄡ	常用音優先；教育部未另標語音	教育部《重編國語辭典修訂本》
923	漢	ㄏㄢˋ	ㄏㄢˋ		ㄏㄢˋ	常用音優先；教育部未另標語音	教育部《重編國語辭典修訂本》
924	姓	ㄒㄧㄥˋ	ㄒㄧㄥˋ		ㄒㄧㄥˋ	常用音優先；教育部未另標語音	教育部《重編國語辭典修訂本》
925	凡	ㄈㄢˊ	ㄈㄢˊ		ㄈㄢˊ	常用音優先；教育部未另標語音	教育部《重編國語辭典修訂本》
926	果	ㄍㄨㄛˇ	ㄍㄨㄛˇ		ㄍㄨㄛˇ	常用音優先；教育部未另標語音	教育部《重編國語辭典修訂本》
927	練	ㄌㄧㄢˋ	ㄌㄧㄢˋ		ㄌㄧㄢˋ	常用音優先；教育部未另標語音	教育部《重編國語辭典修訂本》
928	躲	ㄉㄨㄛˇ	ㄉㄨㄛˇ		ㄉㄨㄛˇ	常用音優先；教育部未另標語音	教育部《重編國語辭典修訂本》
929	確	ㄑㄩㄝˋ	ㄑㄩㄝˋ		ㄑㄩㄝˋ	常用音優先；教育部未另標語音	教育部《重編國語辭典修訂本》
930	咬	ㄧㄠˇ	ㄧㄠˇ	ㄐㄧㄠ	ㄧㄠˇ、ㄐㄧㄠ	常用音優先；教育部未另標語音	教育部《重編國語辭典修訂本》
931	印	ㄧㄣˋ	ㄧㄣˋ		ㄧㄣˋ	常用音優先；教育部未另標語音	教育部《重編國語辭典修訂本》
932	補	ㄅㄨˇ	ㄅㄨˇ		ㄅㄨˇ	常用音優先；教育部未另標語音	教育部《重編國語辭典修訂本》
933	登	ㄉㄥ	ㄉㄥ		ㄉㄥ	常用音優先；教育部未另標語音	教育部《重編國語辭典修訂本》
934	吉	ㄐㄧˊ	ㄐㄧˊ		ㄐㄧˊ	常用音優先；教育部未另標語音	教育部《重編國語辭典修訂本》
935	劃	ㄏㄨㄚˋ	ㄏㄨㄚˋ	ㄏㄨㄚˊ	ㄏㄨㄚˋ、ㄏㄨㄚˊ	常用音優先；教育部未另標語音	教育部《重編國語辭典修訂本》
936	勒	ㄌㄟ	ㄌㄜˋ		ㄌㄜˋ、ㄌㄟ	常用音優先；教育部未另標語音	教育部《重編國語辭典修訂本》
937	冊	ㄘㄜˋ	ㄘㄜˋ	ㄔㄞˇ	ㄘㄜˋ、ㄔㄞˇ	常用音優先；教育部未另標語音	教育部《重編國語辭典修訂本》
938	遊	ㄧㄡˊ	ㄧㄡˊ		ㄧㄡˊ	常用音優先；教育部未另標語音	教育部《重編國語辭典修訂本》
939	敵	ㄉㄧˊ	ㄉㄧˊ		ㄉㄧˊ	常用音優先；教育部未另標語音	教育部《重編國語辭典修訂本》
940	食	ㄕˊ	ㄕˊ	ㄙˋ、ㄧˋ	ㄕˊ、ㄙˋ、ㄧˋ	常用音優先；教育部未另標語音	教育部《重編國語辭典修訂本》
941	狀	ㄓㄨㄤˋ	ㄓㄨㄤˋ		ㄓㄨㄤˋ	常用音優先；教育部未另標語音	教育部《重編國語辭典修訂本》
942	毒	ㄉㄨˊ	ㄉㄨˊ		ㄉㄨˊ	常用音優先；教育部未另標語音	教育部《重編國語辭典修訂本》
943	角	ㄐㄧㄠˇ	ㄐㄧㄠˇ	ㄐㄩㄝˊ、ㄌㄨˋ	ㄐㄧㄠˇ、ㄐㄩㄝˊ、ㄌㄨˋ	常用音優先；教育部未另標語音	教育部《重編國語辭典修訂本》
944	簡	ㄐㄧㄢˇ	ㄐㄧㄢˇ		ㄐㄧㄢˇ	常用音優先；教育部未另標語音	教育部《重編國語辭典修訂本》
945	惡	ㄜˋ	ㄜˋ	ㄜˇ、ㄨˋ、ㄨ	ㄜˋ、ㄜˇ、ㄨˋ、ㄨ	常用音優先；教育部未另標語音	教育部《重編國語辭典修訂本》
946	切	ㄑㄧㄝˋ	ㄑㄧㄝˋ	ㄑㄧㄝ	ㄑㄧㄝˋ、ㄑㄧㄝ	常用音優先；教育部未另標語音	教育部《重編國語辭典修訂本》
947	屋	ㄨ	ㄨ		ㄨ	常用音優先；教育部未另標語音	教育部《重編國語辭典修訂本》
948	愈	ㄩˋ	ㄩˋ		ㄩˋ	常用音優先；教育部未另標語音	教育部《重編國語辭典修訂本》
949	炸	ㄓㄚˋ	ㄓㄚˋ	ㄓㄚˊ	ㄓㄚˋ、ㄓㄚˊ	常用音優先；教育部未另標語音	教育部《重編國語辭典修訂本》
950	爛	ㄌㄢˋ	ㄌㄢˋ		ㄌㄢˋ	常用音優先；教育部未另標語音	教育部《重編國語辭典修訂本》
951	優	ㄧㄡ	ㄧㄡ		ㄧㄡ	常用音優先；教育部未另標語音	教育部《重編國語辭典修訂本》
952	蘭	ㄌㄢˊ	ㄌㄢˊ		ㄌㄢˊ	常用音優先；教育部未另標語音	教育部《重編國語辭典修訂本》
953	控	ㄎㄨㄥˋ	ㄎㄨㄥˋ		ㄎㄨㄥˋ	常用音優先；教育部未另標語音	教育部《重編國語辭典修訂本》
954	薩	ㄙㄚˋ	ㄙㄚˋ		ㄙㄚˋ	常用音優先；教育部未另標語音	教育部《重編國語辭典修訂本》
955	艾	ㄞˋ	ㄞˋ	ㄧˋ	ㄞˋ、ㄧˋ	常用音優先；教育部未另標語音	教育部《重編國語辭典修訂本》
956	噁	ㄜˇ	ㄜˇ		ㄜˇ	常用音優先；教育部未另標語音	教育部《重編國語辭典修訂本》
957	招	ㄓㄠ	ㄓㄠ	ㄕㄠˊ、ㄑㄧㄠˊ	ㄓㄠ、ㄕㄠˊ、ㄑㄧㄠˊ	常用音優先；教育部未另標語音	教育部《重編國語辭典修訂本》
958	熟	ㄕㄡˊ	ㄕㄨˊ		ㄕㄨˊ、ㄕㄡˊ	教育部標示語音	教育部《重編國語辭典修訂本》
959	虎	ㄏㄨˇ	ㄏㄨˇ	ㄏㄨ	ㄏㄨˇ、ㄏㄨ	常用音優先；教育部未另標語音	教育部《重編國語辭典修訂本》
960	存	ㄘㄨㄣˊ	ㄘㄨㄣˊ		ㄘㄨㄣˊ	常用音優先；教育部未另標語音	教育部《重編國語辭典修訂本》
961	堂	ㄊㄤˊ	ㄊㄤˊ		ㄊㄤˊ	常用音優先；教育部未另標語音	教育部《重編國語辭典修訂本》
962	胡	ㄏㄨˊ	ㄏㄨˊ		ㄏㄨˊ	常用音優先；教育部未另標語音	教育部《重編國語辭典修訂本》
963	扎	ㄓㄚ	ㄓㄚ	ㄓㄚˊ、ㄓㄚˇ	ㄓㄚ、ㄓㄚˊ、ㄓㄚˇ	常用音優先；教育部未另標語音	教育部《重編國語辭典修訂本》
964	擬	ㄋㄧˇ	ㄋㄧˇ		ㄋㄧˇ	常用音優先；教育部未另標語音	教育部《重編國語辭典修訂本》
965	農	ㄋㄨㄥˊ	ㄋㄨㄥˊ		ㄋㄨㄥˊ	常用音優先；教育部未另標語音	教育部《重編國語辭典修訂本》
966	剩	ㄕㄥˋ	ㄕㄥˋ		ㄕㄥˋ	常用音優先；教育部未另標語音	教育部《重編國語辭典修訂本》
967	賭	ㄉㄨˇ	ㄉㄨˇ		ㄉㄨˇ	常用音優先；教育部未另標語音	教育部《重編國語辭典修訂本》
968	紮	ㄗㄚ	ㄓㄚˊ		ㄓㄚˊ、ㄗㄚ	常用音優先；教育部未另標語音	教育部《重編國語辭典修訂本》
969	夏	ㄒㄧㄚˋ	ㄒㄧㄚˋ	ㄐㄧㄚˇ	ㄒㄧㄚˋ、ㄐㄧㄚˇ	常用音優先；教育部未另標語音	教育部《重編國語辭典修訂本》
970	苦	ㄎㄨˇ	ㄎㄨˇ		ㄎㄨˇ	常用音優先；教育部未另標語音	教育部《重編國語辭典修訂本》
971	混	ㄏㄨㄣˋ	ㄏㄨㄣˋ	ㄍㄨㄣˇ、ㄎㄨㄣ、ㄏㄨㄣˊ、ㄏㄨㄣˇ	ㄏㄨㄣˋ、ㄍㄨㄣˇ、ㄎㄨㄣ、ㄏㄨㄣˊ、ㄏㄨㄣˇ	常用音優先；教育部未另標語音	教育部《重編國語辭典修訂本》
972	臨	ㄌㄧㄣˊ	ㄌㄧㄣˊ	ㄌㄧㄣˋ	ㄌㄧㄣˊ、ㄌㄧㄣˋ	常用音優先；教育部未另標語音	教育部《重編國語辭典修訂本》
973	徵	ㄓㄥ	ㄓㄥ	ㄓˇ	ㄓㄥ、ㄓˇ	常用音優先；教育部未另標語音	教育部《重編國語辭典修訂本》
974	蛇	ㄕㄜˊ	ㄕㄜˊ	ㄧˊ	ㄕㄜˊ、ㄧˊ	常用音優先；教育部未另標語音	教育部《重編國語辭典修訂本》
975	士	ㄕˋ	ㄕˋ		ㄕˋ	常用音優先；教育部未另標語音	教育部《重編國語辭典修訂本》
976	喂	ㄨㄟˋ	ㄨㄟˋ		ㄨㄟˋ	常用音優先；教育部未另標語音	教育部《重編國語辭典修訂本》
977	穩	ㄨㄣˇ	ㄨㄣˇ		ㄨㄣˇ	常用音優先；教育部未另標語音	教育部《重編國語辭典修訂本》
978	尿	ㄋㄧㄠˋ	ㄋㄧㄠˋ		ㄋㄧㄠˋ	常用音優先；教育部未另標語音	教育部《重編國語辭典修訂本》
979	譯	ㄧˋ	ㄧˋ		ㄧˋ	常用音優先；教育部未另標語音	教育部《重編國語辭典修訂本》
980	喔	ㄛ	ㄨㄛˋ	ㄨ	ㄨㄛˋ、ㄨ、ㄛ	常用音優先；教育部未另標語音	教育部《重編國語辭典修訂本》
981	甲	ㄐㄧㄚˇ	ㄐㄧㄚˇ	ㄐㄧㄚˋ	ㄐㄧㄚˇ、ㄐㄧㄚˋ	常用音優先；教育部未另標語音	教育部《重編國語辭典修訂本》
982	軟	ㄖㄨㄢˇ	ㄖㄨㄢˇ		ㄖㄨㄢˇ	常用音優先；教育部未另標語音	教育部《重編國語辭典修訂本》
983	失	ㄕ	ㄕ		ㄕ	常用音優先；教育部未另標語音	教育部《重編國語辭典修訂本》
984	吐	ㄊㄨˇ	ㄊㄨˇ	ㄊㄨˋ	ㄊㄨˇ、ㄊㄨˋ	常用音優先；教育部未另標語音	教育部《重編國語辭典修訂本》
985	音	ㄧㄣ	ㄧㄣ	ㄧㄣˋ	ㄧㄣ、ㄧㄣˋ	常用音優先；教育部未另標語音	教育部《重編國語辭典修訂本》
986	寄	ㄐㄧˋ	ㄐㄧˋ		ㄐㄧˋ	常用音優先；教育部未另標語音	教育部《重編國語辭典修訂本》
987	砸	ㄗㄚˊ	ㄗㄚˊ		ㄗㄚˊ	常用音優先；教育部未另標語音	教育部《重編國語辭典修訂本》
988	檔	ㄉㄤˋ	ㄉㄤˇ		ㄉㄤˇ、ㄉㄤˋ	常用音優先；教育部未另標語音	教育部《重編國語辭典修訂本》
989	採	ㄘㄞˇ	ㄘㄞˇ		ㄘㄞˇ	常用音優先；教育部未另標語音	教育部《重編國語辭典修訂本》
990	園	ㄩㄢˊ	ㄩㄢˊ		ㄩㄢˊ	常用音優先；教育部未另標語音	教育部《重編國語辭典修訂本》
991	疼	ㄊㄥˊ	ㄊㄥˊ		ㄊㄥˊ	常用音優先；教育部未另標語音	教育部《重編國語辭典修訂本》
992	整	ㄓㄥˇ	ㄓㄥˇ		ㄓㄥˇ	常用音優先；教育部未另標語音	教育部《重編國語辭典修訂本》
993	埃	ㄞ	ㄞ		ㄞ	常用音優先；教育部未另標語音	教育部《重編國語辭典修訂本》
994	寀	ㄘㄞˇ	ㄘㄞˇ		ㄘㄞˇ	常用音優先；教育部未另標語音	教育部《重編國語辭典修訂本》
995	江	ㄐㄧㄤ	ㄐㄧㄤ		ㄐㄧㄤ	常用音優先；教育部未另標語音	教育部《重編國語辭典修訂本》
996	善	ㄕㄢˋ	ㄕㄢˋ		ㄕㄢˋ	常用音優先；教育部未另標語音	教育部《重編國語辭典修訂本》
997	素	ㄙㄨˋ	ㄙㄨˋ		ㄙㄨˋ	常用音優先；教育部未另標語音	教育部《重編國語辭典修訂本》
998	湯	ㄊㄤ	ㄊㄤ	ㄕㄤ	ㄊㄤ、ㄕㄤ	常用音優先；教育部未另標語音	教育部《重編國語辭典修訂本》
999	隔	ㄍㄜˊ	ㄍㄜˊ		ㄍㄜˊ	常用音優先；教育部未另標語音	教育部《重編國語辭典修訂本》
1000	異	ㄧˋ	ㄧˋ		ㄧˋ	常用音優先；教育部未另標語音	教育部《重編國語辭典修訂本》
1001	燈	ㄉㄥ	ㄉㄥ		ㄉㄥ	常用音優先；教育部未另標語音	教育部《重編國語辭典修訂本》
1002	母	ㄇㄨˇ	ㄇㄨˇ		ㄇㄨˇ	常用音優先；教育部未另標語音	教育部《重編國語辭典修訂本》
1003	沙	ㄕㄚ	ㄕㄚ		ㄕㄚ	常用音優先；教育部未另標語音	教育部《重編國語辭典修訂本》
1004	醒	ㄒㄧㄥˇ	ㄒㄧㄥˇ	ㄒㄧㄥ	ㄒㄧㄥˇ、ㄒㄧㄥ	常用音優先；教育部未另標語音	教育部《重編國語辭典修訂本》
1005	限	ㄒㄧㄢˋ	ㄒㄧㄢˋ		ㄒㄧㄢˋ	常用音優先；教育部未另標語音	教育部《重編國語辭典修訂本》
1006	扔	ㄖㄥ	ㄖㄥ	ㄖㄥˇ、ㄖㄥˊ、ㄖㄥˋ	ㄖㄥ、ㄖㄥˇ、ㄖㄥˊ、ㄖㄥˋ	常用音優先；教育部未另標語音	教育部《重編國語辭典修訂本》
1007	影	ㄧㄥˇ	ㄧㄥˇ		ㄧㄥˇ	常用音優先；教育部未另標語音	教育部《重編國語辭典修訂本》
1008	統	ㄊㄨㄥˇ	ㄊㄨㄥˇ		ㄊㄨㄥˇ	常用音優先；教育部未另標語音	教育部《重編國語辭典修訂本》
1009	減	ㄐㄧㄢˇ	ㄐㄧㄢˇ		ㄐㄧㄢˇ	常用音優先；教育部未另標語音	教育部《重編國語辭典修訂本》
1010	展	ㄓㄢˇ	ㄓㄢˇ		ㄓㄢˇ	常用音優先；教育部未另標語音	教育部《重編國語辭典修訂本》
1011	雷	ㄌㄟˊ	ㄌㄟˊ		ㄌㄟˊ	常用音優先；教育部未另標語音	教育部《重編國語辭典修訂本》
1012	爆	ㄅㄠˋ	ㄅㄠˋ	ㄅㄛˊ	ㄅㄠˋ、ㄅㄛˊ	常用音優先；教育部未另標語音	教育部《重編國語辭典修訂本》
1013	曬	ㄕㄞˋ	ㄕㄞˋ		ㄕㄞˋ	常用音優先；教育部未另標語音	教育部異體條目參照正字
1014	耶	ㄧㄝˊ	ㄧㄝˊ	ㄧㄝ	ㄧㄝˊ、ㄧㄝ	常用音優先；教育部未另標語音	教育部《重編國語辭典修訂本》
1015	暨	ㄐㄧˋ	ㄐㄧˋ		ㄐㄧˋ	常用音優先；教育部未另標語音	教育部《重編國語辭典修訂本》
1016	寺	ㄙˋ	ㄙˋ		ㄙˋ	常用音優先；教育部未另標語音	教育部《重編國語辭典修訂本》
1017	頗	ㄆㄛ	ㄆㄛ	ㄆㄛˇ	ㄆㄛ、ㄆㄛˇ	常用音優先；教育部未另標語音	教育部《重編國語辭典修訂本》
1018	冒	ㄇㄠˋ	ㄇㄠˋ	ㄇㄛˋ	ㄇㄠˋ、ㄇㄛˋ	常用音優先；教育部未另標語音	教育部《重編國語辭典修訂本》
1019	稍	ㄕㄠ	ㄕㄠ	ㄕㄠˋ	ㄕㄠ、ㄕㄠˋ	常用音優先；教育部未另標語音	教育部《重編國語辭典修訂本》
1020	鬧	ㄋㄠˋ	ㄋㄠˋ		ㄋㄠˋ	常用音優先；教育部未另標語音	教育部《重編國語辭典修訂本》
1021	移	ㄧˊ	ㄧˊ		ㄧˊ	常用音優先；教育部未另標語音	教育部《重編國語辭典修訂本》
1022	瓦	ㄨㄚˇ	ㄨㄚˇ	ㄨㄚˋ	ㄨㄚˇ、ㄨㄚˋ	常用音優先；教育部未另標語音	教育部《重編國語辭典修訂本》
1023	增	ㄗㄥ	ㄗㄥ		ㄗㄥ	常用音優先；教育部未另標語音	教育部《重編國語辭典修訂本》
1024	吸	ㄒㄧ	ㄒㄧ		ㄒㄧ	常用音優先；教育部未另標語音	教育部《重編國語辭典修訂本》
1025	漲	ㄓㄤˇ	ㄓㄤˋ		ㄓㄤˋ、ㄓㄤˇ	常用音優先；教育部未另標語音	教育部《重編國語辭典修訂本》
1026	程	ㄔㄥˊ	ㄔㄥˊ		ㄔㄥˊ	常用音優先；教育部未另標語音	教育部《重編國語辭典修訂本》
1027	鎖	ㄙㄨㄛˇ	ㄙㄨㄛˇ		ㄙㄨㄛˇ	常用音優先；教育部未另標語音	教育部《重編國語辭典修訂本》
1028	麥	ㄇㄞˋ	ㄇㄛˋ		ㄇㄞˋ、ㄇㄛˋ	教育部標示語音	教育部《重編國語辭典修訂本》
1029	鬥	ㄉㄡˋ	ㄉㄡˋ		ㄉㄡˋ	常用音優先；教育部未另標語音	教育部《重編國語辭典修訂本》
1030	守	ㄕㄡˇ	ㄕㄡˇ	ㄕㄡˋ	ㄕㄡˇ、ㄕㄡˋ	常用音優先；教育部未另標語音	教育部《重編國語辭典修訂本》
1031	邦	ㄅㄤ	ㄅㄤ		ㄅㄤ	常用音優先；教育部未另標語音	教育部《重編國語辭典修訂本》
1032	末	ㄇㄛˋ	ㄇㄛˋ		ㄇㄛˋ	常用音優先；教育部未另標語音	教育部《重編國語辭典修訂本》
1033	抗	ㄎㄤˋ	ㄎㄤˋ		ㄎㄤˋ	常用音優先；教育部未另標語音	教育部《重編國語辭典修訂本》
1034	挖	ㄨㄚ	ㄨㄚ	ㄨㄚˊ	ㄨㄚ、ㄨㄚˊ	常用音優先；教育部未另標語音	教育部《重編國語辭典修訂本》
1035	擦	ㄘㄚ	ㄘㄚ		ㄘㄚ	常用音優先；教育部未另標語音	教育部《重編國語辭典修訂本》
1036	助	ㄓㄨˋ	ㄓㄨˋ		ㄓㄨˋ	常用音優先；教育部未另標語音	教育部《重編國語辭典修訂本》
1037	標	ㄅㄧㄠ	ㄅㄧㄠ	ㄆㄧㄠˇ	ㄅㄧㄠ、ㄆㄧㄠˇ	常用音優先；教育部未另標語音	教育部《重編國語辭典修訂本》
1038	惹	ㄖㄜˇ	ㄖㄜˇ		ㄖㄜˇ	常用音優先；教育部未另標語音	教育部《重編國語辭典修訂本》
1039	姆	ㄇㄨˇ	ㄇㄨˇ		ㄇㄨˇ	常用音優先；教育部未另標語音	教育部《重編國語辭典修訂本》
1040	木	ㄇㄨˋ	ㄇㄨˋ		ㄇㄨˋ	常用音優先；教育部未另標語音	教育部《重編國語辭典修訂本》
1041	賊	ㄗㄟˊ	ㄗㄟˊ	ㄗㄜˊ	ㄗㄟˊ、ㄗㄜˊ	常用音優先；教育部未另標語音	教育部《重編國語辭典修訂本》
1042	唐	ㄊㄤˊ	ㄊㄤˊ		ㄊㄤˊ	常用音優先；教育部未另標語音	教育部《重編國語辭典修訂本》
1043	聞	ㄨㄣˊ	ㄨㄣˊ	ㄨㄣˋ	ㄨㄣˊ、ㄨㄣˋ	常用音優先；教育部未另標語音	教育部《重編國語辭典修訂本》
1044	齊	ㄑㄧˊ	ㄑㄧˊ	ㄓㄞ、ㄐㄧˋ、ㄗ	ㄑㄧˊ、ㄓㄞ、ㄐㄧˋ、ㄗ	常用音優先；教育部未另標語音	教育部《重編國語辭典修訂本》
1045	政	ㄓㄥˋ	ㄓㄥˋ		ㄓㄥˋ	常用音優先；教育部未另標語音	教育部《重編國語辭典修訂本》
1046	艦	ㄐㄧㄢˋ	ㄐㄧㄢˋ		ㄐㄧㄢˋ	常用音優先；教育部未另標語音	教育部《重編國語辭典修訂本》
1047	嶺	ㄌㄧㄥˇ	ㄌㄧㄥˇ		ㄌㄧㄥˇ	常用音優先；教育部未另標語音	教育部《重編國語辭典修訂本》
1048	弱	ㄖㄨㄛˋ	ㄖㄨㄛˋ		ㄖㄨㄛˋ	常用音優先；教育部未另標語音	教育部《重編國語辭典修訂本》
1049	識	ㄕˋ	ㄕˋ	ㄓˋ	ㄕˋ、ㄓˋ	常用音優先；教育部未另標語音	教育部《重編國語辭典修訂本》
1050	富	ㄈㄨˋ	ㄈㄨˋ		ㄈㄨˋ	常用音優先；教育部未另標語音	教育部《重編國語辭典修訂本》
1051	泡	ㄆㄠˋ	ㄆㄠˋ	ㄆㄠ	ㄆㄠˋ、ㄆㄠ	常用音優先；教育部未另標語音	教育部《重編國語辭典修訂本》
1052	煮	ㄓㄨˇ	ㄓㄨˇ		ㄓㄨˇ	常用音優先；教育部未另標語音	教育部《重編國語辭典修訂本》
1053	娶	ㄑㄩˇ	ㄑㄩˋ		ㄑㄩˇ、ㄑㄩˋ	教育部標示語音	教育部《重編國語辭典修訂本》
1054	欠	ㄑㄧㄢˋ	ㄑㄧㄢˋ		ㄑㄧㄢˋ	常用音優先；教育部未另標語音	教育部《重編國語辭典修訂本》
1055	希	ㄒㄧ	ㄒㄧ		ㄒㄧ	常用音優先；教育部未另標語音	教育部《重編國語辭典修訂本》
1056	評	ㄆㄧㄥˊ	ㄆㄧㄥˊ		ㄆㄧㄥˊ	常用音優先；教育部未另標語音	教育部《重編國語辭典修訂本》
1057	爽	ㄕㄨㄤˇ	ㄕㄨㄤˇ		ㄕㄨㄤˇ	常用音優先；教育部未另標語音	教育部《重編國語辭典修訂本》
1058	裔	ㄧˋ	ㄧˋ		ㄧˋ	常用音優先；教育部未另標語音	教育部《重編國語辭典修訂本》
1059	距	ㄐㄩˋ	ㄐㄩˋ		ㄐㄩˋ	常用音優先；教育部未另標語音	教育部《重編國語辭典修訂本》
1060	告	ㄍㄠˋ	ㄍㄠˋ	ㄍㄨˋ	ㄍㄠˋ、ㄍㄨˋ	常用音優先；教育部未另標語音	教育部《重編國語辭典修訂本》
1061	暗	ㄢˋ	ㄢˋ		ㄢˋ	常用音優先；教育部未另標語音	教育部《重編國語辭典修訂本》
1062	遷	ㄑㄧㄢ	ㄑㄧㄢ		ㄑㄧㄢ	常用音優先；教育部未另標語音	教育部《重編國語辭典修訂本》
1063	獨	ㄉㄨˊ	ㄉㄨˊ		ㄉㄨˊ	常用音優先；教育部未另標語音	教育部《重編國語辭典修訂本》
1064	曲	ㄑㄩ	ㄑㄩ	ㄑㄩˇ	ㄑㄩ、ㄑㄩˇ	常用音優先；教育部未另標語音	教育部《重編國語辭典修訂本》
1065	附	ㄈㄨˋ	ㄈㄨˋ		ㄈㄨˋ	常用音優先；教育部未另標語音	教育部《重編國語辭典修訂本》
1066	廢	ㄈㄟˋ	ㄈㄟˋ		ㄈㄟˋ	常用音優先；教育部未另標語音	教育部《重編國語辭典修訂本》
1067	俺	ㄢˇ	ㄢˇ	ㄧㄢˋ	ㄢˇ、ㄧㄢˋ	常用音優先；教育部未另標語音	教育部《重編國語辭典修訂本》
1068	盜	ㄉㄠˋ	ㄉㄠˋ		ㄉㄠˋ	常用音優先；教育部未另標語音	教育部《重編國語辭典修訂本》
1069	賈	ㄐㄧㄚˇ	ㄐㄧㄚˇ	ㄍㄨˇ	ㄐㄧㄚˇ、ㄍㄨˇ	常用音優先；教育部未另標語音	教育部《重編國語辭典修訂本》
1070	哎	ㄞ	ㄞ		ㄞ	常用音優先；教育部未另標語音	教育部《重編國語辭典修訂本》
1071	闇	ㄢˋ	ㄢˋ	ㄢ	ㄢˋ、ㄢ	常用音優先；教育部未另標語音	教育部《重編國語辭典修訂本》
1072	麴	ㄑㄩˊ	ㄑㄩˊ		ㄑㄩˊ	常用音優先；教育部未另標語音	教育部《重編國語辭典修訂本》
1073	刺	ㄘˋ	ㄘˋ		ㄘˋ	常用音優先；教育部未另標語音	教育部《重編國語辭典修訂本》
1074	味	ㄨㄟˋ	ㄨㄟˋ		ㄨㄟˋ	常用音優先；教育部未另標語音	教育部《重編國語辭典修訂本》
1075	始	ㄕˇ	ㄕˇ	ㄕˋ	ㄕˇ、ㄕˋ	常用音優先；教育部未另標語音	教育部《重編國語辭典修訂本》
1076	雪	ㄒㄩㄝˇ	ㄒㄩㄝˇ	ㄒㄩㄝˋ	ㄒㄩㄝˇ、ㄒㄩㄝˋ	常用音優先；教育部未另標語音	教育部《重編國語辭典修訂本》
1077	祭	ㄐㄧˋ	ㄐㄧˋ	ㄓㄞˋ	ㄐㄧˋ、ㄓㄞˋ	常用音優先；教育部未另標語音	教育部《重編國語辭典修訂本》
1078	砍	ㄎㄢˇ	ㄎㄢˇ		ㄎㄢˇ	常用音優先；教育部未另標語音	教育部《重編國語辭典修訂本》
1079	唉	ㄞ	ㄞ		ㄞ	常用音優先；教育部未另標語音	教育部《重編國語辭典修訂本》
1080	胸	ㄒㄩㄥ	ㄒㄩㄥ		ㄒㄩㄥ	常用音優先；教育部未另標語音	教育部《重編國語辭典修訂本》
1081	陸	ㄌㄨˋ	ㄌㄨˋ	ㄌㄧㄡˋ	ㄌㄨˋ、ㄌㄧㄡˋ	常用音優先；教育部未另標語音	教育部《重編國語辭典修訂本》
1082	席	ㄒㄧˊ	ㄒㄧˊ		ㄒㄧˊ	常用音優先；教育部未另標語音	教育部《重編國語辭典修訂本》
1083	服	ㄈㄨˊ	ㄈㄨˊ		ㄈㄨˊ	常用音優先；教育部未另標語音	教育部《重編國語辭典修訂本》
1084	勢	ㄕˋ	ㄕˋ		ㄕˋ	常用音優先；教育部未另標語音	教育部《重編國語辭典修訂本》
1085	鹽	ㄧㄢˊ	ㄧㄢˋ		ㄧㄢˋ、ㄧㄢˊ	常用音優先；教育部未另標語音	教育部《重編國語辭典修訂本》
1086	乘	ㄔㄥˊ	ㄔㄥˊ	ㄕㄥˋ	ㄔㄥˊ、ㄕㄥˋ	常用音優先；教育部未另標語音	教育部《重編國語辭典修訂本》
1087	扯	ㄔㄜˇ	ㄔㄜˇ		ㄔㄜˇ	常用音優先；教育部未另標語音	教育部《重編國語辭典修訂本》
1088	番	ㄈㄢ	ㄈㄢ	ㄆㄢ、ㄆㄛˊ	ㄈㄢ、ㄆㄢ、ㄆㄛˊ	常用音優先；教育部未另標語音	教育部《重編國語辭典修訂本》
1089	缺	ㄑㄩㄝ	ㄑㄩㄝ		ㄑㄩㄝ	常用音優先；教育部未另標語音	教育部《重編國語辭典修訂本》
1090	窮	ㄑㄩㄥˊ	ㄑㄩㄥˊ		ㄑㄩㄥˊ	常用音優先；教育部未另標語音	教育部《重編國語辭典修訂本》
1091	梁	ㄌㄧㄤˊ	ㄌㄧㄤˊ		ㄌㄧㄤˊ	常用音優先；教育部未另標語音	教育部《重編國語辭典修訂本》
1092	什	ㄕㄣˊ	ㄕˊ	ㄕㄜˊ	ㄕˊ、ㄕㄣˊ、ㄕㄜˊ	常用音優先；教育部未另標語音	教育部《重編國語辭典修訂本》
1093	萊	ㄌㄞˊ	ㄌㄞˊ		ㄌㄞˊ	常用音優先；教育部未另標語音	教育部《重編國語辭典修訂本》
1094	偽	ㄨㄟˋ	ㄨㄟˋ		ㄨㄟˋ	常用音優先；教育部未另標語音	教育部《重編國語辭典修訂本》
1095	樑	ㄌㄧㄤˊ	ㄌㄧㄤˊ		ㄌㄧㄤˊ	常用音優先；教育部未另標語音	教育部異體條目參照正字
1096	散	ㄙㄢˋ	ㄙㄢˋ	ㄙㄢˇ	ㄙㄢˋ、ㄙㄢˇ	常用音優先；教育部未另標語音	教育部《重編國語辭典修訂本》
1097	春	ㄔㄨㄣ	ㄔㄨㄣ		ㄔㄨㄣ	常用音優先；教育部未另標語音	教育部《重編國語辭典修訂本》
1098	孫	ㄙㄨㄣ	ㄙㄨㄣ	ㄒㄩㄣˋ、ㄙㄨㄣˋ	ㄙㄨㄣ、ㄒㄩㄣˋ、ㄙㄨㄣˋ	常用音優先；教育部未另標語音	教育部《重編國語辭典修訂本》
1099	帝	ㄉㄧˋ	ㄉㄧˋ		ㄉㄧˋ	常用音優先；教育部未另標語音	教育部《重編國語辭典修訂本》
1100	艘	ㄙㄡ	ㄙㄠ		ㄙㄠ、ㄙㄡ	常用音優先；教育部未另標語音	教育部《重編國語辭典修訂本》
1101	肯	ㄎㄣˇ	ㄎㄣˇ	ㄎㄥˇ	ㄎㄣˇ、ㄎㄥˇ	常用音優先；教育部未另標語音	教育部《重編國語辭典修訂本》
1102	擋	ㄉㄤˇ	ㄉㄤˇ		ㄉㄤˇ	常用音優先；教育部未另標語音	教育部《重編國語辭典修訂本》
1103	挑	ㄊㄧㄠ	ㄊㄧㄠ	ㄊㄧㄠˇ	ㄊㄧㄠ、ㄊㄧㄠˇ	常用音優先；教育部未另標語音	教育部《重編國語辭典修訂本》
1104	露	ㄌㄨˋ	ㄌㄨˋ	ㄌㄡˋ	ㄌㄨˋ、ㄌㄡˋ	常用音優先；教育部未另標語音	教育部《重編國語辭典修訂本》
1105	審	ㄕㄣˇ	ㄕㄣˇ		ㄕㄣˇ	常用音優先；教育部未另標語音	教育部《重編國語辭典修訂本》
1106	粉	ㄈㄣˇ	ㄈㄣˇ		ㄈㄣˇ	常用音優先；教育部未另標語音	教育部《重編國語辭典修訂本》
1107	窩	ㄨㄛ	ㄨㄛ		ㄨㄛ	常用音優先；教育部未另標語音	教育部《重編國語辭典修訂本》
1108	免	ㄇㄧㄢˇ	ㄇㄧㄢˇ	ㄨㄣˋ	ㄇㄧㄢˇ、ㄨㄣˋ	常用音優先；教育部未另標語音	教育部《重編國語辭典修訂本》
1109	籍	ㄐㄧˊ	ㄐㄧˊ		ㄐㄧˊ	常用音優先；教育部未另標語音	教育部《重編國語辭典修訂本》
1110	普	ㄆㄨˇ	ㄆㄨˇ		ㄆㄨˇ	常用音優先；教育部未另標語音	教育部《重編國語辭典修訂本》
1111	匯	ㄏㄨㄟˋ	ㄏㄨㄟˋ		ㄏㄨㄟˋ	常用音優先；教育部未另標語音	教育部《重編國語辭典修訂本》
1112	續	ㄒㄩˋ	ㄒㄩˋ		ㄒㄩˋ	常用音優先；教育部未另標語音	教育部《重編國語辭典修訂本》
1113	彙	ㄏㄨㄟˋ	ㄏㄨㄟˋ		ㄏㄨㄟˋ	常用音優先；教育部未另標語音	教育部《重編國語辭典修訂本》
1114	滙	ㄏㄨㄟˋ	ㄏㄨㄟˋ		ㄏㄨㄟˋ	常用音優先；教育部未另標語音	教育部異體條目參照正字
1115	吳	ㄨˊ	ㄨˊ		ㄨˊ	常用音優先；教育部未另標語音	教育部《重編國語辭典修訂本》
1116	興	ㄒㄧㄥˋ	ㄒㄧㄥ		ㄒㄧㄥ、ㄒㄧㄥˋ	常用音優先；教育部未另標語音	教育部《重編國語辭典修訂本》
1117	圓	ㄩㄢˊ	ㄩㄢˊ		ㄩㄢˊ	常用音優先；教育部未另標語音	教育部《重編國語辭典修訂本》
1118	帳	ㄓㄤˋ	ㄓㄤˋ		ㄓㄤˋ	常用音優先；教育部未另標語音	教育部《重編國語辭典修訂本》
1119	拼	ㄆㄧㄣ	ㄆㄧㄣ		ㄆㄧㄣ	常用音優先；教育部未另標語音	教育部《重編國語辭典修訂本》
1120	洛	ㄌㄨㄛˋ	ㄌㄨㄛˋ		ㄌㄨㄛˋ	常用音優先；教育部未另標語音	教育部《重編國語辭典修訂本》
1121	炒	ㄔㄠˇ	ㄔㄠˇ		ㄔㄠˇ	常用音優先；教育部未另標語音	教育部《重編國語辭典修訂本》
1122	境	ㄐㄧㄥˋ	ㄐㄧㄥˋ		ㄐㄧㄥˋ	常用音優先；教育部未另標語音	教育部《重編國語辭典修訂本》
1123	密	ㄇㄧˋ	ㄇㄧˋ		ㄇㄧˋ	常用音優先；教育部未另標語音	教育部《重編國語辭典修訂本》
1124	遇	ㄩˋ	ㄩˋ		ㄩˋ	常用音優先；教育部未另標語音	教育部《重編國語辭典修訂本》
1125	哼	ㄏㄥ	ㄏㄥ		ㄏㄥ	常用音優先；教育部未另標語音	教育部《重編國語辭典修訂本》
1126	父	ㄈㄨˋ	ㄈㄨˋ	ㄈㄨˇ	ㄈㄨˋ、ㄈㄨˇ	常用音優先；教育部未另標語音	教育部《重編國語辭典修訂本》
1127	腦	ㄋㄠˇ	ㄋㄠˇ		ㄋㄠˇ	常用音優先；教育部未另標語音	教育部《重編國語辭典修訂本》
1128	嫁	ㄐㄧㄚˋ	ㄐㄧㄚˋ		ㄐㄧㄚˋ	常用音優先；教育部未另標語音	教育部《重編國語辭典修訂本》
1129	遲	ㄔˊ	ㄔˊ	ㄓˋ	ㄔˊ、ㄓˋ	常用音優先；教育部未另標語音	教育部《重編國語辭典修訂本》
1130	衛	ㄨㄟˋ	ㄨㄟˋ		ㄨㄟˋ	常用音優先；教育部未另標語音	教育部《重編國語辭典修訂本》
1131	踩	ㄘㄞˇ	ㄘㄞˇ		ㄘㄞˇ	常用音優先；教育部未另標語音	教育部《重編國語辭典修訂本》
1132	習	ㄒㄧˊ	ㄒㄧˊ		ㄒㄧˊ	常用音優先；教育部未另標語音	教育部《重編國語辭典修訂本》
1133	範	ㄈㄢˋ	ㄈㄢˋ		ㄈㄢˋ	常用音優先；教育部未另標語音	教育部《重編國語辭典修訂本》
1134	噢	ㄩˇ	ㄩˇ		ㄩˇ	常用音優先；教育部未另標語音	教育部《重編國語辭典修訂本》
1135	朱	ㄓㄨ	ㄓㄨ	ㄕㄨˊ	ㄓㄨ、ㄕㄨˊ	常用音優先；教育部未另標語音	教育部《重編國語辭典修訂本》
1136	諸	ㄓㄨ	ㄓㄨ		ㄓㄨ	常用音優先；教育部未另標語音	教育部《重編國語辭典修訂本》
1137	折	ㄓㄜˊ	ㄓㄜˊ	ㄕㄜˊ、ㄓㄜ	ㄓㄜˊ、ㄕㄜˊ、ㄓㄜ	常用音優先；教育部未另標語音	教育部《重編國語辭典修訂本》
1138	娘	ㄋㄧㄤˊ	ㄋㄧㄤˊ		ㄋㄧㄤˊ	常用音優先；教育部未另標語音	教育部《重編國語辭典修訂本》
1139	勸	ㄑㄩㄢˋ	ㄑㄩㄢˋ		ㄑㄩㄢˋ	常用音優先；教育部未另標語音	教育部《重編國語辭典修訂本》
1140	勁	ㄐㄧㄣˋ	ㄐㄧㄥˋ		ㄐㄧㄥˋ、ㄐㄧㄣˋ	常用音優先；教育部未另標語音	教育部《重編國語辭典修訂本》
1141	佛	ㄈㄨˊ	ㄈㄛˊ	ㄅㄧˋ	ㄈㄛˊ、ㄅㄧˋ、ㄈㄨˊ	常用音優先；教育部未另標語音	教育部《重編國語辭典修訂本》
1142	護	ㄏㄨˋ	ㄏㄨˋ		ㄏㄨˋ	常用音優先；教育部未另標語音	教育部《重編國語辭典修訂本》
1143	校	ㄒㄧㄠˋ	ㄒㄧㄠˋ	ㄐㄧㄠˋ	ㄒㄧㄠˋ、ㄐㄧㄠˋ	常用音優先；教育部未另標語音	教育部《重編國語辭典修訂本》
1144	畝	ㄇㄨˇ	ㄇㄨˇ	ㄇㄡˇ	ㄇㄨˇ、ㄇㄡˇ	常用音優先；教育部未另標語音	教育部《重編國語辭典修訂本》
1145	嚴	ㄧㄢˊ	ㄧㄢˊ		ㄧㄢˊ	常用音優先；教育部未另標語音	教育部《重編國語辭典修訂本》
1146	撒	ㄙㄚ	ㄙㄚ	ㄙㄚˇ	ㄙㄚ、ㄙㄚˇ	常用音優先；教育部未另標語音	教育部《重編國語辭典修訂本》
1147	狂	ㄎㄨㄤˊ	ㄎㄨㄤˊ		ㄎㄨㄤˊ	常用音優先；教育部未另標語音	教育部《重編國語辭典修訂本》
1148	財	ㄘㄞˊ	ㄘㄞˊ		ㄘㄞˊ	常用音優先；教育部未另標語音	教育部《重編國語辭典修訂本》
1149	鞋	ㄒㄧㄝˊ	ㄒㄧㄝˊ		ㄒㄧㄝˊ	常用音優先；教育部未另標語音	教育部《重編國語辭典修訂本》
1150	訂	ㄉㄧㄥˋ	ㄉㄧㄥˋ		ㄉㄧㄥˋ	常用音優先；教育部未另標語音	教育部《重編國語辭典修訂本》
1151	熊	ㄒㄩㄥˊ	ㄒㄩㄥˊ		ㄒㄩㄥˊ	常用音優先；教育部未另標語音	教育部《重編國語辭典修訂本》
1152	委	ㄨㄟˇ	ㄨㄟˇ	ㄨㄟ	ㄨㄟˇ、ㄨㄟ	常用音優先；教育部未另標語音	教育部《重編國語辭典修訂本》
1153	撐	ㄔㄥ	ㄔㄥ		ㄔㄥ	常用音優先；教育部未另標語音	教育部《重編國語辭典修訂本》
1154	喲	ㄧㄠ	ㄧㄠ		ㄧㄠ	常用音優先；教育部未另標語音	教育部《重編國語辭典修訂本》
1155	藉	ㄐㄧˊ	ㄐㄧㄝˋ		ㄐㄧㄝˋ、ㄐㄧˊ	常用音優先；教育部未另標語音	教育部《重編國語辭典修訂本》
1156	摺	ㄓㄜˊ	ㄓㄜˊ	ㄓㄜˇ	ㄓㄜˊ、ㄓㄜˇ	常用音優先；教育部未另標語音	教育部《重編國語辭典修訂本》
1157	騷	ㄙㄠ	ㄙㄠ		ㄙㄠ	常用音優先；教育部未另標語音	教育部《重編國語辭典修訂本》
1158	彿	ㄈㄨˊ	ㄈㄨˊ		ㄈㄨˊ	常用音優先；教育部未另標語音	教育部《重編國語辭典修訂本》
1159	硃	ㄓㄨ	ㄓㄨ		ㄓㄨ	常用音優先；教育部未另標語音	教育部《重編國語辭典修訂本》
1160	孃	ㄋㄧㄤˊ	ㄋㄧㄤˊ		ㄋㄧㄤˊ	常用音優先；教育部未另標語音	教育部《重編國語辭典修訂本》
1161	覺	ㄐㄩㄝˊ	ㄐㄩㄝˊ	ㄐㄧㄠˋ	ㄐㄩㄝˊ、ㄐㄧㄠˋ	常用音優先；教育部未另標語音	教育部《重編國語辭典修訂本》
1162	廟	ㄇㄧㄠˋ	ㄇㄧㄠˋ		ㄇㄧㄠˋ	常用音優先；教育部未另標語音	教育部《重編國語辭典修訂本》
1163	遂	ㄙㄨㄟˋ	ㄙㄨㄟˋ	ㄙㄨㄟˊ	ㄙㄨㄟˋ、ㄙㄨㄟˊ	常用音優先；教育部未另標語音	教育部《重編國語辭典修訂本》
1164	君	ㄐㄩㄣ	ㄐㄩㄣ		ㄐㄩㄣ	常用音優先；教育部未另標語音	教育部《重編國語辭典修訂本》
1165	繞	ㄖㄠˋ	ㄖㄠˋ		ㄖㄠˋ	常用音優先；教育部未另標語音	教育部《重編國語辭典修訂本》
1166	蒙	ㄇㄥˊ	ㄇㄥˊ		ㄇㄥˊ	常用音優先；教育部未另標語音	教育部《重編國語辭典修訂本》
1167	牙	ㄧㄚˊ	ㄧㄚˊ		ㄧㄚˊ	常用音優先；教育部未另標語音	教育部《重編國語辭典修訂本》
1168	閉	ㄅㄧˋ	ㄅㄧˋ		ㄅㄧˋ	常用音優先；教育部未另標語音	教育部《重編國語辭典修訂本》
1169	終	ㄓㄨㄥ	ㄓㄨㄥ		ㄓㄨㄥ	常用音優先；教育部未另標語音	教育部《重編國語辭典修訂本》
1170	顆	ㄎㄜ	ㄎㄜ	ㄎㄜˇ	ㄎㄜ、ㄎㄜˇ	常用音優先；教育部未另標語音	教育部《重編國語辭典修訂本》
1171	川	ㄔㄨㄢ	ㄔㄨㄢ		ㄔㄨㄢ	常用音優先；教育部未另標語音	教育部《重編國語辭典修訂本》
1172	咋	ㄗㄜˊ	ㄓㄚˋ		ㄓㄚˋ、ㄗㄜˊ	常用音優先；教育部未另標語音	教育部《重編國語辭典修訂本》
1173	撿	ㄐㄧㄢˇ	ㄐㄧㄢˇ		ㄐㄧㄢˇ	常用音優先；教育部未另標語音	教育部《重編國語辭典修訂本》
1174	濛	ㄇㄥˊ	ㄇㄥˊ		ㄇㄥˊ	常用音優先；教育部未另標語音	教育部《重編國語辭典修訂本》
1175	矇	ㄇㄥˊ	ㄇㄥˊ	ㄇㄥ	ㄇㄥˊ、ㄇㄥ	常用音優先；教育部未另標語音	教育部《重編國語辭典修訂本》
1176	懞	ㄇㄥˊ	ㄇㄥˊ		ㄇㄥˊ	常用音優先；教育部未另標語音	教育部《重編國語辭典修訂本》
1177	似	ㄙˋ	ㄙˋ		ㄙˋ	常用音優先；教育部未另標語音	教育部《重編國語辭典修訂本》
1178	亮	ㄌㄧㄤˋ	ㄌㄧㄤˋ	ㄌㄧㄤˊ	ㄌㄧㄤˋ、ㄌㄧㄤˊ	常用音優先；教育部未另標語音	教育部《重編國語辭典修訂本》
1179	偏	ㄆㄧㄢ	ㄆㄧㄢ		ㄆㄧㄢ	常用音優先；教育部未另標語音	教育部《重編國語辭典修訂本》
1180	糧	ㄌㄧㄤˊ	ㄌㄧㄤˊ		ㄌㄧㄤˊ	常用音優先；教育部未另標語音	教育部《重編國語辭典修訂本》
1181	郭	ㄍㄨㄛ	ㄍㄨㄛ		ㄍㄨㄛ	常用音優先；教育部未另標語音	教育部《重編國語辭典修訂本》
1182	吾	ㄨˊ	ㄨˊ	ㄩˊ	ㄨˊ、ㄩˊ	常用音優先；教育部未另標語音	教育部《重編國語辭典修訂本》
1183	順	ㄕㄨㄣˋ	ㄕㄨㄣˋ		ㄕㄨㄣˋ	常用音優先；教育部未另標語音	教育部《重編國語辭典修訂本》
1184	尾	ㄨㄟˇ	ㄨㄟˇ	ㄧˇ	ㄨㄟˇ、ㄧˇ	常用音優先；教育部未另標語音	教育部《重編國語辭典修訂本》
1185	透	ㄊㄡˋ	ㄊㄡˋ		ㄊㄡˋ	常用音優先；教育部未另標語音	教育部《重編國語辭典修訂本》
1186	臭	ㄔㄡˋ	ㄔㄡˋ	ㄒㄧㄡˋ	ㄔㄡˋ、ㄒㄧㄡˋ	常用音優先；教育部未另標語音	教育部《重編國語辭典修訂本》
1187	寧	ㄋㄧㄥˊ	ㄋㄧㄥˊ	ㄋㄧㄥˋ	ㄋㄧㄥˊ、ㄋㄧㄥˋ	常用音優先；教育部未另標語音	教育部《重編國語辭典修訂本》
1188	態	ㄊㄞˋ	ㄊㄞˋ		ㄊㄞˋ	常用音優先；教育部未另標語音	教育部《重編國語辭典修訂本》
1189	劑	ㄐㄧˋ	ㄐㄧˋ		ㄐㄧˋ	常用音優先；教育部未另標語音	教育部《重編國語辭典修訂本》
1190	索	ㄙㄨㄛˇ	ㄙㄨㄛˇ	ㄙㄨㄛˊ	ㄙㄨㄛˇ、ㄙㄨㄛˊ	常用音優先；教育部未另標語音	教育部《重編國語辭典修訂本》
1191	博	ㄅㄛˊ	ㄅㄛˊ		ㄅㄛˊ	常用音優先；教育部未另標語音	教育部《重編國語辭典修訂本》
1192	甯	ㄋㄧㄥˊ	ㄋㄧㄥˋ		ㄋㄧㄥˋ、ㄋㄧㄥˊ	常用音優先；教育部未另標語音	教育部《重編國語辭典修訂本》
1193	墓	ㄇㄨˋ	ㄇㄨˋ		ㄇㄨˋ	常用音優先；教育部未另標語音	教育部《重編國語辭典修訂本》
1194	暖	ㄋㄨㄢˇ	ㄋㄨㄢˇ	ㄒㄩㄢ	ㄋㄨㄢˇ、ㄒㄩㄢ	常用音優先；教育部未另標語音	教育部《重編國語辭典修訂本》
1195	炮	ㄆㄠˋ	ㄆㄠˊ	ㄅㄠ	ㄆㄠˊ、ㄆㄠˋ、ㄅㄠ	常用音優先；教育部未另標語音	教育部《重編國語辭典修訂本》
1196	施	ㄕ	ㄕ	ㄧˋ、ㄧˊ	ㄕ、ㄧˋ、ㄧˊ	常用音優先；教育部未另標語音	教育部《重編國語辭典修訂本》
1197	旅	ㄌㄩˇ	ㄌㄩˇ		ㄌㄩˇ	常用音優先；教育部未另標語音	教育部《重編國語辭典修訂本》
1198	議	ㄧˋ	ㄧˋ		ㄧˋ	常用音優先；教育部未另標語音	教育部《重編國語辭典修訂本》
1199	冰	ㄅㄧㄥ	ㄅㄧㄥ		ㄅㄧㄥ	常用音優先；教育部未另標語音	教育部《重編國語辭典修訂本》
1200	淨	ㄐㄧㄥˋ	ㄐㄧㄥˋ		ㄐㄧㄥˋ	常用音優先；教育部未另標語音	教育部《重編國語辭典修訂本》
1201	榜	ㄅㄤˇ	ㄅㄤˇ	ㄅㄥˋ	ㄅㄤˇ、ㄅㄥˋ	常用音優先；教育部未另標語音	教育部《重編國語辭典修訂本》
1202	禁	ㄐㄧㄣˋ	ㄐㄧㄣˋ	ㄐㄧㄣ	ㄐㄧㄣˋ、ㄐㄧㄣ	常用音優先；教育部未另標語音	教育部《重編國語辭典修訂本》
1203	險	ㄒㄧㄢˇ	ㄒㄧㄢˇ		ㄒㄧㄢˇ	常用音優先；教育部未另標語音	教育部《重編國語辭典修訂本》
1204	梅	ㄇㄟˊ	ㄇㄟˊ		ㄇㄟˊ	常用音優先；教育部未另標語音	教育部《重編國語辭典修訂本》
1205	曼	ㄇㄢˋ	ㄇㄢˋ	ㄨㄢˋ	ㄇㄢˋ、ㄨㄢˋ	常用音優先；教育部未另標語音	教育部《重編國語辭典修訂本》
1206	圍	ㄨㄟˊ	ㄨㄟˊ		ㄨㄟˊ	常用音優先；教育部未另標語音	教育部《重編國語辭典修訂本》
1207	滅	ㄇㄧㄝˋ	ㄇㄧㄝˋ		ㄇㄧㄝˋ	常用音優先；教育部未另標語音	教育部《重編國語辭典修訂本》
1208	爹	ㄉㄧㄝ	ㄉㄧㄝ		ㄉㄧㄝ	常用音優先；教育部未另標語音	教育部《重編國語辭典修訂本》
1209	薄	ㄅㄠˊ	ㄅㄛˊ	ㄅㄛˋ	ㄅㄛˊ、ㄅㄠˊ、ㄅㄛˋ	教育部標示語音	教育部《重編國語辭典修訂本》
1210	烏	ㄨ	ㄨ		ㄨ	常用音優先；教育部未另標語音	教育部《重編國語辭典修訂本》
1211	霧	ㄨˋ	ㄨˋ		ㄨˋ	常用音優先；教育部未另標語音	教育部《重編國語辭典修訂本》
1212	蔡	ㄘㄞˋ	ㄘㄞˋ	ㄙㄚˋ	ㄘㄞˋ、ㄙㄚˋ	常用音優先；教育部未另標語音	教育部《重編國語辭典修訂本》
1213	娜	ㄋㄚˋ	ㄋㄨㄛˊ		ㄋㄨㄛˊ、ㄋㄚˋ	常用音優先；教育部未另標語音	教育部《重編國語辭典修訂本》
1214	森	ㄙㄣ	ㄙㄣ		ㄙㄣ	常用音優先；教育部未另標語音	教育部《重編國語辭典修訂本》
1215	喬	ㄑㄧㄠˊ	ㄑㄧㄠˊ	ㄐㄧㄠ	ㄑㄧㄠˊ、ㄐㄧㄠ	常用音優先；教育部未另標語音	教育部《重編國語辭典修訂本》
1216	承	ㄔㄥˊ	ㄔㄥˊ		ㄔㄥˊ	常用音優先；教育部未另標語音	教育部《重編國語辭典修訂本》
1217	細	ㄒㄧˋ	ㄒㄧˋ		ㄒㄧˋ	常用音優先；教育部未另標語音	教育部《重編國語辭典修訂本》
1218	陽	ㄧㄤˊ	ㄧㄤˊ		ㄧㄤˊ	常用音優先；教育部未另標語音	教育部《重編國語辭典修訂本》
1219	夾	ㄐㄧㄚ	ㄐㄧㄚˊ	ㄐㄧㄚˋ	ㄐㄧㄚˊ、ㄐㄧㄚ、ㄐㄧㄚˋ	常用音優先；教育部未另標語音	教育部《重編國語辭典修訂本》
1220	丹	ㄉㄢ	ㄉㄢ		ㄉㄢ	常用音優先；教育部未另標語音	教育部《重編國語辭典修訂本》
1221	幅	ㄈㄨˊ	ㄈㄨˊ	ㄅㄧ	ㄈㄨˊ、ㄅㄧ	常用音優先；教育部未另標語音	教育部《重編國語辭典修訂本》
1222	擠	ㄐㄧˇ	ㄐㄧˇ		ㄐㄧˇ	常用音優先；教育部未另標語音	教育部《重編國語辭典修訂本》
1223	測	ㄘㄜˋ	ㄘㄜˋ		ㄘㄜˋ	常用音優先；教育部未另標語音	教育部《重編國語辭典修訂本》
1224	甜	ㄊㄧㄢˊ	ㄊㄧㄢˊ		ㄊㄧㄢˊ	常用音優先；教育部未另標語音	教育部《重編國語辭典修訂本》
1225	醉	ㄗㄨㄟˋ	ㄗㄨㄟˋ		ㄗㄨㄟˋ	常用音優先；教育部未另標語音	教育部《重編國語辭典修訂本》
1226	潮	ㄔㄠˊ	ㄔㄠˊ		ㄔㄠˊ	常用音優先；教育部未另標語音	教育部《重編國語辭典修訂本》
1227	扣	ㄎㄡˋ	ㄎㄡˋ		ㄎㄡˋ	常用音優先；教育部未另標語音	教育部《重編國語辭典修訂本》
1228	困	ㄎㄨㄣˋ	ㄎㄨㄣˋ		ㄎㄨㄣˋ	常用音優先；教育部未另標語音	教育部《重編國語辭典修訂本》
1229	務	ㄨˋ	ㄨˋ		ㄨˋ	常用音優先；教育部未另標語音	教育部《重編國語辭典修訂本》
1230	貝	ㄅㄟˋ	ㄅㄟˋ		ㄅㄟˋ	常用音優先；教育部未另標語音	教育部《重編國語辭典修訂本》
1231	聊	ㄌㄧㄠˊ	ㄌㄧㄠˊ		ㄌㄧㄠˊ	常用音優先；教育部未另標語音	教育部《重編國語辭典修訂本》
1232	嗨	ㄏㄞ	ㄏㄞ		ㄏㄞ	常用音優先；教育部未另標語音	教育部《重編國語辭典修訂本》
1233	睏	ㄎㄨㄣˋ	ㄎㄨㄣˋ		ㄎㄨㄣˋ	常用音優先；教育部未另標語音	教育部《重編國語辭典修訂本》
1234	釦	ㄎㄡˋ	ㄎㄡˋ		ㄎㄡˋ	常用音優先；教育部未另標語音	教育部《重編國語辭典修訂本》
1235	酸	ㄙㄨㄢ	ㄙㄨㄢ		ㄙㄨㄢ	常用音優先；教育部未另標語音	教育部《重編國語辭典修訂本》
1236	烤	ㄎㄠˇ	ㄎㄠˇ		ㄎㄠˇ	常用音優先；教育部未另標語音	教育部《重編國語辭典修訂本》
1237	跪	ㄍㄨㄟˋ	ㄍㄨㄟˋ		ㄍㄨㄟˋ	常用音優先；教育部未另標語音	教育部《重編國語辭典修訂本》
1238	洲	ㄓㄡ	ㄓㄡ		ㄓㄡ	常用音優先；教育部未另標語音	教育部《重編國語辭典修訂本》
1239	枚	ㄇㄟˊ	ㄇㄟˊ		ㄇㄟˊ	常用音優先；教育部未另標語音	教育部《重編國語辭典修訂本》
1240	尤	ㄧㄡˊ	ㄧㄡˊ		ㄧㄡˊ	常用音優先；教育部未另標語音	教育部《重編國語辭典修訂本》
1241	佳	ㄐㄧㄚ	ㄐㄧㄚ		ㄐㄧㄚ	常用音優先；教育部未另標語音	教育部《重編國語辭典修訂本》
1242	埋	ㄇㄞˊ	ㄇㄞˊ	ㄇㄢˊ	ㄇㄞˊ、ㄇㄢˊ	常用音優先；教育部未另標語音	教育部《重編國語辭典修訂本》
1243	鑽	ㄗㄨㄢ	ㄗㄨㄢ	ㄗㄨㄢˇ、ㄗㄨㄢˋ	ㄗㄨㄢ、ㄗㄨㄢˇ、ㄗㄨㄢˋ	常用音優先；教育部未另標語音	教育部《重編國語辭典修訂本》
1244	彩	ㄘㄞˇ	ㄘㄞˇ		ㄘㄞˇ	常用音優先；教育部未另標語音	教育部《重編國語辭典修訂本》
1245	抹	ㄇㄛˇ	ㄇㄛˇ	ㄇㄛˋ	ㄇㄛˇ、ㄇㄛˋ	常用音優先；教育部未另標語音	教育部《重編國語辭典修訂本》
1246	撤	ㄔㄜˋ	ㄔㄜˋ		ㄔㄜˋ	常用音優先；教育部未另標語音	教育部《重編國語辭典修訂本》
1247	租	ㄗㄨ	ㄗㄨ		ㄗㄨ	常用音優先；教育部未另標語音	教育部《重編國語辭典修訂本》
1248	謀	ㄇㄡˊ	ㄇㄡˊ		ㄇㄡˊ	常用音優先；教育部未另標語音	教育部《重編國語辭典修訂本》
1249	拆	ㄔㄞ	ㄔㄜˋ		ㄔㄞ、ㄔㄜˋ	教育部標示語音	教育部《重編國語辭典修訂本》
1250	消	ㄒㄧㄠ	ㄒㄧㄠ		ㄒㄧㄠ	常用音優先；教育部未另標語音	教育部《重編國語辭典修訂本》
1251	虧	ㄎㄨㄟ	ㄎㄨㄟ		ㄎㄨㄟ	常用音優先；教育部未另標語音	教育部《重編國語辭典修訂本》
1252	症	ㄓㄥˋ	ㄓㄥˋ		ㄓㄥˋ	常用音優先；教育部未另標語音	教育部《重編國語辭典修訂本》
1253	雅	ㄧㄚˇ	ㄧㄚˇ	ㄧㄚ	ㄧㄚˇ、ㄧㄚ	常用音優先；教育部未另標語音	教育部《重編國語辭典修訂本》
1254	藝	ㄧˋ	ㄧˋ		ㄧˋ	常用音優先；教育部未另標語音	教育部《重編國語辭典修訂本》
1255	痠	ㄙㄨㄢ	ㄙㄨㄢ		ㄙㄨㄢ	常用音優先；教育部未另標語音	教育部《重編國語辭典修訂本》
1256	癥	ㄓㄥ	ㄓㄥ		ㄓㄥ	常用音優先；教育部未另標語音	教育部《重編國語辭典修訂本》
1257	綵	ㄘㄞˇ	ㄘㄞˇ		ㄘㄞˇ	常用音優先；教育部未另標語音	教育部《重編國語辭典修訂本》
1258	沿	ㄧㄢˊ	ㄧㄢˊ	ㄧㄢˋ	ㄧㄢˊ、ㄧㄢˋ	常用音優先；教育部未另標語音	教育部《重編國語辭典修訂本》
1259	止	ㄓˇ	ㄓˇ		ㄓˇ	常用音優先；教育部未另標語音	教育部《重編國語辭典修訂本》
1260	積	ㄐㄧ	ㄐㄧ		ㄐㄧ	常用音優先；教育部未另標語音	教育部《重編國語辭典修訂本》
1261	趁	ㄔㄣˋ	ㄔㄣˋ		ㄔㄣˋ	常用音優先；教育部未另標語音	教育部《重編國語辭典修訂本》
1262	瓶	ㄆㄧㄥˊ	ㄆㄧㄥˊ		ㄆㄧㄥˊ	常用音優先；教育部未另標語音	教育部《重編國語辭典修訂本》
1263	碳	ㄊㄢˋ	ㄊㄢˋ		ㄊㄢˋ	常用音優先；教育部未另標語音	教育部《重編國語辭典修訂本》
1264	噴	ㄆㄣ	ㄆㄣ	ㄆㄣˋ、ㄈㄣˋ	ㄆㄣ、ㄆㄣˋ、ㄈㄣˋ	常用音優先；教育部未另標語音	教育部《重編國語辭典修訂本》
1265	煩	ㄈㄢˊ	ㄈㄢˊ		ㄈㄢˊ	常用音優先；教育部未另標語音	教育部《重編國語辭典修訂本》
1266	蠻	ㄇㄢˊ	ㄇㄢˊ		ㄇㄢˊ	常用音優先；教育部未另標語音	教育部《重編國語辭典修訂本》
1267	署	ㄕㄨˇ	ㄕㄨˇ	ㄕㄨˋ	ㄕㄨˇ、ㄕㄨˋ	常用音優先；教育部未另標語音	教育部《重編國語辭典修訂本》
1268	茲	ㄗ	ㄗ	ㄘˊ	ㄗ、ㄘˊ	常用音優先；教育部未另標語音	教育部《重編國語辭典修訂本》
1269	宋	ㄙㄨㄥˋ	ㄙㄨㄥˋ		ㄙㄨㄥˋ	常用音優先；教育部未另標語音	教育部《重編國語辭典修訂本》
1270	宗	ㄗㄨㄥ	ㄗㄨㄥ		ㄗㄨㄥ	常用音優先；教育部未另標語音	教育部《重編國語辭典修訂本》
1271	瞎	ㄒㄧㄚ	ㄒㄧㄚ		ㄒㄧㄚ	常用音優先；教育部未另標語音	教育部《重編國語辭典修訂本》
1272	粗	ㄘㄨ	ㄘㄨ		ㄘㄨ	常用音優先；教育部未另標語音	教育部《重編國語辭典修訂本》
1273	煤	ㄇㄟˊ	ㄇㄟˊ		ㄇㄟˊ	常用音優先；教育部未另標語音	教育部《重編國語辭典修訂本》
1274	鋼	ㄍㄤ	ㄍㄤ	ㄍㄤˋ	ㄍㄤ、ㄍㄤˋ	常用音優先；教育部未另標語音	教育部《重編國語辭典修訂本》
1275	沉	ㄔㄣˊ	ㄔㄣˊ		ㄔㄣˊ	常用音優先；教育部未另標語音	教育部《重編國語辭典修訂本》
1276	規	ㄍㄨㄟ	ㄍㄨㄟ		ㄍㄨㄟ	常用音優先；教育部未另標語音	教育部《重編國語辭典修訂本》
1277	濟	ㄐㄧˋ	ㄐㄧˋ	ㄐㄧˇ	ㄐㄧˋ、ㄐㄧˇ	常用音優先；教育部未另標語音	教育部《重編國語辭典修訂本》
1278	溼	ㄕ	ㄕ		ㄕ	常用音優先；教育部未另標語音	教育部《重編國語辭典修訂本》
1279	肥	ㄈㄟˊ	ㄈㄟˊ		ㄈㄟˊ	常用音優先；教育部未另標語音	教育部《重編國語辭典修訂本》
1280	訪	ㄈㄤˇ	ㄈㄤˇ		ㄈㄤˇ	常用音優先；教育部未另標語音	教育部《重編國語辭典修訂本》
1281	錫	ㄒㄧˊ	ㄒㄧˊ		ㄒㄧˊ	常用音優先；教育部未另標語音	教育部《重編國語辭典修訂本》
1282	慘	ㄘㄢˇ	ㄘㄢˇ		ㄘㄢˇ	常用音優先；教育部未另標語音	教育部《重編國語辭典修訂本》
1283	薇	ㄨㄟˊ	ㄨㄟˊ		ㄨㄟˊ	常用音優先；教育部未另標語音	教育部《重編國語辭典修訂本》
1284	喜	ㄒㄧˇ	ㄒㄧˇ		ㄒㄧˇ	常用音優先；教育部未另標語音	教育部《重編國語辭典修訂本》
1285	楚	ㄔㄨˇ	ㄔㄨˇ		ㄔㄨˇ	常用音優先；教育部未另標語音	教育部《重編國語辭典修訂本》
1286	卒	ㄗㄨˊ	ㄗㄨˊ	ㄘㄨˋ	ㄗㄨˊ、ㄘㄨˋ	常用音優先；教育部未另標語音	教育部《重編國語辭典修訂本》
1287	靈	ㄌㄧㄥˊ	ㄌㄧㄥˊ		ㄌㄧㄥˊ	常用音優先；教育部未另標語音	教育部《重編國語辭典修訂本》
1288	閃	ㄕㄢˇ	ㄕㄢˇ		ㄕㄢˇ	常用音優先；教育部未另標語音	教育部《重編國語辭典修訂本》
1289	溫	ㄨㄣ	ㄨㄣ		ㄨㄣ	常用音優先；教育部未另標語音	教育部《重編國語辭典修訂本》
1290	曹	ㄘㄠˊ	ㄘㄠˊ		ㄘㄠˊ	常用音優先；教育部未另標語音	教育部《重編國語辭典修訂本》
1291	緣	ㄩㄢˊ	ㄩㄢˊ	ㄩㄢˋ	ㄩㄢˊ、ㄩㄢˋ	常用音優先；教育部未另標語音	教育部《重編國語辭典修訂本》
1292	己	ㄐㄧˇ	ㄐㄧˇ		ㄐㄧˇ	常用音優先；教育部未另標語音	教育部《重編國語辭典修訂本》
1293	盯	ㄉㄧㄥ	ㄉㄧㄥ		ㄉㄧㄥ	常用音優先；教育部未另標語音	教育部《重編國語辭典修訂本》
1294	私	ㄙ	ㄙ		ㄙ	常用音優先；教育部未另標語音	教育部《重編國語辭典修訂本》
1295	伯	ㄅㄞˇ	ㄅㄛˊ	ㄅㄚˋ	ㄅㄛˊ、ㄅㄞˇ、ㄅㄚˋ	教育部標示語音	教育部《重編國語辭典修訂本》
1296	胖	ㄆㄤˋ	ㄆㄤˋ	ㄆㄢˊ	ㄆㄤˋ、ㄆㄢˊ	常用音優先；教育部未另標語音	教育部《重編國語辭典修訂本》
1297	醜	ㄔㄡˇ	ㄔㄡˇ		ㄔㄡˇ	常用音優先；教育部未另標語音	教育部《重編國語辭典修訂本》
1298	鋪	ㄆㄨˋ	ㄆㄨ		ㄆㄨ、ㄆㄨˋ	常用音優先；教育部未另標語音	教育部《重編國語辭典修訂本》
1299	厚	ㄏㄡˋ	ㄏㄡˋ		ㄏㄡˋ	常用音優先；教育部未另標語音	教育部《重編國語辭典修訂本》
1300	旗	ㄑㄧˊ	ㄑㄧˊ		ㄑㄧˊ	常用音優先；教育部未另標語音	教育部《重編國語辭典修訂本》
1301	羊	ㄧㄤˊ	ㄧㄤˊ	ㄒㄧㄤˊ	ㄧㄤˊ、ㄒㄧㄤˊ	常用音優先；教育部未另標語音	教育部《重編國語辭典修訂本》
1302	容	ㄖㄨㄥˊ	ㄖㄨㄥˊ		ㄖㄨㄥˊ	常用音優先；教育部未另標語音	教育部《重編國語辭典修訂本》
1303	頒	ㄅㄢ	ㄅㄢ		ㄅㄢ	常用音優先；教育部未另標語音	教育部《重編國語辭典修訂本》
1304	摔	ㄕㄨㄞ	ㄕㄨㄞ		ㄕㄨㄞ	常用音優先；教育部未另標語音	教育部《重編國語辭典修訂本》
1305	峰	ㄈㄥ	ㄈㄥ		ㄈㄥ	常用音優先；教育部未另標語音	教育部《重編國語辭典修訂本》
1306	罰	ㄈㄚˊ	ㄈㄚˊ		ㄈㄚˊ	常用音優先；教育部未另標語音	教育部《重編國語辭典修訂本》
1307	泰	ㄊㄞˋ	ㄊㄞˋ		ㄊㄞˋ	常用音優先；教育部未另標語音	教育部《重編國語辭典修訂本》
1308	麗	ㄌㄧˋ	ㄌㄧˋ	ㄌㄧˊ	ㄌㄧˋ、ㄌㄧˊ	常用音優先；教育部未另標語音	教育部《重編國語辭典修訂本》
1309	菲	ㄈㄟ	ㄈㄟˇ	ㄈㄟˋ	ㄈㄟˇ、ㄈㄟ、ㄈㄟˋ	常用音優先；教育部未另標語音	教育部《重編國語辭典修訂本》
1310	旂	ㄑㄧˊ	ㄑㄧˊ		ㄑㄧˊ	常用音優先；教育部未另標語音	教育部《重編國語辭典修訂本》
1311	禮	ㄌㄧˇ	ㄌㄧˇ		ㄌㄧˇ	常用音優先；教育部未另標語音	教育部《重編國語辭典修訂本》
1312	撲	ㄆㄨ	ㄆㄨ		ㄆㄨ	常用音優先；教育部未另標語音	教育部《重編國語辭典修訂本》
1313	獻	ㄒㄧㄢˋ	ㄒㄧㄢˋ		ㄒㄧㄢˋ	常用音優先；教育部未另標語音	教育部《重編國語辭典修訂本》
1314	探	ㄊㄢˋ	ㄊㄢˋ	ㄊㄢ	ㄊㄢˋ、ㄊㄢ	常用音優先；教育部未另標語音	教育部《重編國語辭典修訂本》
1315	互	ㄏㄨˋ	ㄏㄨˋ		ㄏㄨˋ	常用音優先；教育部未另標語音	教育部《重編國語辭典修訂本》
1316	威	ㄨㄟ	ㄨㄟ		ㄨㄟ	常用音優先；教育部未另標語音	教育部《重編國語辭典修訂本》
1317	轟	ㄏㄨㄥ	ㄏㄨㄥ		ㄏㄨㄥ	常用音優先；教育部未另標語音	教育部《重編國語辭典修訂本》
1318	鴨	ㄧㄚ	ㄧㄚ		ㄧㄚ	常用音優先；教育部未另標語音	教育部《重編國語辭典修訂本》
1319	狠	ㄏㄣˇ	ㄏㄣˇ		ㄏㄣˇ	常用音優先；教育部未另標語音	教育部《重編國語辭典修訂本》
1320	暫	ㄓㄢˋ	ㄗㄢˋ		ㄓㄢˋ、ㄗㄢˋ	教育部標示語音	教育部《重編國語辭典修訂本》
1321	判	ㄆㄢˋ	ㄆㄢˋ		ㄆㄢˋ	常用音優先；教育部未另標語音	教育部《重編國語辭典修訂本》
1322	杜	ㄉㄨˋ	ㄉㄨˋ		ㄉㄨˋ	常用音優先；教育部未另標語音	教育部《重編國語辭典修訂本》
1323	弗	ㄈㄨˊ	ㄈㄨˊ		ㄈㄨˊ	常用音優先；教育部未另標語音	教育部《重編國語辭典修訂本》
1324	功	ㄍㄨㄥ	ㄍㄨㄥ		ㄍㄨㄥ	常用音優先；教育部未另標語音	教育部《重編國語辭典修訂本》
1325	側	ㄘㄜˋ	ㄘㄜˋ	ㄗㄜˋ	ㄘㄜˋ、ㄗㄜˋ	常用音優先；教育部未另標語音	教育部《重編國語辭典修訂本》
1326	扶	ㄈㄨˊ	ㄈㄨˊ		ㄈㄨˊ	常用音優先；教育部未另標語音	教育部《重編國語辭典修訂本》
1327	跌	ㄉㄧㄝˊ	ㄉㄧㄝˊ		ㄉㄧㄝˊ	常用音優先；教育部未另標語音	教育部《重編國語辭典修訂本》
1328	撥	ㄅㄛ	ㄅㄛ		ㄅㄛ	常用音優先；教育部未另標語音	教育部《重編國語辭典修訂本》
1329	殼	ㄎㄜˊ	ㄎㄜˊ	ㄑㄧㄠˋ、ㄑㄩㄝˋ	ㄎㄜˊ、ㄑㄧㄠˋ、ㄑㄩㄝˋ	常用音優先；教育部未另標語音	教育部《重編國語辭典修訂本》
1330	巨	ㄐㄩˋ	ㄐㄩˋ		ㄐㄩˋ	常用音優先；教育部未另標語音	教育部《重編國語辭典修訂本》
1331	莊	ㄓㄨㄤ	ㄓㄨㄤ		ㄓㄨㄤ	常用音優先；教育部未另標語音	教育部《重編國語辭典修訂本》
1332	鄭	ㄓㄥˋ	ㄓㄥˋ		ㄓㄥˋ	常用音優先；教育部未另標語音	教育部《重編國語辭典修訂本》
1333	堡	ㄅㄠˇ	ㄅㄠˇ	ㄆㄨˋ	ㄅㄠˇ、ㄆㄨˋ	常用音優先；教育部未另標語音	教育部《重編國語辭典修訂本》
1334	邀	ㄧㄠ	ㄧㄠ		ㄧㄠ	常用音優先；教育部未另標語音	教育部《重編國語辭典修訂本》
1335	掙	ㄓㄥ	ㄓㄥ	ㄓㄥˋ	ㄓㄥ、ㄓㄥˋ	常用音優先；教育部未另標語音	教育部《重編國語辭典修訂本》
1336	秘	ㄇㄧˋ	ㄇㄧˋ	ㄅㄧˋ	ㄇㄧˋ、ㄅㄧˋ	常用音優先；教育部未另標語音	教育部《重編國語辭典修訂本》
1337	鍵	ㄐㄧㄢˋ	ㄐㄧㄢˋ		ㄐㄧㄢˋ	常用音優先；教育部未另標語音	教育部《重編國語辭典修訂本》
1338	帥	ㄕㄨㄞˋ	ㄕㄨㄛˋ		ㄕㄨㄞˋ、ㄕㄨㄛˋ	教育部標示語音	教育部《重編國語辭典修訂本》
1339	播	ㄅㄛˋ	ㄅㄛˋ		ㄅㄛˋ	常用音優先；教育部未另標語音	教育部《重編國語辭典修訂本》
1340	鉅	ㄐㄩˋ	ㄐㄩˋ		ㄐㄩˋ	常用音優先；教育部未另標語音	教育部《重編國語辭典修訂本》
1341	殿	ㄉㄧㄢˋ	ㄉㄧㄢˋ		ㄉㄧㄢˋ	常用音優先；教育部未另標語音	教育部《重編國語辭典修訂本》
1342	擊	ㄐㄧˊ	ㄐㄧˊ		ㄐㄧˊ	常用音優先；教育部未另標語音	教育部《重編國語辭典修訂本》
1343	奪	ㄉㄨㄛˊ	ㄉㄨㄛˊ		ㄉㄨㄛˊ	常用音優先；教育部未另標語音	教育部《重編國語辭典修訂本》
1344	蟲	ㄔㄨㄥˊ	ㄔㄨㄥˊ		ㄔㄨㄥˊ	常用音優先；教育部未另標語音	教育部《重編國語辭典修訂本》
1345	思	ㄙ	ㄙˋ	ㄙㄞ	ㄙ、ㄙˋ、ㄙㄞ	常用音優先；教育部未另標語音	教育部《重編國語辭典修訂本》
1346	堆	ㄉㄨㄟ	ㄉㄨㄟ		ㄉㄨㄟ	常用音優先；教育部未另標語音	教育部《重編國語辭典修訂本》
1347	遍	ㄆㄧㄢˋ	ㄅㄧㄢˋ		ㄅㄧㄢˋ、ㄆㄧㄢˋ	教育部標示語音	教育部《重編國語辭典修訂本》
1348	患	ㄏㄨㄢˋ	ㄏㄨㄢˋ		ㄏㄨㄢˋ	常用音優先；教育部未另標語音	教育部《重編國語辭典修訂本》
1349	掃	ㄙㄠˇ	ㄙㄠˇ	ㄙㄠˋ	ㄙㄠˇ、ㄙㄠˋ	常用音優先；教育部未另標語音	教育部《重編國語辭典修訂本》
1350	槽	ㄘㄠˊ	ㄘㄠˊ		ㄘㄠˊ	常用音優先；教育部未另標語音	教育部《重編國語辭典修訂本》
1351	迷	ㄇㄧˊ	ㄇㄧˊ		ㄇㄧˊ	常用音優先；教育部未另標語音	教育部《重編國語辭典修訂本》
1352	充	ㄔㄨㄥ	ㄔㄨㄥ		ㄔㄨㄥ	常用音優先；教育部未另標語音	教育部《重編國語辭典修訂本》
1353	蝦	ㄒㄧㄚ	ㄒㄧㄚ	ㄏㄚˊ	ㄒㄧㄚ、ㄏㄚˊ	常用音優先；教育部未另標語音	教育部《重編國語辭典修訂本》
1354	導	ㄉㄠˇ	ㄉㄠˋ		ㄉㄠˇ、ㄉㄠˋ	教育部標示語音	教育部《重編國語辭典修訂本》
1355	賴	ㄌㄞˋ	ㄌㄞˋ		ㄌㄞˋ	常用音優先；教育部未另標語音	教育部《重編國語辭典修訂本》
1356	啪	ㄆㄚ	ㄆㄚ	ㄆㄧㄚ	ㄆㄚ、ㄆㄧㄚ	常用音優先；教育部未另標語音	教育部《重編國語辭典修訂本》
1357	戀	ㄌㄧㄢˋ	ㄌㄧㄢˋ		ㄌㄧㄢˋ	常用音優先；教育部未另標語音	教育部《重編國語辭典修訂本》
1358	攻	ㄍㄨㄥ	ㄍㄨㄥ		ㄍㄨㄥ	常用音優先；教育部未另標語音	教育部《重編國語辭典修訂本》
1359	汗	ㄏㄢˋ	ㄏㄢˋ	ㄏㄢˊ	ㄏㄢˋ、ㄏㄢˊ	常用音優先；教育部未另標語音	教育部《重編國語辭典修訂本》
1360	敗	ㄅㄞˋ	ㄅㄞˋ		ㄅㄞˋ	常用音優先；教育部未另標語音	教育部《重編國語辭典修訂本》
1361	灰	ㄏㄨㄟ	ㄏㄨㄟ		ㄏㄨㄟ	常用音優先；教育部未另標語音	教育部《重編國語辭典修訂本》
1362	忍	ㄖㄣˇ	ㄖㄣˇ		ㄖㄣˇ	常用音優先；教育部未另標語音	教育部《重編國語辭典修訂本》
1363	紋	ㄨㄣˊ	ㄨㄣˊ		ㄨㄣˊ	常用音優先；教育部未另標語音	教育部《重編國語辭典修訂本》
1364	瘦	ㄕㄡˋ	ㄕㄡˋ		ㄕㄡˋ	常用音優先；教育部未另標語音	教育部《重編國語辭典修訂本》
1365	儀	ㄧˊ	ㄧˊ		ㄧˊ	常用音優先；教育部未另標語音	教育部《重編國語辭典修訂本》
1366	爸	ㄅㄚˋ	ㄅㄚˋ		ㄅㄚˋ	常用音優先；教育部未另標語音	教育部《重編國語辭典修訂本》
1367	剪	ㄐㄧㄢˇ	ㄐㄧㄢˇ		ㄐㄧㄢˇ	常用音優先；教育部未另標語音	教育部《重編國語辭典修訂本》
1368	鉤	ㄍㄡ	ㄍㄡ		ㄍㄡ	常用音優先；教育部未另標語音	教育部《重編國語辭典修訂本》
1369	宣	ㄒㄩㄢ	ㄒㄩㄢ		ㄒㄩㄢ	常用音優先；教育部未另標語音	教育部《重編國語辭典修訂本》
1370	奶	ㄋㄞˇ	ㄋㄞˇ		ㄋㄞˇ	常用音優先；教育部未另標語音	教育部《重編國語辭典修訂本》
1371	康	ㄎㄤ	ㄎㄤ		ㄎㄤ	常用音優先；教育部未另標語音	教育部《重編國語辭典修訂本》
1372	賠	ㄆㄟˊ	ㄆㄟˊ		ㄆㄟˊ	常用音優先；教育部未另標語音	教育部《重編國語辭典修訂本》
1373	迪	ㄉㄧˊ	ㄉㄧˊ		ㄉㄧˊ	常用音優先；教育部未另標語音	教育部《重編國語辭典修訂本》
1374	腰	ㄧㄠ	ㄧㄠ		ㄧㄠ	常用音優先；教育部未另標語音	教育部《重編國語辭典修訂本》
1375	衣	ㄧ	ㄧ	ㄧˋ	ㄧ、ㄧˋ	常用音優先；教育部未另標語音	教育部《重編國語辭典修訂本》
1376	脈	ㄇㄞˋ	ㄇㄞˋ	ㄇㄛˋ	ㄇㄞˋ、ㄇㄛˋ	常用音優先；教育部未另標語音	教育部《重編國語辭典修訂本》
1377	雄	ㄒㄩㄥˊ	ㄒㄩㄥˊ		ㄒㄩㄥˊ	常用音優先；教育部未另標語音	教育部《重編國語辭典修訂本》
1378	鍋	ㄍㄨㄛ	ㄍㄨㄛ		ㄍㄨㄛ	常用音優先；教育部未另標語音	教育部《重編國語辭典修訂本》
1379	芙	ㄈㄨˊ	ㄈㄨˊ		ㄈㄨˊ	常用音優先；教育部未另標語音	教育部《重編國語辭典修訂本》
1380	陰	ㄧㄣ	ㄧㄣ	ㄧㄣˋ、ㄢ	ㄧㄣ、ㄧㄣˋ、ㄢ	常用音優先；教育部未另標語音	教育部《重編國語辭典修訂本》
1381	礦	ㄎㄨㄤˋ	ㄎㄨㄤˋ	ㄍㄨㄥˇ	ㄎㄨㄤˋ、ㄍㄨㄥˇ	常用音優先；教育部未另標語音	教育部《重編國語辭典修訂本》
1382	速	ㄙㄨˋ	ㄙㄨˋ		ㄙㄨˋ	常用音優先；教育部未另標語音	教育部《重編國語辭典修訂本》
1383	釘	ㄉㄧㄥ	ㄉㄧㄥ	ㄉㄧㄥˋ	ㄉㄧㄥ、ㄉㄧㄥˋ	常用音優先；教育部未另標語音	教育部《重編國語辭典修訂本》
1384	稿	ㄍㄠˇ	ㄍㄠˇ		ㄍㄠˇ	常用音優先；教育部未另標語音	教育部《重編國語辭典修訂本》
1385	奴	ㄋㄨˊ	ㄋㄨˊ		ㄋㄨˊ	常用音優先；教育部未另標語音	教育部《重編國語辭典修訂本》
1386	階	ㄐㄧㄝ	ㄐㄧㄝ		ㄐㄧㄝ	常用音優先；教育部未另標語音	教育部《重編國語辭典修訂本》
1387	暈	ㄩㄣ	ㄩㄣ	ㄩㄣˋ、ㄧㄣˋ	ㄩㄣ、ㄩㄣˋ、ㄧㄣˋ	常用音優先；教育部未另標語音	教育部《重編國語辭典修訂本》
1388	夥	ㄏㄨㄛˇ	ㄏㄨㄛˇ		ㄏㄨㄛˇ	常用音優先；教育部未另標語音	教育部《重編國語辭典修訂本》
1389	友	ㄧㄡˇ	ㄧㄡˇ		ㄧㄡˇ	常用音優先；教育部未另標語音	教育部《重編國語辭典修訂本》
1390	拒	ㄐㄩˋ	ㄐㄩˋ		ㄐㄩˋ	常用音優先；教育部未另標語音	教育部《重編國語辭典修訂本》
1391	唯	ㄨㄟˊ	ㄨㄟˊ	ㄨㄟˇ	ㄨㄟˊ、ㄨㄟˇ	常用音優先；教育部未另標語音	教育部《重編國語辭典修訂本》
1392	翹	ㄑㄧㄠˋ	ㄑㄧㄠˊ		ㄑㄧㄠˊ、ㄑㄧㄠˋ	常用音優先；教育部未另標語音	教育部《重編國語辭典修訂本》
1393	武	ㄨˇ	ㄨˇ		ㄨˇ	常用音優先；教育部未另標語音	教育部《重編國語辭典修訂本》
1394	咱	ㄗㄢˊ	ㄗㄢˊ	ㄗㄚˊ	ㄗㄢˊ、ㄗㄚˊ	常用音優先；教育部未另標語音	教育部《重編國語辭典修訂本》
1395	猛	ㄇㄥˇ	ㄇㄥˇ		ㄇㄥˇ	常用音優先；教育部未另標語音	教育部《重編國語辭典修訂本》
1396	授	ㄕㄡˋ	ㄕㄡˋ		ㄕㄡˋ	常用音優先；教育部未另標語音	教育部《重編國語辭典修訂本》
1397	氏	ㄕˋ	ㄕˋ	ㄓ	ㄕˋ、ㄓ	常用音優先；教育部未另標語音	教育部《重編國語辭典修訂本》
1398	針	ㄓㄣ	ㄓㄣ		ㄓㄣ	常用音優先；教育部未另標語音	教育部《重編國語辭典修訂本》
1399	賜	ㄘˋ	ㄙˋ		ㄙˋ、ㄘˋ	教育部標示語音	教育部《重編國語辭典修訂本》
1400	斬	ㄓㄢˇ	ㄓㄢˇ		ㄓㄢˇ	常用音優先；教育部未另標語音	教育部《重編國語辭典修訂本》
1401	執	ㄓˊ	ㄓˊ		ㄓˊ	常用音優先；教育部未另標語音	教育部《重編國語辭典修訂本》
1402	妻	ㄑㄧ	ㄑㄧ	ㄑㄧˋ	ㄑㄧ、ㄑㄧˋ	常用音優先；教育部未另標語音	教育部《重編國語辭典修訂本》
1403	朗	ㄌㄤˇ	ㄌㄤˇ		ㄌㄤˇ	常用音優先；教育部未另標語音	教育部《重編國語辭典修訂本》
1404	餅	ㄅㄧㄥˇ	ㄅㄧㄥˇ		ㄅㄧㄥˇ	常用音優先；教育部未另標語音	教育部《重編國語辭典修訂本》
1405	填	ㄊㄧㄢˊ	ㄊㄧㄢˊ		ㄊㄧㄢˊ	常用音優先；教育部未另標語音	教育部《重編國語辭典修訂本》
1406	刮	ㄍㄨㄚ	ㄍㄨㄚ		ㄍㄨㄚ	常用音優先；教育部未另標語音	教育部《重編國語辭典修訂本》
1407	蔣	ㄐㄧㄤˇ	ㄐㄧㄤˇ		ㄐㄧㄤˇ	常用音優先；教育部未另標語音	教育部《重編國語辭典修訂本》
1408	紀	ㄐㄧˋ	ㄐㄧˋ	ㄐㄧˇ	ㄐㄧˋ、ㄐㄧˇ	常用音優先；教育部未另標語音	教育部《重編國語辭典修訂本》
1409	傑	ㄐㄧㄝˊ	ㄐㄧㄝˊ		ㄐㄧㄝˊ	常用音優先；教育部未另標語音	教育部《重編國語辭典修訂本》
1410	瑪	ㄇㄚˇ	ㄇㄚˇ		ㄇㄚˇ	常用音優先；教育部未另標語音	教育部《重編國語辭典修訂本》
1411	酷	ㄎㄨˋ	ㄎㄨˋ		ㄎㄨˋ	常用音優先；教育部未另標語音	教育部《重編國語辭典修訂本》
1412	骨	ㄍㄨˇ	ㄍㄨˇ	ㄍㄨ、ㄍㄨˊ	ㄍㄨˇ、ㄍㄨ、ㄍㄨˊ	常用音優先；教育部未另標語音	教育部《重編國語辭典修訂本》
1413	智	ㄓˋ	ㄓˋ		ㄓˋ	常用音優先；教育部未另標語音	教育部《重編國語辭典修訂本》
1414	畢	ㄅㄧˋ	ㄅㄧˋ		ㄅㄧˋ	常用音優先；教育部未另標語音	教育部《重編國語辭典修訂本》
1415	穴	ㄒㄩㄝˊ	ㄒㄩㄝˋ		ㄒㄩㄝˋ、ㄒㄩㄝˊ	常用音優先；教育部未另標語音	教育部《重編國語辭典修訂本》
1416	淺	ㄑㄧㄢˇ	ㄑㄧㄢˇ	ㄐㄧㄢ	ㄑㄧㄢˇ、ㄐㄧㄢ	常用音優先；教育部未另標語音	教育部《重編國語辭典修訂本》
1417	閣	ㄍㄜˊ	ㄍㄜˊ		ㄍㄜˊ	常用音優先；教育部未另標語音	教育部《重編國語辭典修訂本》
1418	割	ㄍㄜ	ㄍㄜ		ㄍㄜ	常用音優先；教育部未另標語音	教育部《重編國語辭典修訂本》
1419	永	ㄩㄥˇ	ㄩㄥˇ		ㄩㄥˇ	常用音優先；教育部未另標語音	教育部《重編國語辭典修訂本》
1420	吊	ㄉㄧㄠˋ	ㄉㄧㄠˋ		ㄉㄧㄠˋ	常用音優先；教育部未另標語音	教育部《重編國語辭典修訂本》
1421	泛	ㄈㄢˋ	ㄈㄢˋ	ㄈㄥˇ	ㄈㄢˋ、ㄈㄥˇ	常用音優先；教育部未另標語音	教育部《重編國語辭典修訂本》
1422	勞	ㄌㄠˊ	ㄌㄠˊ	ㄌㄠˋ	ㄌㄠˊ、ㄌㄠˋ	常用音優先；教育部未另標語音	教育部《重編國語辭典修訂本》
1423	吵	ㄔㄠˇ	ㄔㄠˇ		ㄔㄠˇ	常用音優先；教育部未另標語音	教育部《重編國語辭典修訂本》
1424	俠	ㄒㄧㄚˊ	ㄒㄧㄚˊ	ㄐㄧㄚˊ	ㄒㄧㄚˊ、ㄐㄧㄚˊ	常用音優先；教育部未另標語音	教育部《重編國語辭典修訂本》
1425	鄧	ㄉㄥˋ	ㄉㄥˋ		ㄉㄥˋ	常用音優先；教育部未另標語音	教育部《重編國語辭典修訂本》
1426	氾	ㄈㄢˋ	ㄈㄢˋ	ㄈㄢˊ	ㄈㄢˋ、ㄈㄢˊ	常用音優先；教育部未另標語音	教育部《重編國語辭典修訂本》
1427	弔	ㄉㄧㄠˋ	ㄉㄧㄠˋ		ㄉㄧㄠˋ	常用音優先；教育部未另標語音	教育部《重編國語辭典修訂本》
1428	汎	ㄈㄢˋ	ㄈㄢˋ		ㄈㄢˋ	常用音優先；教育部未另標語音	教育部《重編國語辭典修訂本》
1429	驚	ㄐㄧㄥ	ㄐㄧㄥ		ㄐㄧㄥ	常用音優先；教育部未另標語音	教育部《重編國語辭典修訂本》
1430	聚	ㄐㄩˋ	ㄐㄩˋ		ㄐㄩˋ	常用音優先；教育部未另標語音	教育部《重編國語辭典修訂本》
1431	滬	ㄏㄨˋ	ㄏㄨˋ		ㄏㄨˋ	常用音優先；教育部未另標語音	教育部《重編國語辭典修訂本》
1432	徐	ㄒㄩˊ	ㄒㄩˊ		ㄒㄩˊ	常用音優先；教育部未另標語音	教育部《重編國語辭典修訂本》
1433	錦	ㄐㄧㄣˇ	ㄐㄧㄣˇ		ㄐㄧㄣˇ	常用音優先；教育部未另標語音	教育部《重編國語辭典修訂本》
1434	鄰	ㄌㄧㄣˊ	ㄌㄧㄣˊ		ㄌㄧㄣˊ	常用音優先；教育部未另標語音	教育部《重編國語辭典修訂本》
1435	鏡	ㄐㄧㄥˋ	ㄐㄧㄥˋ		ㄐㄧㄥˋ	常用音優先；教育部未另標語音	教育部《重編國語辭典修訂本》
1436	盧	ㄌㄨˊ	ㄌㄨˊ		ㄌㄨˊ	常用音優先；教育部未另標語音	教育部《重編國語辭典修訂本》
1437	醬	ㄐㄧㄤˋ	ㄐㄧㄤˋ		ㄐㄧㄤˋ	常用音優先；教育部未另標語音	教育部《重編國語辭典修訂本》
1438	蒂	ㄉㄧˋ	ㄉㄧˋ		ㄉㄧˋ	常用音優先；教育部未另標語音	教育部《重編國語辭典修訂本》
1439	捉	ㄓㄨㄛ	ㄓㄨㄛ		ㄓㄨㄛ	常用音優先；教育部未另標語音	教育部《重編國語辭典修訂本》
1440	嫩	ㄋㄣˋ	ㄋㄣˋ		ㄋㄣˋ	常用音優先；教育部未另標語音	教育部《重編國語辭典修訂本》
1441	倫	ㄌㄨㄣˊ	ㄌㄨㄣˊ		ㄌㄨㄣˊ	常用音優先；教育部未另標語音	教育部《重編國語辭典修訂本》
1442	妹	ㄇㄟˋ	ㄇㄟˋ		ㄇㄟˋ	常用音優先；教育部未另標語音	教育部《重編國語辭典修訂本》
1443	坦	ㄊㄢˇ	ㄊㄢˇ		ㄊㄢˇ	常用音優先；教育部未另標語音	教育部《重編國語辭典修訂本》
1444	龜	ㄍㄨㄟ	ㄍㄨㄟ	ㄐㄩㄣ、ㄑㄧㄡ	ㄍㄨㄟ、ㄐㄩㄣ、ㄑㄧㄡ	常用音優先；教育部未另標語音	教育部《重編國語辭典修訂本》
1445	誠	ㄔㄥˊ	ㄔㄥˊ		ㄔㄥˊ	常用音優先；教育部未另標語音	教育部《重編國語辭典修訂本》
1446	澳	ㄠˋ	ㄠˋ	ㄩˋ	ㄠˋ、ㄩˋ	常用音優先；教育部未另標語音	教育部《重編國語辭典修訂本》
1447	盾	ㄉㄨㄣˋ	ㄉㄨㄣˋ	ㄕㄨㄣˇ	ㄉㄨㄣˋ、ㄕㄨㄣˇ	常用音優先；教育部未另標語音	教育部《重編國語辭典修訂本》
1448	屁	ㄆㄧˋ	ㄆㄧˋ		ㄆㄧˋ	常用音優先；教育部未另標語音	教育部《重編國語辭典修訂本》
1449	輯	ㄐㄧˊ	ㄐㄧˊ		ㄐㄧˊ	常用音優先；教育部未另標語音	教育部《重編國語辭典修訂本》
1450	御	ㄩˋ	ㄩˋ	ㄧㄚˋ	ㄩˋ、ㄧㄚˋ	常用音優先；教育部未另標語音	教育部《重編國語辭典修訂本》
1451	迎	ㄧㄥˊ	ㄧㄥˊ	ㄧㄥˋ	ㄧㄥˊ、ㄧㄥˋ	常用音優先；教育部未另標語音	教育部《重編國語辭典修訂本》
1452	耳	ㄦˇ	ㄦˇ		ㄦˇ	常用音優先；教育部未另標語音	教育部《重編國語辭典修訂本》
1453	碗	ㄨㄢˇ	ㄨㄢˇ		ㄨㄢˇ	常用音優先；教育部未另標語音	教育部《重編國語辭典修訂本》
1454	孔	ㄎㄨㄥˇ	ㄎㄨㄥˇ		ㄎㄨㄥˇ	常用音優先；教育部未另標語音	教育部《重編國語辭典修訂本》
1455	拋	ㄆㄠ	ㄆㄠ		ㄆㄠ	常用音優先；教育部未另標語音	教育部《重編國語辭典修訂本》
1456	郎	ㄌㄤˊ	ㄌㄤˊ		ㄌㄤˊ	常用音優先；教育部未另標語音	教育部《重編國語辭典修訂本》
1457	箱	ㄒㄧㄤ	ㄒㄧㄤ		ㄒㄧㄤ	常用音優先；教育部未另標語音	教育部《重編國語辭典修訂本》
1458	醫	ㄧ	ㄧ		ㄧ	常用音優先；教育部未另標語音	教育部《重編國語辭典修訂本》
1459	嗚	ㄨ	ㄨ		ㄨ	常用音優先；教育部未另標語音	教育部《重編國語辭典修訂本》
1460	屎	ㄕˇ	ㄕˇ	ㄒㄧ	ㄕˇ、ㄒㄧ	常用音優先；教育部未另標語音	教育部《重編國語辭典修訂本》
1461	仔	ㄗㄞˇ	ㄗ	ㄗˇ	ㄗ、ㄗㄞˇ、ㄗˇ	常用音優先；教育部未另標語音	教育部《重編國語辭典修訂本》
1462	唔	ㄨˊ	ㄨˊ		ㄨˊ	常用音優先；教育部未另標語音	教育部《重編國語辭典修訂本》
1463	禦	ㄩˋ	ㄩˋ		ㄩˋ	常用音優先；教育部未另標語音	教育部《重編國語辭典修訂本》
1464	玉	ㄩˋ	ㄩˋ		ㄩˋ	常用音優先；教育部未另標語音	教育部《重編國語辭典修訂本》
1465	怒	ㄋㄨˋ	ㄋㄨˋ		ㄋㄨˋ	常用音優先；教育部未另標語音	教育部《重編國語辭典修訂本》
1466	奉	ㄈㄥˋ	ㄈㄥˋ		ㄈㄥˋ	常用音優先；教育部未另標語音	教育部《重編國語辭典修訂本》
1467	婚	ㄏㄨㄣ	ㄏㄨㄣ		ㄏㄨㄣ	常用音優先；教育部未另標語音	教育部《重編國語辭典修訂本》
1468	滑	ㄏㄨㄚˊ	ㄏㄨㄚˊ	ㄍㄨˇ	ㄏㄨㄚˊ、ㄍㄨˇ	常用音優先；教育部未另標語音	教育部《重編國語辭典修訂本》
1469	妖	ㄧㄠ	ㄧㄠ		ㄧㄠ	常用音優先；教育部未另標語音	教育部《重編國語辭典修訂本》
1470	雜	ㄗㄚˊ	ㄗㄚˊ		ㄗㄚˊ	常用音優先；教育部未另標語音	教育部《重編國語辭典修訂本》
1471	敲	ㄑㄧㄠ	ㄑㄧㄠ		ㄑㄧㄠ	常用音優先；教育部未另標語音	教育部《重編國語辭典修訂本》
1472	懷	ㄏㄨㄞˊ	ㄏㄨㄞˊ		ㄏㄨㄞˊ	常用音優先；教育部未另標語音	教育部《重編國語辭典修訂本》
1473	野	ㄧㄝˇ	ㄧㄝˇ		ㄧㄝˇ	常用音優先；教育部未另標語音	教育部《重編國語辭典修訂本》
1474	競	ㄐㄧㄥˋ	ㄐㄧㄥˋ		ㄐㄧㄥˋ	常用音優先；教育部未另標語音	教育部《重編國語辭典修訂本》
1475	飾	ㄕˋ	ㄕˋ		ㄕˋ	常用音優先；教育部未另標語音	教育部《重編國語辭典修訂本》
1476	霍	ㄏㄨㄛˋ	ㄏㄨㄛˋ		ㄏㄨㄛˋ	常用音優先；教育部未另標語音	教育部《重編國語辭典修訂本》
1477	犬	ㄑㄩㄢˇ	ㄑㄩㄢˇ		ㄑㄩㄢˇ	常用音優先；教育部未另標語音	教育部《重編國語辭典修訂本》
1478	券	ㄑㄩㄢˋ	ㄑㄩㄢˋ		ㄑㄩㄢˋ	常用音優先；教育部未另標語音	教育部《重編國語辭典修訂本》
1479	奔	ㄅㄣ	ㄅㄣ	ㄅㄣˋ	ㄅㄣ、ㄅㄣˋ	常用音優先；教育部未另標語音	教育部《重編國語辭典修訂本》
1480	銅	ㄊㄨㄥˊ	ㄊㄨㄥˊ		ㄊㄨㄥˊ	常用音優先；教育部未另標語音	教育部《重編國語辭典修訂本》
1481	抬	ㄊㄞˊ	ㄊㄞˊ		ㄊㄞˊ	常用音優先；教育部未另標語音	教育部《重編國語辭典修訂本》
1482	秋	ㄑㄧㄡ	ㄑㄧㄡ		ㄑㄧㄡ	常用音優先；教育部未另標語音	教育部《重編國語辭典修訂本》
1483	赤	ㄔˋ	ㄔˋ		ㄔˋ	常用音優先；教育部未另標語音	教育部《重編國語辭典修訂本》
1484	握	ㄨㄛˋ	ㄨㄛˋ		ㄨㄛˋ	常用音優先；教育部未另標語音	教育部《重編國語辭典修訂本》
1485	律	ㄌㄩˋ	ㄌㄩˋ		ㄌㄩˋ	常用音優先；教育部未另標語音	教育部《重編國語辭典修訂本》
1486	突	ㄊㄨˊ	ㄊㄨˊ		ㄊㄨˊ	常用音優先；教育部未另標語音	教育部《重編國語辭典修訂本》
1487	繪	ㄏㄨㄟˋ	ㄏㄨㄟˋ		ㄏㄨㄟˋ	常用音優先；教育部未另標語音	教育部《重編國語辭典修訂本》
1488	嫌	ㄒㄧㄢˊ	ㄒㄧㄢˊ		ㄒㄧㄢˊ	常用音優先；教育部未另標語音	教育部《重編國語辭典修訂本》
1489	兌	ㄉㄨㄟˋ	ㄉㄨㄟˋ		ㄉㄨㄟˋ	常用音優先；教育部未另標語音	教育部《重編國語辭典修訂本》
1490	膽	ㄉㄢˇ	ㄉㄢˇ		ㄉㄢˇ	常用音優先；教育部未另標語音	教育部《重編國語辭典修訂本》
1491	帕	ㄆㄚˋ	ㄆㄚˋ		ㄆㄚˋ	常用音優先；教育部未另標語音	教育部《重編國語辭典修訂本》
1492	磅	ㄅㄤˋ	ㄅㄤˋ	ㄅㄥˋ、ㄆㄤ	ㄅㄤˋ、ㄅㄥˋ、ㄆㄤ	常用音優先；教育部未另標語音	教育部《重編國語辭典修訂本》
1493	鞦	ㄑㄧㄡ	ㄑㄧㄡ		ㄑㄧㄡ	常用音優先；教育部未另標語音	教育部《重編國語辭典修訂本》
1494	扇	ㄕㄢˋ	ㄕㄢˋ	ㄕㄢ	ㄕㄢˋ、ㄕㄢ	常用音優先；教育部未另標語音	教育部《重編國語辭典修訂本》
1495	膜	ㄇㄛˊ	ㄇㄛˋ		ㄇㄛˋ、ㄇㄛˊ	常用音優先；教育部未另標語音	教育部《重編國語辭典修訂本》
1496	琴	ㄑㄧㄣˊ	ㄑㄧㄣˊ		ㄑㄧㄣˊ	常用音優先；教育部未另標語音	教育部《重編國語辭典修訂本》
1497	伴	ㄅㄢˋ	ㄅㄢˋ		ㄅㄢˋ	常用音優先；教育部未另標語音	教育部《重編國語辭典修訂本》
1498	塗	ㄊㄨˊ	ㄊㄨˊ		ㄊㄨˊ	常用音優先；教育部未另標語音	教育部《重編國語辭典修訂本》
1499	湊	ㄘㄡˋ	ㄘㄡˋ		ㄘㄡˋ	常用音優先；教育部未另標語音	教育部《重編國語辭典修訂本》
1500	姐	ㄐㄧㄝˇ	ㄐㄧㄝˇ		ㄐㄧㄝˇ	常用音優先；教育部未另標語音	教育部《重編國語辭典修訂本》
