# character	reading	group
是	ㄕˋ	判斷與助動
像	ㄒㄧㄤˋ	比較與描述
跟	ㄍㄣ	連接與介詞
和	ㄏㄜˊ	連接與介詞
及	ㄐㄧˊ	連接與介詞
與	ㄩˇ	連接與介詞
或	ㄏㄨㄛˋ	連接與介詞
但	ㄉㄢˋ	連接與介詞
而	ㄦˊ	連接與介詞
因	ㄧㄣ	連接與介詞
為	ㄨㄟˋ	連接與介詞
如	ㄖㄨˊ	比較與描述
比	ㄅㄧˇ	比較與描述
對	ㄉㄨㄟˋ	連接與介詞
從	ㄘㄨㄥˊ	連接與介詞
到	ㄉㄠˋ	連接與介詞
在	ㄗㄞˋ	連接與介詞
把	ㄅㄚˇ	連接與介詞
被	ㄅㄟˋ	連接與介詞
讓	ㄖㄤˋ	連接與介詞
給	ㄍㄟˇ	連接與介詞
的	ㄉㄜ˙	結構與語氣
得	ㄉㄜ˙	結構與語氣
地	ㄉㄜ˙	結構與語氣
了	ㄌㄜ˙	結構與語氣
嗎	ㄇㄚ˙	結構與語氣
呢	ㄋㄜ˙	結構與語氣
吧	ㄅㄚ˙	結構與語氣
啊	ㄚ˙	結構與語氣
我	ㄨㄛˇ	代詞與指示
你	ㄋㄧˇ	代詞與指示
他	ㄊㄚ	代詞與指示
她	ㄊㄚ	代詞與指示
它	ㄊㄚ	代詞與指示
這	ㄓㄜˋ	代詞與指示
那	ㄋㄚˋ	代詞與指示
哪	ㄋㄚˇ	代詞與指示
誰	ㄕㄟˊ	代詞與指示
一	ㄧ	數量與限定
個	ㄍㄜˋ	數量與限定
些	ㄒㄧㄝ	數量與限定
每	ㄇㄟˇ	數量與限定
各	ㄍㄜˋ	數量與限定
不	ㄅㄨˋ	否定與副詞
沒	ㄇㄟˊ	否定與副詞
有	ㄧㄡˇ	判斷與助動
也	ㄧㄝˇ	否定與副詞
都	ㄉㄡ	否定與副詞
就	ㄐㄧㄡˋ	否定與副詞
才	ㄘㄞˊ	否定與副詞
又	ㄧㄡˋ	否定與副詞
還	ㄏㄞˊ	否定與副詞
再	ㄗㄞˋ	否定與副詞
只	ㄓˇ	否定與副詞
很	ㄏㄣˇ	否定與副詞
更	ㄍㄥˋ	否定與副詞
最	ㄗㄨㄟˋ	否定與副詞
太	ㄊㄞˋ	否定與副詞
真	ㄓㄣ	否定與副詞
會	ㄏㄨㄟˋ	判斷與助動
能	ㄋㄥˊ	判斷與助動
可	ㄎㄜˇ	判斷與助動
要	ㄧㄠˋ	判斷與助動
想	ㄒㄧㄤˇ	判斷與助動
敢	ㄍㄢˇ	判斷與助動
別	ㄅㄧㄝˊ	判斷與助動
請	ㄑㄧㄥˇ	判斷與助動
說	ㄕㄨㄛ	常用動詞
看	ㄎㄢˋ	常用動詞
聽	ㄊㄧㄥ	常用動詞
來	ㄌㄞˊ	方向與動詞
去	ㄑㄩˋ	方向與動詞
上	ㄕㄤˋ	方向與動詞
下	ㄒㄧㄚˋ	方向與動詞
進	ㄐㄧㄣˋ	方向與動詞
出	ㄔㄨ	方向與動詞
開	ㄎㄞ	常用動詞
關	ㄍㄨㄢ	常用動詞
問	ㄨㄣˋ	常用動詞
做	ㄗㄨㄛˋ	常用動詞
用	ㄩㄥˋ	常用動詞
吃	ㄔ	常用動詞
喝	ㄏㄜ	常用動詞
