詞	詞頻	注音
零個	3	ㄌㄧㄥˊ ㄍㄜˋ
零件	3	ㄌㄧㄥˊ ㄐㄧㄢˋ
零份	3	ㄌㄧㄥˊ ㄈㄣˋ
零張	3	ㄌㄧㄥˊ ㄓㄤ
零片	3	ㄌㄧㄥˊ ㄆㄧㄢˋ
零篇	3	ㄌㄧㄥˊ ㄆㄧㄢ
零本	3	ㄌㄧㄥˊ ㄅㄣˇ
零頁	3	ㄌㄧㄥˊ ㄧㄝˋ
零筆	3	ㄌㄧㄥˊ ㄅㄧˇ
零項	3	ㄌㄧㄥˊ ㄒㄧㄤˋ
零包	3	ㄌㄧㄥˊ ㄅㄠ
零盒	3	ㄌㄧㄥˊ ㄏㄜˊ
零瓶	3	ㄌㄧㄥˊ ㄆㄧㄥˊ
零杯	3	ㄌㄧㄥˊ ㄅㄟ
零位	3	ㄌㄧㄥˊ ㄨㄟˋ
零人	3	ㄌㄧㄥˊ ㄖㄣˊ
零次	3	ㄌㄧㄥˊ ㄘˋ
零場	3	ㄌㄧㄥˊ ㄔㄤˇ
零秒	3	ㄌㄧㄥˊ ㄇㄧㄠˇ
零分	3	ㄌㄧㄥˊ ㄈㄣ
零時	3	ㄌㄧㄥˊ ㄕˊ
零天	3	ㄌㄧㄥˊ ㄊㄧㄢ
零日	3	ㄌㄧㄥˊ ㄖˋ
零週	3	ㄌㄧㄥˊ ㄓㄡ
零月	3	ㄌㄧㄥˊ ㄩㄝˋ
零年	3	ㄌㄧㄥˊ ㄋㄧㄢˊ
零號	3	ㄌㄧㄥˊ ㄏㄠˋ
零元	3	ㄌㄧㄥˊ ㄩㄢˊ
零角	3	ㄌㄧㄥˊ ㄐㄧㄠˇ
零度	3	ㄌㄧㄥˊ ㄉㄨˋ
零坪	3	ㄌㄧㄥˊ ㄆㄧㄥˊ
零分鐘	3	ㄌㄧㄥˊ ㄈㄣ ㄓㄨㄥ
零小時	3	ㄌㄧㄥˊ ㄒㄧㄠˇ ㄕˊ
零公斤	3	ㄌㄧㄥˊ ㄍㄨㄥ ㄐㄧㄣ
零公克	3	ㄌㄧㄥˊ ㄍㄨㄥ ㄎㄜˋ
零公里	3	ㄌㄧㄥˊ ㄍㄨㄥ ㄌㄧˇ
零公尺	3	ㄌㄧㄥˊ ㄍㄨㄥ ㄔˇ
零公分	3	ㄌㄧㄥˊ ㄍㄨㄥ ㄈㄣ
零毫升	3	ㄌㄧㄥˊ ㄏㄠˊ ㄕㄥ
零公升	3	ㄌㄧㄥˊ ㄍㄨㄥ ㄕㄥ
一個	3	ㄧ ㄍㄜˋ
一件	3	ㄧ ㄐㄧㄢˋ
一份	3	ㄧ ㄈㄣˋ
一張	3	ㄧ ㄓㄤ
一片	3	ㄧ ㄆㄧㄢˋ
一篇	3	ㄧ ㄆㄧㄢ
一本	3	ㄧ ㄅㄣˇ
一冊	3	ㄧ ㄘㄜˋ
一頁	3	ㄧ ㄧㄝˋ
一封	3	ㄧ ㄈㄥ
一則	3	ㄧ ㄗㄜˊ
一筆	3	ㄧ ㄅㄧˇ
一項	3	ㄧ ㄒㄧㄤˋ
一條	3	ㄧ ㄊㄧㄠˊ
一支	3	ㄧ ㄓ
一枝	3	ㄧ ㄓ
一把	3	ㄧ ㄅㄚˇ
一雙	3	ㄧ ㄕㄨㄤ
一對	3	ㄧ ㄉㄨㄟˋ
一套	3	ㄧ ㄊㄠˋ
一組	3	ㄧ ㄗㄨˇ
一批	3	ㄧ ㄆㄧ
一箱	3	ㄧ ㄒㄧㄤ
一包	3	ㄧ ㄅㄠ
一袋	3	ㄧ ㄉㄞˋ
一盒	3	ㄧ ㄏㄜˊ
一瓶	3	ㄧ ㄆㄧㄥˊ
一杯	3	ㄧ ㄅㄟ
一碗	3	ㄧ ㄨㄢˇ
一盤	3	ㄧ ㄆㄢˊ
一顆	3	ㄧ ㄎㄜ
一粒	3	ㄧ ㄌㄧˋ
一塊	3	ㄧ ㄎㄨㄞˋ
一根	3	ㄧ ㄍㄣ
一束	3	ㄧ ㄕㄨˋ
一位	3	ㄧ ㄨㄟˋ
一名	3	ㄧ ㄇㄧㄥˊ
一人	3	ㄧ ㄖㄣˊ
一戶	3	ㄧ ㄏㄨˋ
一家	3	ㄧ ㄐㄧㄚ
一間	3	ㄧ ㄐㄧㄢ
一隻	3	ㄧ ㄓ
一頭	3	ㄧ ㄊㄡˊ
一匹	3	ㄧ ㄆㄧˇ
一次	3	ㄧ ㄘˋ
一回	3	ㄧ ㄏㄨㄟˊ
一遍	3	ㄧ ㄅㄧㄢˋ
一場	3	ㄧ ㄔㄤˇ
一節	3	ㄧ ㄐㄧㄝˊ
一堂	3	ㄧ ㄊㄤˊ
一秒	3	ㄧ ㄇㄧㄠˇ
一分	3	ㄧ ㄈㄣ
一時	3	ㄧ ㄕˊ
一天	3	ㄧ ㄊㄧㄢ
一日	3	ㄧ ㄖˋ
一週	3	ㄧ ㄓㄡ
一月	3	ㄧ ㄩㄝˋ
一年	3	ㄧ ㄋㄧㄢˊ
一號	3	ㄧ ㄏㄠˋ
一樓	3	ㄧ ㄌㄡˊ
一室	3	ㄧ ㄕˋ
一巷	3	ㄧ ㄒㄧㄤˋ
一弄	3	ㄧ ㄋㄨㄥˋ
一段	3	ㄧ ㄉㄨㄢˋ
一元	3	ㄧ ㄩㄢˊ
一角	3	ㄧ ㄐㄧㄠˇ
一度	3	ㄧ ㄉㄨˋ
一坪	3	ㄧ ㄆㄧㄥˊ
一克	3	ㄧ ㄎㄜˋ
一噸	3	ㄧ ㄉㄨㄣˋ
一趟	3	ㄧ ㄊㄤˋ
一班	3	ㄧ ㄅㄢ
一站	3	ㄧ ㄓㄢˋ
一車	3	ㄧ ㄔㄜ
一座	3	ㄧ ㄗㄨㄛˋ
一艘	3	ㄧ ㄙㄠ
一架	3	ㄧ ㄐㄧㄚˋ
一分鐘	3	ㄧ ㄈㄣ ㄓㄨㄥ
一小時	3	ㄧ ㄒㄧㄠˇ ㄕˊ
一公斤	3	ㄧ ㄍㄨㄥ ㄐㄧㄣ
一公克	3	ㄧ ㄍㄨㄥ ㄎㄜˋ
一公里	3	ㄧ ㄍㄨㄥ ㄌㄧˇ
一公尺	3	ㄧ ㄍㄨㄥ ㄔˇ
一公分	3	ㄧ ㄍㄨㄥ ㄈㄣ
一毫米	3	ㄧ ㄏㄠˊ ㄇㄧˇ
一毫升	3	ㄧ ㄏㄠˊ ㄕㄥ
一公升	3	ㄧ ㄍㄨㄥ ㄕㄥ
一臺斤	3	ㄧ ㄊㄞˊ ㄐㄧㄣ
一平方公尺	3	ㄧ ㄆㄧㄥˊ ㄈㄤ ㄍㄨㄥ ㄔˇ
一平方公里	3	ㄧ ㄆㄧㄥˊ ㄈㄤ ㄍㄨㄥ ㄌㄧˇ
一十	3	ㄧ ㄕˊ
一百	3	ㄧ ㄅㄞˇ
一千	3	ㄧ ㄑㄧㄢ
一萬	3	ㄧ ㄨㄢˋ
一億	3	ㄧ ㄧˋ
二個	3	ㄦˋ ㄍㄜˋ
二件	3	ㄦˋ ㄐㄧㄢˋ
二份	3	ㄦˋ ㄈㄣˋ
二張	3	ㄦˋ ㄓㄤ
二片	18	ㄦˋ ㄆㄧㄢˋ
二篇	18	ㄦˋ ㄆㄧㄢ
二本	3	ㄦˋ ㄅㄣˇ
二冊	3	ㄦˋ ㄘㄜˋ
二頁	3	ㄦˋ ㄧㄝˋ
二封	3	ㄦˋ ㄈㄥ
二則	3	ㄦˋ ㄗㄜˊ
二筆	3	ㄦˋ ㄅㄧˇ
二項	3	ㄦˋ ㄒㄧㄤˋ
二條	3	ㄦˋ ㄊㄧㄠˊ
二支	3	ㄦˋ ㄓ
二枝	3	ㄦˋ ㄓ
二把	3	ㄦˋ ㄅㄚˇ
二雙	3	ㄦˋ ㄕㄨㄤ
二對	3	ㄦˋ ㄉㄨㄟˋ
二套	3	ㄦˋ ㄊㄠˋ
二組	3	ㄦˋ ㄗㄨˇ
二批	3	ㄦˋ ㄆㄧ
二箱	3	ㄦˋ ㄒㄧㄤ
二包	3	ㄦˋ ㄅㄠ
二袋	3	ㄦˋ ㄉㄞˋ
二盒	3	ㄦˋ ㄏㄜˊ
二瓶	3	ㄦˋ ㄆㄧㄥˊ
二杯	3	ㄦˋ ㄅㄟ
二碗	3	ㄦˋ ㄨㄢˇ
二盤	3	ㄦˋ ㄆㄢˊ
二顆	3	ㄦˋ ㄎㄜ
二粒	3	ㄦˋ ㄌㄧˋ
二塊	3	ㄦˋ ㄎㄨㄞˋ
二根	3	ㄦˋ ㄍㄣ
二束	3	ㄦˋ ㄕㄨˋ
二位	3	ㄦˋ ㄨㄟˋ
二名	3	ㄦˋ ㄇㄧㄥˊ
二人	3	ㄦˋ ㄖㄣˊ
二戶	3	ㄦˋ ㄏㄨˋ
二家	3	ㄦˋ ㄐㄧㄚ
二間	3	ㄦˋ ㄐㄧㄢ
二隻	3	ㄦˋ ㄓ
二頭	3	ㄦˋ ㄊㄡˊ
二匹	3	ㄦˋ ㄆㄧˇ
二次	3	ㄦˋ ㄘˋ
二回	3	ㄦˋ ㄏㄨㄟˊ
二遍	3	ㄦˋ ㄅㄧㄢˋ
二場	3	ㄦˋ ㄔㄤˇ
二節	3	ㄦˋ ㄐㄧㄝˊ
二堂	3	ㄦˋ ㄊㄤˊ
二秒	3	ㄦˋ ㄇㄧㄠˇ
二分	3	ㄦˋ ㄈㄣ
二時	3	ㄦˋ ㄕˊ
二天	3	ㄦˋ ㄊㄧㄢ
二日	3	ㄦˋ ㄖˋ
二週	3	ㄦˋ ㄓㄡ
二月	3	ㄦˋ ㄩㄝˋ
二年	3	ㄦˋ ㄋㄧㄢˊ
二號	3	ㄦˋ ㄏㄠˋ
二樓	3	ㄦˋ ㄌㄡˊ
二室	3	ㄦˋ ㄕˋ
二巷	3	ㄦˋ ㄒㄧㄤˋ
二弄	3	ㄦˋ ㄋㄨㄥˋ
二段	3	ㄦˋ ㄉㄨㄢˋ
二元	3	ㄦˋ ㄩㄢˊ
二角	3	ㄦˋ ㄐㄧㄠˇ
二度	3	ㄦˋ ㄉㄨˋ
二坪	3	ㄦˋ ㄆㄧㄥˊ
二克	3	ㄦˋ ㄎㄜˋ
二噸	3	ㄦˋ ㄉㄨㄣˋ
二趟	3	ㄦˋ ㄊㄤˋ
二班	3	ㄦˋ ㄅㄢ
二站	3	ㄦˋ ㄓㄢˋ
二車	3	ㄦˋ ㄔㄜ
二座	3	ㄦˋ ㄗㄨㄛˋ
二艘	3	ㄦˋ ㄙㄠ
二架	3	ㄦˋ ㄐㄧㄚˋ
二分鐘	3	ㄦˋ ㄈㄣ ㄓㄨㄥ
二小時	3	ㄦˋ ㄒㄧㄠˇ ㄕˊ
二公斤	3	ㄦˋ ㄍㄨㄥ ㄐㄧㄣ
二公克	3	ㄦˋ ㄍㄨㄥ ㄎㄜˋ
二公里	3	ㄦˋ ㄍㄨㄥ ㄌㄧˇ
二公尺	3	ㄦˋ ㄍㄨㄥ ㄔˇ
二公分	3	ㄦˋ ㄍㄨㄥ ㄈㄣ
二毫米	3	ㄦˋ ㄏㄠˊ ㄇㄧˇ
二毫升	3	ㄦˋ ㄏㄠˊ ㄕㄥ
二公升	3	ㄦˋ ㄍㄨㄥ ㄕㄥ
二臺斤	3	ㄦˋ ㄊㄞˊ ㄐㄧㄣ
二平方公尺	3	ㄦˋ ㄆㄧㄥˊ ㄈㄤ ㄍㄨㄥ ㄔˇ
二平方公里	3	ㄦˋ ㄆㄧㄥˊ ㄈㄤ ㄍㄨㄥ ㄌㄧˇ
二十	3	ㄦˋ ㄕˊ
二百	3	ㄦˋ ㄅㄞˇ
二千	3	ㄦˋ ㄑㄧㄢ
二萬	3	ㄦˋ ㄨㄢˋ
二億	3	ㄦˋ ㄧˋ
兩個	3	ㄌㄧㄤˇ ㄍㄜˋ
兩件	3	ㄌㄧㄤˇ ㄐㄧㄢˋ
兩份	3	ㄌㄧㄤˇ ㄈㄣˋ
兩張	3	ㄌㄧㄤˇ ㄓㄤ
兩片	80	ㄌㄧㄤˇ ㄆㄧㄢˋ
兩篇	80	ㄌㄧㄤˇ ㄆㄧㄢ
兩本	3	ㄌㄧㄤˇ ㄅㄣˇ
兩冊	3	ㄌㄧㄤˇ ㄘㄜˋ
兩頁	3	ㄌㄧㄤˇ ㄧㄝˋ
兩封	3	ㄌㄧㄤˇ ㄈㄥ
兩則	3	ㄌㄧㄤˇ ㄗㄜˊ
兩筆	3	ㄌㄧㄤˇ ㄅㄧˇ
兩項	3	ㄌㄧㄤˇ ㄒㄧㄤˋ
兩條	3	ㄌㄧㄤˇ ㄊㄧㄠˊ
兩支	3	ㄌㄧㄤˇ ㄓ
兩枝	3	ㄌㄧㄤˇ ㄓ
兩把	3	ㄌㄧㄤˇ ㄅㄚˇ
兩雙	3	ㄌㄧㄤˇ ㄕㄨㄤ
兩對	3	ㄌㄧㄤˇ ㄉㄨㄟˋ
兩套	3	ㄌㄧㄤˇ ㄊㄠˋ
兩組	3	ㄌㄧㄤˇ ㄗㄨˇ
兩批	3	ㄌㄧㄤˇ ㄆㄧ
兩箱	3	ㄌㄧㄤˇ ㄒㄧㄤ
兩包	3	ㄌㄧㄤˇ ㄅㄠ
兩袋	3	ㄌㄧㄤˇ ㄉㄞˋ
兩盒	3	ㄌㄧㄤˇ ㄏㄜˊ
兩瓶	3	ㄌㄧㄤˇ ㄆㄧㄥˊ
兩杯	3	ㄌㄧㄤˇ ㄅㄟ
兩碗	3	ㄌㄧㄤˇ ㄨㄢˇ
兩盤	3	ㄌㄧㄤˇ ㄆㄢˊ
兩顆	3	ㄌㄧㄤˇ ㄎㄜ
兩粒	3	ㄌㄧㄤˇ ㄌㄧˋ
兩塊	3	ㄌㄧㄤˇ ㄎㄨㄞˋ
兩根	3	ㄌㄧㄤˇ ㄍㄣ
兩束	3	ㄌㄧㄤˇ ㄕㄨˋ
兩位	3	ㄌㄧㄤˇ ㄨㄟˋ
兩名	3	ㄌㄧㄤˇ ㄇㄧㄥˊ
兩人	3	ㄌㄧㄤˇ ㄖㄣˊ
兩戶	3	ㄌㄧㄤˇ ㄏㄨˋ
兩家	3	ㄌㄧㄤˇ ㄐㄧㄚ
兩間	3	ㄌㄧㄤˇ ㄐㄧㄢ
兩隻	3	ㄌㄧㄤˇ ㄓ
兩頭	3	ㄌㄧㄤˇ ㄊㄡˊ
兩匹	3	ㄌㄧㄤˇ ㄆㄧˇ
兩次	3	ㄌㄧㄤˇ ㄘˋ
兩回	3	ㄌㄧㄤˇ ㄏㄨㄟˊ
兩遍	3	ㄌㄧㄤˇ ㄅㄧㄢˋ
兩場	3	ㄌㄧㄤˇ ㄔㄤˇ
兩節	3	ㄌㄧㄤˇ ㄐㄧㄝˊ
兩堂	3	ㄌㄧㄤˇ ㄊㄤˊ
兩秒	3	ㄌㄧㄤˇ ㄇㄧㄠˇ
兩分	3	ㄌㄧㄤˇ ㄈㄣ
兩時	3	ㄌㄧㄤˇ ㄕˊ
兩天	3	ㄌㄧㄤˇ ㄊㄧㄢ
兩日	3	ㄌㄧㄤˇ ㄖˋ
兩週	3	ㄌㄧㄤˇ ㄓㄡ
兩月	3	ㄌㄧㄤˇ ㄩㄝˋ
兩年	3	ㄌㄧㄤˇ ㄋㄧㄢˊ
兩號	3	ㄌㄧㄤˇ ㄏㄠˋ
兩樓	3	ㄌㄧㄤˇ ㄌㄡˊ
兩室	3	ㄌㄧㄤˇ ㄕˋ
兩巷	3	ㄌㄧㄤˇ ㄒㄧㄤˋ
兩弄	3	ㄌㄧㄤˇ ㄋㄨㄥˋ
兩段	3	ㄌㄧㄤˇ ㄉㄨㄢˋ
兩元	3	ㄌㄧㄤˇ ㄩㄢˊ
兩角	3	ㄌㄧㄤˇ ㄐㄧㄠˇ
兩度	3	ㄌㄧㄤˇ ㄉㄨˋ
兩坪	3	ㄌㄧㄤˇ ㄆㄧㄥˊ
兩克	3	ㄌㄧㄤˇ ㄎㄜˋ
兩噸	3	ㄌㄧㄤˇ ㄉㄨㄣˋ
兩趟	3	ㄌㄧㄤˇ ㄊㄤˋ
兩班	3	ㄌㄧㄤˇ ㄅㄢ
兩站	3	ㄌㄧㄤˇ ㄓㄢˋ
兩車	3	ㄌㄧㄤˇ ㄔㄜ
兩座	3	ㄌㄧㄤˇ ㄗㄨㄛˋ
兩艘	3	ㄌㄧㄤˇ ㄙㄠ
兩架	3	ㄌㄧㄤˇ ㄐㄧㄚˋ
兩分鐘	3	ㄌㄧㄤˇ ㄈㄣ ㄓㄨㄥ
兩小時	3	ㄌㄧㄤˇ ㄒㄧㄠˇ ㄕˊ
兩公斤	3	ㄌㄧㄤˇ ㄍㄨㄥ ㄐㄧㄣ
兩公克	3	ㄌㄧㄤˇ ㄍㄨㄥ ㄎㄜˋ
兩公里	3	ㄌㄧㄤˇ ㄍㄨㄥ ㄌㄧˇ
兩公尺	3	ㄌㄧㄤˇ ㄍㄨㄥ ㄔˇ
兩公分	3	ㄌㄧㄤˇ ㄍㄨㄥ ㄈㄣ
兩毫米	3	ㄌㄧㄤˇ ㄏㄠˊ ㄇㄧˇ
兩毫升	3	ㄌㄧㄤˇ ㄏㄠˊ ㄕㄥ
兩公升	3	ㄌㄧㄤˇ ㄍㄨㄥ ㄕㄥ
兩臺斤	3	ㄌㄧㄤˇ ㄊㄞˊ ㄐㄧㄣ
兩平方公尺	3	ㄌㄧㄤˇ ㄆㄧㄥˊ ㄈㄤ ㄍㄨㄥ ㄔˇ
兩平方公里	3	ㄌㄧㄤˇ ㄆㄧㄥˊ ㄈㄤ ㄍㄨㄥ ㄌㄧˇ
兩十	3	ㄌㄧㄤˇ ㄕˊ
兩百	3	ㄌㄧㄤˇ ㄅㄞˇ
兩千	3	ㄌㄧㄤˇ ㄑㄧㄢ
兩萬	3	ㄌㄧㄤˇ ㄨㄢˋ
兩億	3	ㄌㄧㄤˇ ㄧˋ
三個	3	ㄙㄢ ㄍㄜˋ
三件	3	ㄙㄢ ㄐㄧㄢˋ
三份	3	ㄙㄢ ㄈㄣˋ
三張	3	ㄙㄢ ㄓㄤ
三片	3	ㄙㄢ ㄆㄧㄢˋ
三篇	3	ㄙㄢ ㄆㄧㄢ
三本	3	ㄙㄢ ㄅㄣˇ
三冊	3	ㄙㄢ ㄘㄜˋ
三頁	3	ㄙㄢ ㄧㄝˋ
三封	3	ㄙㄢ ㄈㄥ
三則	3	ㄙㄢ ㄗㄜˊ
三筆	3	ㄙㄢ ㄅㄧˇ
三項	3	ㄙㄢ ㄒㄧㄤˋ
三條	3	ㄙㄢ ㄊㄧㄠˊ
三支	3	ㄙㄢ ㄓ
三枝	3	ㄙㄢ ㄓ
三把	3	ㄙㄢ ㄅㄚˇ
三雙	3	ㄙㄢ ㄕㄨㄤ
三對	3	ㄙㄢ ㄉㄨㄟˋ
三套	3	ㄙㄢ ㄊㄠˋ
三組	3	ㄙㄢ ㄗㄨˇ
三批	3	ㄙㄢ ㄆㄧ
三箱	3	ㄙㄢ ㄒㄧㄤ
三包	3	ㄙㄢ ㄅㄠ
三袋	3	ㄙㄢ ㄉㄞˋ
三盒	3	ㄙㄢ ㄏㄜˊ
三瓶	3	ㄙㄢ ㄆㄧㄥˊ
三杯	3	ㄙㄢ ㄅㄟ
三碗	3	ㄙㄢ ㄨㄢˇ
三盤	3	ㄙㄢ ㄆㄢˊ
三顆	3	ㄙㄢ ㄎㄜ
三粒	3	ㄙㄢ ㄌㄧˋ
三塊	3	ㄙㄢ ㄎㄨㄞˋ
三根	3	ㄙㄢ ㄍㄣ
三束	3	ㄙㄢ ㄕㄨˋ
三位	3	ㄙㄢ ㄨㄟˋ
三名	3	ㄙㄢ ㄇㄧㄥˊ
三人	3	ㄙㄢ ㄖㄣˊ
三戶	3	ㄙㄢ ㄏㄨˋ
三家	3	ㄙㄢ ㄐㄧㄚ
三間	3	ㄙㄢ ㄐㄧㄢ
三隻	3	ㄙㄢ ㄓ
三頭	3	ㄙㄢ ㄊㄡˊ
三匹	3	ㄙㄢ ㄆㄧˇ
三次	3	ㄙㄢ ㄘˋ
三回	3	ㄙㄢ ㄏㄨㄟˊ
三遍	3	ㄙㄢ ㄅㄧㄢˋ
三場	3	ㄙㄢ ㄔㄤˇ
三節	3	ㄙㄢ ㄐㄧㄝˊ
三堂	3	ㄙㄢ ㄊㄤˊ
三秒	3	ㄙㄢ ㄇㄧㄠˇ
三分	3	ㄙㄢ ㄈㄣ
三時	3	ㄙㄢ ㄕˊ
三天	3	ㄙㄢ ㄊㄧㄢ
三日	3	ㄙㄢ ㄖˋ
三週	3	ㄙㄢ ㄓㄡ
三月	3	ㄙㄢ ㄩㄝˋ
三年	3	ㄙㄢ ㄋㄧㄢˊ
三號	3	ㄙㄢ ㄏㄠˋ
三樓	3	ㄙㄢ ㄌㄡˊ
三室	3	ㄙㄢ ㄕˋ
三巷	3	ㄙㄢ ㄒㄧㄤˋ
三弄	3	ㄙㄢ ㄋㄨㄥˋ
三段	3	ㄙㄢ ㄉㄨㄢˋ
三元	3	ㄙㄢ ㄩㄢˊ
三角	3	ㄙㄢ ㄐㄧㄠˇ
三度	3	ㄙㄢ ㄉㄨˋ
三坪	3	ㄙㄢ ㄆㄧㄥˊ
三克	3	ㄙㄢ ㄎㄜˋ
三噸	3	ㄙㄢ ㄉㄨㄣˋ
三趟	3	ㄙㄢ ㄊㄤˋ
三班	3	ㄙㄢ ㄅㄢ
三站	3	ㄙㄢ ㄓㄢˋ
三車	3	ㄙㄢ ㄔㄜ
三座	3	ㄙㄢ ㄗㄨㄛˋ
三艘	3	ㄙㄢ ㄙㄠ
三架	3	ㄙㄢ ㄐㄧㄚˋ
三分鐘	3	ㄙㄢ ㄈㄣ ㄓㄨㄥ
三小時	3	ㄙㄢ ㄒㄧㄠˇ ㄕˊ
三公斤	3	ㄙㄢ ㄍㄨㄥ ㄐㄧㄣ
三公克	3	ㄙㄢ ㄍㄨㄥ ㄎㄜˋ
三公里	3	ㄙㄢ ㄍㄨㄥ ㄌㄧˇ
三公尺	3	ㄙㄢ ㄍㄨㄥ ㄔˇ
三公分	3	ㄙㄢ ㄍㄨㄥ ㄈㄣ
三毫米	3	ㄙㄢ ㄏㄠˊ ㄇㄧˇ
三毫升	3	ㄙㄢ ㄏㄠˊ ㄕㄥ
三公升	3	ㄙㄢ ㄍㄨㄥ ㄕㄥ
三臺斤	3	ㄙㄢ ㄊㄞˊ ㄐㄧㄣ
三平方公尺	3	ㄙㄢ ㄆㄧㄥˊ ㄈㄤ ㄍㄨㄥ ㄔˇ
三平方公里	3	ㄙㄢ ㄆㄧㄥˊ ㄈㄤ ㄍㄨㄥ ㄌㄧˇ
三十	3	ㄙㄢ ㄕˊ
三百	3	ㄙㄢ ㄅㄞˇ
三千	3	ㄙㄢ ㄑㄧㄢ
三萬	3	ㄙㄢ ㄨㄢˋ
三億	3	ㄙㄢ ㄧˋ
四個	3	ㄙˋ ㄍㄜˋ
四件	3	ㄙˋ ㄐㄧㄢˋ
四份	3	ㄙˋ ㄈㄣˋ
四張	3	ㄙˋ ㄓㄤ
四片	3	ㄙˋ ㄆㄧㄢˋ
四篇	3	ㄙˋ ㄆㄧㄢ
四本	3	ㄙˋ ㄅㄣˇ
四冊	3	ㄙˋ ㄘㄜˋ
四頁	3	ㄙˋ ㄧㄝˋ
四封	3	ㄙˋ ㄈㄥ
四則	3	ㄙˋ ㄗㄜˊ
四筆	3	ㄙˋ ㄅㄧˇ
四項	3	ㄙˋ ㄒㄧㄤˋ
四條	3	ㄙˋ ㄊㄧㄠˊ
四支	3	ㄙˋ ㄓ
四枝	3	ㄙˋ ㄓ
四把	3	ㄙˋ ㄅㄚˇ
四雙	3	ㄙˋ ㄕㄨㄤ
四對	3	ㄙˋ ㄉㄨㄟˋ
四套	3	ㄙˋ ㄊㄠˋ
四組	3	ㄙˋ ㄗㄨˇ
四批	3	ㄙˋ ㄆㄧ
四箱	3	ㄙˋ ㄒㄧㄤ
四包	3	ㄙˋ ㄅㄠ
四袋	3	ㄙˋ ㄉㄞˋ
四盒	3	ㄙˋ ㄏㄜˊ
四瓶	3	ㄙˋ ㄆㄧㄥˊ
四杯	3	ㄙˋ ㄅㄟ
四碗	3	ㄙˋ ㄨㄢˇ
四盤	3	ㄙˋ ㄆㄢˊ
四顆	3	ㄙˋ ㄎㄜ
四粒	3	ㄙˋ ㄌㄧˋ
四塊	3	ㄙˋ ㄎㄨㄞˋ
四根	3	ㄙˋ ㄍㄣ
四束	3	ㄙˋ ㄕㄨˋ
四位	3	ㄙˋ ㄨㄟˋ
四名	3	ㄙˋ ㄇㄧㄥˊ
四人	3	ㄙˋ ㄖㄣˊ
四戶	3	ㄙˋ ㄏㄨˋ
四家	3	ㄙˋ ㄐㄧㄚ
四間	3	ㄙˋ ㄐㄧㄢ
四隻	3	ㄙˋ ㄓ
四頭	3	ㄙˋ ㄊㄡˊ
四匹	3	ㄙˋ ㄆㄧˇ
四次	3	ㄙˋ ㄘˋ
四回	3	ㄙˋ ㄏㄨㄟˊ
四遍	3	ㄙˋ ㄅㄧㄢˋ
四場	3	ㄙˋ ㄔㄤˇ
四節	3	ㄙˋ ㄐㄧㄝˊ
四堂	3	ㄙˋ ㄊㄤˊ
四秒	3	ㄙˋ ㄇㄧㄠˇ
四分	3	ㄙˋ ㄈㄣ
四時	3	ㄙˋ ㄕˊ
四天	3	ㄙˋ ㄊㄧㄢ
四日	3	ㄙˋ ㄖˋ
四週	3	ㄙˋ ㄓㄡ
四月	3	ㄙˋ ㄩㄝˋ
四年	3	ㄙˋ ㄋㄧㄢˊ
四號	3	ㄙˋ ㄏㄠˋ
四樓	3	ㄙˋ ㄌㄡˊ
四室	3	ㄙˋ ㄕˋ
四巷	3	ㄙˋ ㄒㄧㄤˋ
四弄	3	ㄙˋ ㄋㄨㄥˋ
四段	3	ㄙˋ ㄉㄨㄢˋ
四元	3	ㄙˋ ㄩㄢˊ
四角	3	ㄙˋ ㄐㄧㄠˇ
四度	3	ㄙˋ ㄉㄨˋ
四坪	3	ㄙˋ ㄆㄧㄥˊ
四克	3	ㄙˋ ㄎㄜˋ
四噸	3	ㄙˋ ㄉㄨㄣˋ
四趟	3	ㄙˋ ㄊㄤˋ
四班	3	ㄙˋ ㄅㄢ
四站	3	ㄙˋ ㄓㄢˋ
四車	3	ㄙˋ ㄔㄜ
四座	3	ㄙˋ ㄗㄨㄛˋ
四艘	3	ㄙˋ ㄙㄠ
四架	3	ㄙˋ ㄐㄧㄚˋ
四分鐘	3	ㄙˋ ㄈㄣ ㄓㄨㄥ
四小時	3	ㄙˋ ㄒㄧㄠˇ ㄕˊ
四公斤	3	ㄙˋ ㄍㄨㄥ ㄐㄧㄣ
四公克	3	ㄙˋ ㄍㄨㄥ ㄎㄜˋ
四公里	3	ㄙˋ ㄍㄨㄥ ㄌㄧˇ
四公尺	3	ㄙˋ ㄍㄨㄥ ㄔˇ
四公分	3	ㄙˋ ㄍㄨㄥ ㄈㄣ
四毫米	3	ㄙˋ ㄏㄠˊ ㄇㄧˇ
四毫升	3	ㄙˋ ㄏㄠˊ ㄕㄥ
四公升	3	ㄙˋ ㄍㄨㄥ ㄕㄥ
四臺斤	3	ㄙˋ ㄊㄞˊ ㄐㄧㄣ
四平方公尺	3	ㄙˋ ㄆㄧㄥˊ ㄈㄤ ㄍㄨㄥ ㄔˇ
四平方公里	3	ㄙˋ ㄆㄧㄥˊ ㄈㄤ ㄍㄨㄥ ㄌㄧˇ
四十	3	ㄙˋ ㄕˊ
四百	3	ㄙˋ ㄅㄞˇ
四千	3	ㄙˋ ㄑㄧㄢ
四萬	3	ㄙˋ ㄨㄢˋ
四億	3	ㄙˋ ㄧˋ
五個	3	ㄨˇ ㄍㄜˋ
五件	3	ㄨˇ ㄐㄧㄢˋ
五份	3	ㄨˇ ㄈㄣˋ
五張	3	ㄨˇ ㄓㄤ
五片	3	ㄨˇ ㄆㄧㄢˋ
五篇	3	ㄨˇ ㄆㄧㄢ
五本	3	ㄨˇ ㄅㄣˇ
五冊	3	ㄨˇ ㄘㄜˋ
五頁	3	ㄨˇ ㄧㄝˋ
五封	3	ㄨˇ ㄈㄥ
五則	3	ㄨˇ ㄗㄜˊ
五筆	3	ㄨˇ ㄅㄧˇ
五項	3	ㄨˇ ㄒㄧㄤˋ
五條	3	ㄨˇ ㄊㄧㄠˊ
五支	3	ㄨˇ ㄓ
五枝	3	ㄨˇ ㄓ
五把	3	ㄨˇ ㄅㄚˇ
五雙	3	ㄨˇ ㄕㄨㄤ
五對	3	ㄨˇ ㄉㄨㄟˋ
五套	3	ㄨˇ ㄊㄠˋ
五組	3	ㄨˇ ㄗㄨˇ
五批	3	ㄨˇ ㄆㄧ
五箱	3	ㄨˇ ㄒㄧㄤ
五包	3	ㄨˇ ㄅㄠ
五袋	3	ㄨˇ ㄉㄞˋ
五盒	3	ㄨˇ ㄏㄜˊ
五瓶	3	ㄨˇ ㄆㄧㄥˊ
五杯	3	ㄨˇ ㄅㄟ
五碗	3	ㄨˇ ㄨㄢˇ
五盤	3	ㄨˇ ㄆㄢˊ
五顆	3	ㄨˇ ㄎㄜ
五粒	3	ㄨˇ ㄌㄧˋ
五塊	3	ㄨˇ ㄎㄨㄞˋ
五根	3	ㄨˇ ㄍㄣ
五束	3	ㄨˇ ㄕㄨˋ
五位	3	ㄨˇ ㄨㄟˋ
五名	3	ㄨˇ ㄇㄧㄥˊ
五人	3	ㄨˇ ㄖㄣˊ
五戶	3	ㄨˇ ㄏㄨˋ
五家	3	ㄨˇ ㄐㄧㄚ
五間	3	ㄨˇ ㄐㄧㄢ
五隻	3	ㄨˇ ㄓ
五頭	3	ㄨˇ ㄊㄡˊ
五匹	3	ㄨˇ ㄆㄧˇ
五次	3	ㄨˇ ㄘˋ
五回	3	ㄨˇ ㄏㄨㄟˊ
五遍	3	ㄨˇ ㄅㄧㄢˋ
五場	3	ㄨˇ ㄔㄤˇ
五節	3	ㄨˇ ㄐㄧㄝˊ
五堂	3	ㄨˇ ㄊㄤˊ
五秒	3	ㄨˇ ㄇㄧㄠˇ
五分	3	ㄨˇ ㄈㄣ
五時	3	ㄨˇ ㄕˊ
五天	3	ㄨˇ ㄊㄧㄢ
五日	3	ㄨˇ ㄖˋ
五週	3	ㄨˇ ㄓㄡ
五月	3	ㄨˇ ㄩㄝˋ
五年	3	ㄨˇ ㄋㄧㄢˊ
五號	3	ㄨˇ ㄏㄠˋ
五樓	3	ㄨˇ ㄌㄡˊ
五室	3	ㄨˇ ㄕˋ
五巷	3	ㄨˇ ㄒㄧㄤˋ
五弄	3	ㄨˇ ㄋㄨㄥˋ
五段	3	ㄨˇ ㄉㄨㄢˋ
五元	3	ㄨˇ ㄩㄢˊ
五角	3	ㄨˇ ㄐㄧㄠˇ
五度	3	ㄨˇ ㄉㄨˋ
五坪	3	ㄨˇ ㄆㄧㄥˊ
五克	3	ㄨˇ ㄎㄜˋ
五噸	3	ㄨˇ ㄉㄨㄣˋ
五趟	3	ㄨˇ ㄊㄤˋ
五班	3	ㄨˇ ㄅㄢ
五站	3	ㄨˇ ㄓㄢˋ
五車	3	ㄨˇ ㄔㄜ
五座	3	ㄨˇ ㄗㄨㄛˋ
五艘	3	ㄨˇ ㄙㄠ
五架	3	ㄨˇ ㄐㄧㄚˋ
五分鐘	3	ㄨˇ ㄈㄣ ㄓㄨㄥ
五小時	3	ㄨˇ ㄒㄧㄠˇ ㄕˊ
五公斤	3	ㄨˇ ㄍㄨㄥ ㄐㄧㄣ
五公克	3	ㄨˇ ㄍㄨㄥ ㄎㄜˋ
五公里	3	ㄨˇ ㄍㄨㄥ ㄌㄧˇ
五公尺	3	ㄨˇ ㄍㄨㄥ ㄔˇ
五公分	3	ㄨˇ ㄍㄨㄥ ㄈㄣ
五毫米	3	ㄨˇ ㄏㄠˊ ㄇㄧˇ
五毫升	3	ㄨˇ ㄏㄠˊ ㄕㄥ
五公升	3	ㄨˇ ㄍㄨㄥ ㄕㄥ
五臺斤	3	ㄨˇ ㄊㄞˊ ㄐㄧㄣ
五平方公尺	3	ㄨˇ ㄆㄧㄥˊ ㄈㄤ ㄍㄨㄥ ㄔˇ
五平方公里	3	ㄨˇ ㄆㄧㄥˊ ㄈㄤ ㄍㄨㄥ ㄌㄧˇ
五十	3	ㄨˇ ㄕˊ
五百	3	ㄨˇ ㄅㄞˇ
五千	3	ㄨˇ ㄑㄧㄢ
五萬	3	ㄨˇ ㄨㄢˋ
五億	3	ㄨˇ ㄧˋ
六個	3	ㄌㄧㄡˋ ㄍㄜˋ
六件	3	ㄌㄧㄡˋ ㄐㄧㄢˋ
六份	3	ㄌㄧㄡˋ ㄈㄣˋ
六張	3	ㄌㄧㄡˋ ㄓㄤ
六片	3	ㄌㄧㄡˋ ㄆㄧㄢˋ
六篇	3	ㄌㄧㄡˋ ㄆㄧㄢ
六本	3	ㄌㄧㄡˋ ㄅㄣˇ
六冊	3	ㄌㄧㄡˋ ㄘㄜˋ
六頁	3	ㄌㄧㄡˋ ㄧㄝˋ
六封	3	ㄌㄧㄡˋ ㄈㄥ
六則	3	ㄌㄧㄡˋ ㄗㄜˊ
六筆	3	ㄌㄧㄡˋ ㄅㄧˇ
六項	3	ㄌㄧㄡˋ ㄒㄧㄤˋ
六條	3	ㄌㄧㄡˋ ㄊㄧㄠˊ
六支	3	ㄌㄧㄡˋ ㄓ
六枝	3	ㄌㄧㄡˋ ㄓ
六把	3	ㄌㄧㄡˋ ㄅㄚˇ
六雙	3	ㄌㄧㄡˋ ㄕㄨㄤ
六對	3	ㄌㄧㄡˋ ㄉㄨㄟˋ
六套	3	ㄌㄧㄡˋ ㄊㄠˋ
六組	3	ㄌㄧㄡˋ ㄗㄨˇ
六批	3	ㄌㄧㄡˋ ㄆㄧ
六箱	3	ㄌㄧㄡˋ ㄒㄧㄤ
六包	3	ㄌㄧㄡˋ ㄅㄠ
六袋	3	ㄌㄧㄡˋ ㄉㄞˋ
六盒	3	ㄌㄧㄡˋ ㄏㄜˊ
六瓶	3	ㄌㄧㄡˋ ㄆㄧㄥˊ
六杯	3	ㄌㄧㄡˋ ㄅㄟ
六碗	3	ㄌㄧㄡˋ ㄨㄢˇ
六盤	3	ㄌㄧㄡˋ ㄆㄢˊ
六顆	3	ㄌㄧㄡˋ ㄎㄜ
六粒	3	ㄌㄧㄡˋ ㄌㄧˋ
六塊	3	ㄌㄧㄡˋ ㄎㄨㄞˋ
六根	3	ㄌㄧㄡˋ ㄍㄣ
六束	3	ㄌㄧㄡˋ ㄕㄨˋ
六位	3	ㄌㄧㄡˋ ㄨㄟˋ
六名	3	ㄌㄧㄡˋ ㄇㄧㄥˊ
六人	3	ㄌㄧㄡˋ ㄖㄣˊ
六戶	3	ㄌㄧㄡˋ ㄏㄨˋ
六家	3	ㄌㄧㄡˋ ㄐㄧㄚ
六間	3	ㄌㄧㄡˋ ㄐㄧㄢ
六隻	3	ㄌㄧㄡˋ ㄓ
六頭	3	ㄌㄧㄡˋ ㄊㄡˊ
六匹	3	ㄌㄧㄡˋ ㄆㄧˇ
六次	3	ㄌㄧㄡˋ ㄘˋ
六回	3	ㄌㄧㄡˋ ㄏㄨㄟˊ
六遍	3	ㄌㄧㄡˋ ㄅㄧㄢˋ
六場	3	ㄌㄧㄡˋ ㄔㄤˇ
六節	3	ㄌㄧㄡˋ ㄐㄧㄝˊ
六堂	3	ㄌㄧㄡˋ ㄊㄤˊ
六秒	3	ㄌㄧㄡˋ ㄇㄧㄠˇ
六分	3	ㄌㄧㄡˋ ㄈㄣ
六時	3	ㄌㄧㄡˋ ㄕˊ
六天	3	ㄌㄧㄡˋ ㄊㄧㄢ
六日	3	ㄌㄧㄡˋ ㄖˋ
六週	3	ㄌㄧㄡˋ ㄓㄡ
六月	3	ㄌㄧㄡˋ ㄩㄝˋ
六年	3	ㄌㄧㄡˋ ㄋㄧㄢˊ
六號	3	ㄌㄧㄡˋ ㄏㄠˋ
六樓	3	ㄌㄧㄡˋ ㄌㄡˊ
六室	3	ㄌㄧㄡˋ ㄕˋ
六巷	3	ㄌㄧㄡˋ ㄒㄧㄤˋ
六弄	3	ㄌㄧㄡˋ ㄋㄨㄥˋ
六段	3	ㄌㄧㄡˋ ㄉㄨㄢˋ
六元	3	ㄌㄧㄡˋ ㄩㄢˊ
六角	3	ㄌㄧㄡˋ ㄐㄧㄠˇ
六度	3	ㄌㄧㄡˋ ㄉㄨˋ
六坪	3	ㄌㄧㄡˋ ㄆㄧㄥˊ
六克	3	ㄌㄧㄡˋ ㄎㄜˋ
六噸	3	ㄌㄧㄡˋ ㄉㄨㄣˋ
六趟	3	ㄌㄧㄡˋ ㄊㄤˋ
六班	3	ㄌㄧㄡˋ ㄅㄢ
六站	3	ㄌㄧㄡˋ ㄓㄢˋ
六車	3	ㄌㄧㄡˋ ㄔㄜ
六座	3	ㄌㄧㄡˋ ㄗㄨㄛˋ
六艘	3	ㄌㄧㄡˋ ㄙㄠ
六架	3	ㄌㄧㄡˋ ㄐㄧㄚˋ
六分鐘	3	ㄌㄧㄡˋ ㄈㄣ ㄓㄨㄥ
六小時	3	ㄌㄧㄡˋ ㄒㄧㄠˇ ㄕˊ
六公斤	3	ㄌㄧㄡˋ ㄍㄨㄥ ㄐㄧㄣ
六公克	3	ㄌㄧㄡˋ ㄍㄨㄥ ㄎㄜˋ
六公里	3	ㄌㄧㄡˋ ㄍㄨㄥ ㄌㄧˇ
六公尺	3	ㄌㄧㄡˋ ㄍㄨㄥ ㄔˇ
六公分	3	ㄌㄧㄡˋ ㄍㄨㄥ ㄈㄣ
六毫米	3	ㄌㄧㄡˋ ㄏㄠˊ ㄇㄧˇ
六毫升	3	ㄌㄧㄡˋ ㄏㄠˊ ㄕㄥ
六公升	3	ㄌㄧㄡˋ ㄍㄨㄥ ㄕㄥ
六臺斤	3	ㄌㄧㄡˋ ㄊㄞˊ ㄐㄧㄣ
六平方公尺	3	ㄌㄧㄡˋ ㄆㄧㄥˊ ㄈㄤ ㄍㄨㄥ ㄔˇ
六平方公里	3	ㄌㄧㄡˋ ㄆㄧㄥˊ ㄈㄤ ㄍㄨㄥ ㄌㄧˇ
六十	3	ㄌㄧㄡˋ ㄕˊ
六百	3	ㄌㄧㄡˋ ㄅㄞˇ
六千	3	ㄌㄧㄡˋ ㄑㄧㄢ
六萬	3	ㄌㄧㄡˋ ㄨㄢˋ
六億	3	ㄌㄧㄡˋ ㄧˋ
七個	3	ㄑㄧ ㄍㄜˋ
七件	3	ㄑㄧ ㄐㄧㄢˋ
七份	3	ㄑㄧ ㄈㄣˋ
七張	3	ㄑㄧ ㄓㄤ
七片	3	ㄑㄧ ㄆㄧㄢˋ
七篇	3	ㄑㄧ ㄆㄧㄢ
七本	3	ㄑㄧ ㄅㄣˇ
七冊	3	ㄑㄧ ㄘㄜˋ
七頁	3	ㄑㄧ ㄧㄝˋ
七封	3	ㄑㄧ ㄈㄥ
七則	3	ㄑㄧ ㄗㄜˊ
七筆	3	ㄑㄧ ㄅㄧˇ
七項	3	ㄑㄧ ㄒㄧㄤˋ
七條	3	ㄑㄧ ㄊㄧㄠˊ
七支	3	ㄑㄧ ㄓ
七枝	3	ㄑㄧ ㄓ
七把	3	ㄑㄧ ㄅㄚˇ
七雙	3	ㄑㄧ ㄕㄨㄤ
七對	3	ㄑㄧ ㄉㄨㄟˋ
七套	3	ㄑㄧ ㄊㄠˋ
七組	3	ㄑㄧ ㄗㄨˇ
七批	3	ㄑㄧ ㄆㄧ
七箱	3	ㄑㄧ ㄒㄧㄤ
七包	3	ㄑㄧ ㄅㄠ
七袋	3	ㄑㄧ ㄉㄞˋ
七盒	3	ㄑㄧ ㄏㄜˊ
七瓶	3	ㄑㄧ ㄆㄧㄥˊ
七杯	3	ㄑㄧ ㄅㄟ
七碗	3	ㄑㄧ ㄨㄢˇ
七盤	3	ㄑㄧ ㄆㄢˊ
七顆	3	ㄑㄧ ㄎㄜ
七粒	3	ㄑㄧ ㄌㄧˋ
七塊	3	ㄑㄧ ㄎㄨㄞˋ
七根	3	ㄑㄧ ㄍㄣ
七束	3	ㄑㄧ ㄕㄨˋ
七位	3	ㄑㄧ ㄨㄟˋ
七名	3	ㄑㄧ ㄇㄧㄥˊ
七人	3	ㄑㄧ ㄖㄣˊ
七戶	3	ㄑㄧ ㄏㄨˋ
七家	3	ㄑㄧ ㄐㄧㄚ
七間	3	ㄑㄧ ㄐㄧㄢ
七隻	3	ㄑㄧ ㄓ
七頭	3	ㄑㄧ ㄊㄡˊ
七匹	3	ㄑㄧ ㄆㄧˇ
七次	3	ㄑㄧ ㄘˋ
七回	3	ㄑㄧ ㄏㄨㄟˊ
七遍	3	ㄑㄧ ㄅㄧㄢˋ
七場	3	ㄑㄧ ㄔㄤˇ
七節	3	ㄑㄧ ㄐㄧㄝˊ
七堂	3	ㄑㄧ ㄊㄤˊ
七秒	3	ㄑㄧ ㄇㄧㄠˇ
七分	3	ㄑㄧ ㄈㄣ
七時	3	ㄑㄧ ㄕˊ
七天	3	ㄑㄧ ㄊㄧㄢ
七日	3	ㄑㄧ ㄖˋ
七週	3	ㄑㄧ ㄓㄡ
七月	3	ㄑㄧ ㄩㄝˋ
七年	3	ㄑㄧ ㄋㄧㄢˊ
七號	3	ㄑㄧ ㄏㄠˋ
七樓	3	ㄑㄧ ㄌㄡˊ
七室	3	ㄑㄧ ㄕˋ
七巷	3	ㄑㄧ ㄒㄧㄤˋ
七弄	3	ㄑㄧ ㄋㄨㄥˋ
七段	3	ㄑㄧ ㄉㄨㄢˋ
七元	3	ㄑㄧ ㄩㄢˊ
七角	3	ㄑㄧ ㄐㄧㄠˇ
七度	3	ㄑㄧ ㄉㄨˋ
七坪	3	ㄑㄧ ㄆㄧㄥˊ
七克	3	ㄑㄧ ㄎㄜˋ
七噸	3	ㄑㄧ ㄉㄨㄣˋ
七趟	3	ㄑㄧ ㄊㄤˋ
七班	3	ㄑㄧ ㄅㄢ
七站	3	ㄑㄧ ㄓㄢˋ
七車	3	ㄑㄧ ㄔㄜ
七座	3	ㄑㄧ ㄗㄨㄛˋ
七艘	3	ㄑㄧ ㄙㄠ
七架	3	ㄑㄧ ㄐㄧㄚˋ
七分鐘	3	ㄑㄧ ㄈㄣ ㄓㄨㄥ
七小時	3	ㄑㄧ ㄒㄧㄠˇ ㄕˊ
七公斤	3	ㄑㄧ ㄍㄨㄥ ㄐㄧㄣ
七公克	3	ㄑㄧ ㄍㄨㄥ ㄎㄜˋ
七公里	3	ㄑㄧ ㄍㄨㄥ ㄌㄧˇ
七公尺	3	ㄑㄧ ㄍㄨㄥ ㄔˇ
七公分	3	ㄑㄧ ㄍㄨㄥ ㄈㄣ
七毫米	3	ㄑㄧ ㄏㄠˊ ㄇㄧˇ
七毫升	3	ㄑㄧ ㄏㄠˊ ㄕㄥ
七公升	3	ㄑㄧ ㄍㄨㄥ ㄕㄥ
七臺斤	3	ㄑㄧ ㄊㄞˊ ㄐㄧㄣ
七平方公尺	3	ㄑㄧ ㄆㄧㄥˊ ㄈㄤ ㄍㄨㄥ ㄔˇ
七平方公里	3	ㄑㄧ ㄆㄧㄥˊ ㄈㄤ ㄍㄨㄥ ㄌㄧˇ
七十	3	ㄑㄧ ㄕˊ
七百	3	ㄑㄧ ㄅㄞˇ
七千	3	ㄑㄧ ㄑㄧㄢ
七萬	3	ㄑㄧ ㄨㄢˋ
七億	3	ㄑㄧ ㄧˋ
八個	3	ㄅㄚ ㄍㄜˋ
八件	3	ㄅㄚ ㄐㄧㄢˋ
八份	3	ㄅㄚ ㄈㄣˋ
八張	3	ㄅㄚ ㄓㄤ
八片	3	ㄅㄚ ㄆㄧㄢˋ
八篇	3	ㄅㄚ ㄆㄧㄢ
八本	3	ㄅㄚ ㄅㄣˇ
八冊	3	ㄅㄚ ㄘㄜˋ
八頁	3	ㄅㄚ ㄧㄝˋ
八封	3	ㄅㄚ ㄈㄥ
八則	3	ㄅㄚ ㄗㄜˊ
八筆	3	ㄅㄚ ㄅㄧˇ
八項	3	ㄅㄚ ㄒㄧㄤˋ
八條	3	ㄅㄚ ㄊㄧㄠˊ
八支	3	ㄅㄚ ㄓ
八枝	3	ㄅㄚ ㄓ
八把	3	ㄅㄚ ㄅㄚˇ
八雙	3	ㄅㄚ ㄕㄨㄤ
八對	3	ㄅㄚ ㄉㄨㄟˋ
八套	3	ㄅㄚ ㄊㄠˋ
八組	3	ㄅㄚ ㄗㄨˇ
八批	3	ㄅㄚ ㄆㄧ
八箱	3	ㄅㄚ ㄒㄧㄤ
八包	3	ㄅㄚ ㄅㄠ
八袋	3	ㄅㄚ ㄉㄞˋ
八盒	3	ㄅㄚ ㄏㄜˊ
八瓶	3	ㄅㄚ ㄆㄧㄥˊ
八杯	3	ㄅㄚ ㄅㄟ
八碗	3	ㄅㄚ ㄨㄢˇ
八盤	3	ㄅㄚ ㄆㄢˊ
八顆	3	ㄅㄚ ㄎㄜ
八粒	3	ㄅㄚ ㄌㄧˋ
八塊	3	ㄅㄚ ㄎㄨㄞˋ
八根	3	ㄅㄚ ㄍㄣ
八束	3	ㄅㄚ ㄕㄨˋ
八位	3	ㄅㄚ ㄨㄟˋ
八名	3	ㄅㄚ ㄇㄧㄥˊ
八人	3	ㄅㄚ ㄖㄣˊ
八戶	3	ㄅㄚ ㄏㄨˋ
八家	3	ㄅㄚ ㄐㄧㄚ
八間	3	ㄅㄚ ㄐㄧㄢ
八隻	3	ㄅㄚ ㄓ
八頭	3	ㄅㄚ ㄊㄡˊ
八匹	3	ㄅㄚ ㄆㄧˇ
八次	3	ㄅㄚ ㄘˋ
八回	3	ㄅㄚ ㄏㄨㄟˊ
八遍	3	ㄅㄚ ㄅㄧㄢˋ
八場	3	ㄅㄚ ㄔㄤˇ
八節	3	ㄅㄚ ㄐㄧㄝˊ
八堂	3	ㄅㄚ ㄊㄤˊ
八秒	3	ㄅㄚ ㄇㄧㄠˇ
八分	3	ㄅㄚ ㄈㄣ
八時	3	ㄅㄚ ㄕˊ
八天	3	ㄅㄚ ㄊㄧㄢ
八日	3	ㄅㄚ ㄖˋ
八週	3	ㄅㄚ ㄓㄡ
八月	3	ㄅㄚ ㄩㄝˋ
八年	3	ㄅㄚ ㄋㄧㄢˊ
八號	3	ㄅㄚ ㄏㄠˋ
八樓	3	ㄅㄚ ㄌㄡˊ
八室	3	ㄅㄚ ㄕˋ
八巷	3	ㄅㄚ ㄒㄧㄤˋ
八弄	3	ㄅㄚ ㄋㄨㄥˋ
八段	3	ㄅㄚ ㄉㄨㄢˋ
八元	3	ㄅㄚ ㄩㄢˊ
八角	3	ㄅㄚ ㄐㄧㄠˇ
八度	3	ㄅㄚ ㄉㄨˋ
八坪	3	ㄅㄚ ㄆㄧㄥˊ
八克	3	ㄅㄚ ㄎㄜˋ
八噸	3	ㄅㄚ ㄉㄨㄣˋ
八趟	3	ㄅㄚ ㄊㄤˋ
八班	3	ㄅㄚ ㄅㄢ
八站	3	ㄅㄚ ㄓㄢˋ
八車	3	ㄅㄚ ㄔㄜ
八座	3	ㄅㄚ ㄗㄨㄛˋ
八艘	3	ㄅㄚ ㄙㄠ
八架	3	ㄅㄚ ㄐㄧㄚˋ
八分鐘	3	ㄅㄚ ㄈㄣ ㄓㄨㄥ
八小時	3	ㄅㄚ ㄒㄧㄠˇ ㄕˊ
八公斤	3	ㄅㄚ ㄍㄨㄥ ㄐㄧㄣ
八公克	3	ㄅㄚ ㄍㄨㄥ ㄎㄜˋ
八公里	3	ㄅㄚ ㄍㄨㄥ ㄌㄧˇ
八公尺	3	ㄅㄚ ㄍㄨㄥ ㄔˇ
八公分	3	ㄅㄚ ㄍㄨㄥ ㄈㄣ
八毫米	3	ㄅㄚ ㄏㄠˊ ㄇㄧˇ
八毫升	3	ㄅㄚ ㄏㄠˊ ㄕㄥ
八公升	3	ㄅㄚ ㄍㄨㄥ ㄕㄥ
八臺斤	3	ㄅㄚ ㄊㄞˊ ㄐㄧㄣ
八平方公尺	3	ㄅㄚ ㄆㄧㄥˊ ㄈㄤ ㄍㄨㄥ ㄔˇ
八平方公里	3	ㄅㄚ ㄆㄧㄥˊ ㄈㄤ ㄍㄨㄥ ㄌㄧˇ
八十	3	ㄅㄚ ㄕˊ
八百	3	ㄅㄚ ㄅㄞˇ
八千	3	ㄅㄚ ㄑㄧㄢ
八萬	3	ㄅㄚ ㄨㄢˋ
八億	3	ㄅㄚ ㄧˋ
九個	3	ㄐㄧㄡˇ ㄍㄜˋ
九件	3	ㄐㄧㄡˇ ㄐㄧㄢˋ
九份	3	ㄐㄧㄡˇ ㄈㄣˋ
九張	3	ㄐㄧㄡˇ ㄓㄤ
九片	3	ㄐㄧㄡˇ ㄆㄧㄢˋ
九篇	3	ㄐㄧㄡˇ ㄆㄧㄢ
九本	3	ㄐㄧㄡˇ ㄅㄣˇ
九冊	3	ㄐㄧㄡˇ ㄘㄜˋ
九頁	3	ㄐㄧㄡˇ ㄧㄝˋ
九封	3	ㄐㄧㄡˇ ㄈㄥ
九則	3	ㄐㄧㄡˇ ㄗㄜˊ
九筆	3	ㄐㄧㄡˇ ㄅㄧˇ
九項	3	ㄐㄧㄡˇ ㄒㄧㄤˋ
九條	3	ㄐㄧㄡˇ ㄊㄧㄠˊ
九支	3	ㄐㄧㄡˇ ㄓ
九枝	3	ㄐㄧㄡˇ ㄓ
九把	3	ㄐㄧㄡˇ ㄅㄚˇ
九雙	3	ㄐㄧㄡˇ ㄕㄨㄤ
九對	3	ㄐㄧㄡˇ ㄉㄨㄟˋ
九套	3	ㄐㄧㄡˇ ㄊㄠˋ
九組	3	ㄐㄧㄡˇ ㄗㄨˇ
九批	3	ㄐㄧㄡˇ ㄆㄧ
九箱	3	ㄐㄧㄡˇ ㄒㄧㄤ
九包	3	ㄐㄧㄡˇ ㄅㄠ
九袋	3	ㄐㄧㄡˇ ㄉㄞˋ
九盒	3	ㄐㄧㄡˇ ㄏㄜˊ
九瓶	3	ㄐㄧㄡˇ ㄆㄧㄥˊ
九杯	3	ㄐㄧㄡˇ ㄅㄟ
九碗	3	ㄐㄧㄡˇ ㄨㄢˇ
九盤	3	ㄐㄧㄡˇ ㄆㄢˊ
九顆	3	ㄐㄧㄡˇ ㄎㄜ
九粒	3	ㄐㄧㄡˇ ㄌㄧˋ
九塊	3	ㄐㄧㄡˇ ㄎㄨㄞˋ
九根	3	ㄐㄧㄡˇ ㄍㄣ
九束	3	ㄐㄧㄡˇ ㄕㄨˋ
九位	3	ㄐㄧㄡˇ ㄨㄟˋ
九名	3	ㄐㄧㄡˇ ㄇㄧㄥˊ
九人	3	ㄐㄧㄡˇ ㄖㄣˊ
九戶	3	ㄐㄧㄡˇ ㄏㄨˋ
九家	3	ㄐㄧㄡˇ ㄐㄧㄚ
九間	3	ㄐㄧㄡˇ ㄐㄧㄢ
九隻	3	ㄐㄧㄡˇ ㄓ
九頭	3	ㄐㄧㄡˇ ㄊㄡˊ
九匹	3	ㄐㄧㄡˇ ㄆㄧˇ
九次	3	ㄐㄧㄡˇ ㄘˋ
九回	3	ㄐㄧㄡˇ ㄏㄨㄟˊ
九遍	3	ㄐㄧㄡˇ ㄅㄧㄢˋ
九場	3	ㄐㄧㄡˇ ㄔㄤˇ
九節	3	ㄐㄧㄡˇ ㄐㄧㄝˊ
九堂	3	ㄐㄧㄡˇ ㄊㄤˊ
九秒	3	ㄐㄧㄡˇ ㄇㄧㄠˇ
九分	3	ㄐㄧㄡˇ ㄈㄣ
九時	3	ㄐㄧㄡˇ ㄕˊ
九天	3	ㄐㄧㄡˇ ㄊㄧㄢ
九日	3	ㄐㄧㄡˇ ㄖˋ
九週	3	ㄐㄧㄡˇ ㄓㄡ
九月	3	ㄐㄧㄡˇ ㄩㄝˋ
九年	3	ㄐㄧㄡˇ ㄋㄧㄢˊ
九號	3	ㄐㄧㄡˇ ㄏㄠˋ
九樓	3	ㄐㄧㄡˇ ㄌㄡˊ
九室	3	ㄐㄧㄡˇ ㄕˋ
九巷	3	ㄐㄧㄡˇ ㄒㄧㄤˋ
九弄	3	ㄐㄧㄡˇ ㄋㄨㄥˋ
九段	3	ㄐㄧㄡˇ ㄉㄨㄢˋ
九元	3	ㄐㄧㄡˇ ㄩㄢˊ
九角	3	ㄐㄧㄡˇ ㄐㄧㄠˇ
九度	3	ㄐㄧㄡˇ ㄉㄨˋ
九坪	3	ㄐㄧㄡˇ ㄆㄧㄥˊ
九克	3	ㄐㄧㄡˇ ㄎㄜˋ
九噸	3	ㄐㄧㄡˇ ㄉㄨㄣˋ
九趟	3	ㄐㄧㄡˇ ㄊㄤˋ
九班	3	ㄐㄧㄡˇ ㄅㄢ
九站	3	ㄐㄧㄡˇ ㄓㄢˋ
九車	3	ㄐㄧㄡˇ ㄔㄜ
九座	3	ㄐㄧㄡˇ ㄗㄨㄛˋ
九艘	3	ㄐㄧㄡˇ ㄙㄠ
九架	3	ㄐㄧㄡˇ ㄐㄧㄚˋ
九分鐘	3	ㄐㄧㄡˇ ㄈㄣ ㄓㄨㄥ
九小時	3	ㄐㄧㄡˇ ㄒㄧㄠˇ ㄕˊ
九公斤	3	ㄐㄧㄡˇ ㄍㄨㄥ ㄐㄧㄣ
九公克	3	ㄐㄧㄡˇ ㄍㄨㄥ ㄎㄜˋ
九公里	3	ㄐㄧㄡˇ ㄍㄨㄥ ㄌㄧˇ
九公尺	3	ㄐㄧㄡˇ ㄍㄨㄥ ㄔˇ
九公分	3	ㄐㄧㄡˇ ㄍㄨㄥ ㄈㄣ
九毫米	3	ㄐㄧㄡˇ ㄏㄠˊ ㄇㄧˇ
九毫升	3	ㄐㄧㄡˇ ㄏㄠˊ ㄕㄥ
九公升	3	ㄐㄧㄡˇ ㄍㄨㄥ ㄕㄥ
九臺斤	3	ㄐㄧㄡˇ ㄊㄞˊ ㄐㄧㄣ
九平方公尺	3	ㄐㄧㄡˇ ㄆㄧㄥˊ ㄈㄤ ㄍㄨㄥ ㄔˇ
九平方公里	3	ㄐㄧㄡˇ ㄆㄧㄥˊ ㄈㄤ ㄍㄨㄥ ㄌㄧˇ
九十	3	ㄐㄧㄡˇ ㄕˊ
九百	3	ㄐㄧㄡˇ ㄅㄞˇ
九千	3	ㄐㄧㄡˇ ㄑㄧㄢ
九萬	3	ㄐㄧㄡˇ ㄨㄢˋ
九億	3	ㄐㄧㄡˇ ㄧˋ
十個	3	ㄕˊ ㄍㄜˋ
十件	3	ㄕˊ ㄐㄧㄢˋ
十份	3	ㄕˊ ㄈㄣˋ
十張	3	ㄕˊ ㄓㄤ
十片	3	ㄕˊ ㄆㄧㄢˋ
十篇	3	ㄕˊ ㄆㄧㄢ
十本	3	ㄕˊ ㄅㄣˇ
十冊	3	ㄕˊ ㄘㄜˋ
十頁	3	ㄕˊ ㄧㄝˋ
十封	3	ㄕˊ ㄈㄥ
十則	3	ㄕˊ ㄗㄜˊ
十筆	3	ㄕˊ ㄅㄧˇ
十項	3	ㄕˊ ㄒㄧㄤˋ
十條	3	ㄕˊ ㄊㄧㄠˊ
十支	3	ㄕˊ ㄓ
十枝	3	ㄕˊ ㄓ
十把	3	ㄕˊ ㄅㄚˇ
十雙	3	ㄕˊ ㄕㄨㄤ
十對	3	ㄕˊ ㄉㄨㄟˋ
十套	3	ㄕˊ ㄊㄠˋ
十組	3	ㄕˊ ㄗㄨˇ
十批	3	ㄕˊ ㄆㄧ
十箱	3	ㄕˊ ㄒㄧㄤ
十包	3	ㄕˊ ㄅㄠ
十袋	3	ㄕˊ ㄉㄞˋ
十盒	3	ㄕˊ ㄏㄜˊ
十瓶	3	ㄕˊ ㄆㄧㄥˊ
十杯	3	ㄕˊ ㄅㄟ
十碗	3	ㄕˊ ㄨㄢˇ
十盤	3	ㄕˊ ㄆㄢˊ
十顆	3	ㄕˊ ㄎㄜ
十粒	3	ㄕˊ ㄌㄧˋ
十塊	3	ㄕˊ ㄎㄨㄞˋ
十根	3	ㄕˊ ㄍㄣ
十束	3	ㄕˊ ㄕㄨˋ
十位	3	ㄕˊ ㄨㄟˋ
十名	3	ㄕˊ ㄇㄧㄥˊ
十人	3	ㄕˊ ㄖㄣˊ
十戶	3	ㄕˊ ㄏㄨˋ
十家	3	ㄕˊ ㄐㄧㄚ
十間	3	ㄕˊ ㄐㄧㄢ
十隻	3	ㄕˊ ㄓ
十頭	3	ㄕˊ ㄊㄡˊ
十匹	3	ㄕˊ ㄆㄧˇ
十次	3	ㄕˊ ㄘˋ
十回	3	ㄕˊ ㄏㄨㄟˊ
十遍	3	ㄕˊ ㄅㄧㄢˋ
十場	3	ㄕˊ ㄔㄤˇ
十節	3	ㄕˊ ㄐㄧㄝˊ
十堂	3	ㄕˊ ㄊㄤˊ
十秒	3	ㄕˊ ㄇㄧㄠˇ
十分	3	ㄕˊ ㄈㄣ
十時	3	ㄕˊ ㄕˊ
十天	3	ㄕˊ ㄊㄧㄢ
十日	3	ㄕˊ ㄖˋ
十週	3	ㄕˊ ㄓㄡ
十月	3	ㄕˊ ㄩㄝˋ
十年	3	ㄕˊ ㄋㄧㄢˊ
十號	3	ㄕˊ ㄏㄠˋ
十樓	3	ㄕˊ ㄌㄡˊ
十室	3	ㄕˊ ㄕˋ
十巷	3	ㄕˊ ㄒㄧㄤˋ
十弄	3	ㄕˊ ㄋㄨㄥˋ
十段	3	ㄕˊ ㄉㄨㄢˋ
十元	3	ㄕˊ ㄩㄢˊ
十角	3	ㄕˊ ㄐㄧㄠˇ
十度	3	ㄕˊ ㄉㄨˋ
十坪	3	ㄕˊ ㄆㄧㄥˊ
十克	3	ㄕˊ ㄎㄜˋ
十噸	3	ㄕˊ ㄉㄨㄣˋ
十趟	3	ㄕˊ ㄊㄤˋ
十班	3	ㄕˊ ㄅㄢ
十站	3	ㄕˊ ㄓㄢˋ
十車	3	ㄕˊ ㄔㄜ
十座	3	ㄕˊ ㄗㄨㄛˋ
十艘	3	ㄕˊ ㄙㄠ
十架	3	ㄕˊ ㄐㄧㄚˋ
十分鐘	3	ㄕˊ ㄈㄣ ㄓㄨㄥ
十小時	3	ㄕˊ ㄒㄧㄠˇ ㄕˊ
十公斤	3	ㄕˊ ㄍㄨㄥ ㄐㄧㄣ
十公克	3	ㄕˊ ㄍㄨㄥ ㄎㄜˋ
十公里	3	ㄕˊ ㄍㄨㄥ ㄌㄧˇ
十公尺	3	ㄕˊ ㄍㄨㄥ ㄔˇ
十公分	3	ㄕˊ ㄍㄨㄥ ㄈㄣ
十毫米	3	ㄕˊ ㄏㄠˊ ㄇㄧˇ
十毫升	3	ㄕˊ ㄏㄠˊ ㄕㄥ
十公升	3	ㄕˊ ㄍㄨㄥ ㄕㄥ
十臺斤	3	ㄕˊ ㄊㄞˊ ㄐㄧㄣ
十平方公尺	3	ㄕˊ ㄆㄧㄥˊ ㄈㄤ ㄍㄨㄥ ㄔˇ
十平方公里	3	ㄕˊ ㄆㄧㄥˊ ㄈㄤ ㄍㄨㄥ ㄌㄧˇ
十十	3	ㄕˊ ㄕˊ
十百	3	ㄕˊ ㄅㄞˇ
十千	3	ㄕˊ ㄑㄧㄢ
十萬	3	ㄕˊ ㄨㄢˋ
十億	3	ㄕˊ ㄧˋ
壹拾	3	ㄧ ㄕˊ
壹佰	3	ㄧ ㄅㄞˇ
壹仟	3	ㄧ ㄑㄧㄢ
壹萬	3	ㄧ ㄨㄢˋ
壹億	3	ㄧ ㄧˋ
壹元	3	ㄧ ㄩㄢˊ
壹角	3	ㄧ ㄐㄧㄠˇ
壹分	3	ㄧ ㄈㄣ
貳拾	3	ㄦˋ ㄕˊ
貳佰	3	ㄦˋ ㄅㄞˇ
貳仟	3	ㄦˋ ㄑㄧㄢ
貳萬	3	ㄦˋ ㄨㄢˋ
貳億	3	ㄦˋ ㄧˋ
貳元	3	ㄦˋ ㄩㄢˊ
貳角	3	ㄦˋ ㄐㄧㄠˇ
貳分	3	ㄦˋ ㄈㄣ
參拾	3	ㄙㄢ ㄕˊ
參佰	3	ㄙㄢ ㄅㄞˇ
參仟	12	ㄙㄢ ㄑㄧㄢ
參萬	3	ㄙㄢ ㄨㄢˋ
參億	3	ㄙㄢ ㄧˋ
參元	3	ㄙㄢ ㄩㄢˊ
參角	3	ㄙㄢ ㄐㄧㄠˇ
參分	3	ㄙㄢ ㄈㄣ
肆拾	3	ㄙˋ ㄕˊ
肆佰	3	ㄙˋ ㄅㄞˇ
肆仟	3	ㄙˋ ㄑㄧㄢ
肆萬	3	ㄙˋ ㄨㄢˋ
肆億	3	ㄙˋ ㄧˋ
肆元	3	ㄙˋ ㄩㄢˊ
肆角	3	ㄙˋ ㄐㄧㄠˇ
肆分	3	ㄙˋ ㄈㄣ
伍拾	3	ㄨˇ ㄕˊ
伍佰	3	ㄨˇ ㄅㄞˇ
伍仟	3	ㄨˇ ㄑㄧㄢ
伍萬	3	ㄨˇ ㄨㄢˋ
伍億	3	ㄨˇ ㄧˋ
伍元	3	ㄨˇ ㄩㄢˊ
伍角	3	ㄨˇ ㄐㄧㄠˇ
伍分	3	ㄨˇ ㄈㄣ
陸拾	3	ㄌㄨˋ ㄕˊ
陸佰	3	ㄌㄨˋ ㄅㄞˇ
陸仟	3	ㄌㄨˋ ㄑㄧㄢ
陸萬	3	ㄌㄨˋ ㄨㄢˋ
陸億	3	ㄌㄨˋ ㄧˋ
陸元	3	ㄌㄨˋ ㄩㄢˊ
陸角	3	ㄌㄨˋ ㄐㄧㄠˇ
陸分	3	ㄌㄨˋ ㄈㄣ
柒拾	3	ㄑㄧ ㄕˊ
柒佰	3	ㄑㄧ ㄅㄞˇ
柒仟	3	ㄑㄧ ㄑㄧㄢ
柒萬	3	ㄑㄧ ㄨㄢˋ
柒億	3	ㄑㄧ ㄧˋ
柒元	3	ㄑㄧ ㄩㄢˊ
柒角	3	ㄑㄧ ㄐㄧㄠˇ
柒分	3	ㄑㄧ ㄈㄣ
捌拾	3	ㄅㄚ ㄕˊ
捌佰	3	ㄅㄚ ㄅㄞˇ
捌仟	3	ㄅㄚ ㄑㄧㄢ
捌萬	3	ㄅㄚ ㄨㄢˋ
捌億	3	ㄅㄚ ㄧˋ
捌元	3	ㄅㄚ ㄩㄢˊ
捌角	3	ㄅㄚ ㄐㄧㄠˇ
捌分	3	ㄅㄚ ㄈㄣ
玖拾	3	ㄐㄧㄡˇ ㄕˊ
玖佰	3	ㄐㄧㄡˇ ㄅㄞˇ
玖仟	3	ㄐㄧㄡˇ ㄑㄧㄢ
玖萬	3	ㄐㄧㄡˇ ㄨㄢˋ
玖億	3	ㄐㄧㄡˇ ㄧˋ
玖元	3	ㄐㄧㄡˇ ㄩㄢˊ
玖角	3	ㄐㄧㄡˇ ㄐㄧㄠˇ
玖分	3	ㄐㄧㄡˇ ㄈㄣ
