詞	處理	小麥詞頻	建模文章數	建模出現次數	自訂詞頻	注音	讀音來源
颱風	既有詞，剔除重複	626	6	6			既有 KeyKey.db
地震	既有詞，剔除重複	680	2	5			既有 KeyKey.db
豪雨	既有詞，剔除重複	107	2	3			既有 KeyKey.db
停班停課	新增		0	0	1	ㄊㄧㄥˊ ㄅㄢ ㄊㄧㄥˊ ㄎㄜˋ	本地 KeyKey unigram 分詞：停+班+停課
寒流	既有詞，剔除重複	50	0	0			既有 KeyKey.db
梅雨	既有詞，剔除重複	45	2	2			既有 KeyKey.db
高溫	既有詞，剔除重複	189	18	24			既有 KeyKey.db
空氣品質	新增		4	4	4	ㄎㄨㄥ ㄑㄧˋ ㄆㄧㄣˇ ㄓˊ	本地 KeyKey unigram 分詞：空氣+品質
空氣污染	新增		1	2	2	ㄎㄨㄥ ㄑㄧˋ ㄨ ㄖㄢˇ	本地 KeyKey unigram 分詞：空氣+污染
紫外線	既有詞，剔除重複	66	1	3			既有 KeyKey.db
即時雨量	新增		0	0	1	ㄐㄧˊ ㄕˊ ㄩˇ ㄌㄧㄤˋ	本地 KeyKey unigram 分詞：即時+雨量
地震速報	新增		1	1	1	ㄉㄧˋ ㄓㄣˋ ㄙㄨˋ ㄅㄠˋ	本地 KeyKey unigram 分詞：地震+速+報
淹水	既有詞，剔除重複	77	8	11			既有 KeyKey.db
土石流	既有詞，剔除重複	96	1	1			既有 KeyKey.db
乾旱	既有詞，剔除重複	55	1	1			既有 KeyKey.db
缺水	新增		2	2	2	ㄑㄩㄝ ㄕㄨㄟˇ	本地 KeyKey unigram 分詞：缺+水
限水	既有詞，剔除重複	150	0	0			既有 KeyKey.db
水庫	既有詞，剔除重複	616	1	1			既有 KeyKey.db
蓄水量	既有詞，剔除重複	28	0	0			既有 KeyKey.db
登革熱	既有詞，剔除重複	244	0	0			既有 KeyKey.db
流感	既有詞，剔除重複	98	2	2			既有 KeyKey.db
疫苗	既有詞，剔除重複	240	0	0			既有 KeyKey.db
快篩	新增	0	1	1	1	ㄎㄨㄞˋ ㄕㄞ	本地 McBopomofo BPMFMappings
口罩	既有詞，剔除重複	34	5	7			既有 KeyKey.db
新冠肺炎	新增	0	0	0	1	ㄒㄧㄣ ㄍㄨㄢ ㄈㄟˋ ㄧㄢˊ	人工慣用讀音：臺灣慣用讀法；冠指冠狀而非冠軍
疫情	既有詞，剔除重複	241	2	2			既有 KeyKey.db
隔離	既有詞，剔除重複	145	45	67			既有 KeyKey.db
居家檢疫	新增		0	0	1	ㄐㄩ ㄐㄧㄚ ㄐㄧㄢˇ ㄧˋ	本地 KeyKey unigram 分詞：居家+檢疫
確診	新增	0	6	6	6	ㄑㄩㄝˋ ㄓㄣˇ	本地 McBopomofo BPMFMappings
防疫	既有詞，剔除重複	77	0	0			既有 KeyKey.db
醫院	既有詞，剔除重複	2147	40	95			既有 KeyKey.db
急診	既有詞，剔除重複	104	6	12			既有 KeyKey.db
掛號	既有詞，剔除重複	83	17	20			既有 KeyKey.db
健保	既有詞，剔除重複	1317	3	3			既有 KeyKey.db
健保卡	既有詞，剔除重複	56	2	2			既有 KeyKey.db
健康檢查	既有詞，剔除重複	20	3	3			既有 KeyKey.db
血壓	既有詞，剔除重複	256	6	8			既有 KeyKey.db
血糖	既有詞，剔除重複	79	3	6			既有 KeyKey.db
膽固醇	既有詞，剔除重複	71	0	0			既有 KeyKey.db
減肥	既有詞，剔除重複	237	7	16			既有 KeyKey.db
減重	新增		1	1	1	ㄐㄧㄢˇ ㄓㄨㄥˋ	本地 KeyKey unigram 分詞：減+重
健身	既有詞，剔除重複	114	0	0			既有 KeyKey.db
運動	既有詞，剔除重複	3595	25	51			既有 KeyKey.db
跑步	既有詞，剔除重複	71	3	5			既有 KeyKey.db
馬拉松	既有詞，剔除重複	91	1	1			既有 KeyKey.db
瑜伽	既有詞，剔除重複	8	0	0			既有 KeyKey.db
睡眠	既有詞，剔除重複	140	25	38			既有 KeyKey.db
失眠	既有詞，剔除重複	50	2	2			既有 KeyKey.db
過敏	既有詞，剔除重複	131	23	51			既有 KeyKey.db
感冒	既有詞，剔除重複	302	7	8			既有 KeyKey.db
發燒	既有詞，剔除重複	200	17	18			既有 KeyKey.db
頭痛	既有詞，剔除重複	269	6	6			既有 KeyKey.db
牙痛	既有詞，剔除重複	7	0	0			既有 KeyKey.db
牙醫	既有詞，剔除重複	80	0	0			既有 KeyKey.db
眼科	既有詞，剔除重複	39	1	4			既有 KeyKey.db
皮膚科	既有詞，剔除重複	39	4	4			既有 KeyKey.db
中醫	既有詞，剔除重複	249	0	0			既有 KeyKey.db
復健	既有詞，剔除重複	145	6	15			既有 KeyKey.db
心理諮商	既有詞，剔除重複	6	0	0			既有 KeyKey.db
憂鬱症	既有詞，剔除重複	54	0	0			既有 KeyKey.db
焦慮症	既有詞，剔除重複	10	0	0			既有 KeyKey.db
失智症	既有詞，剔除重複	12	0	0			既有 KeyKey.db
長照	新增		3	4	4	ㄔㄤˊ ㄓㄠˋ	人工慣用讀音：長期照顧的縮寫
居家照護	新增		0	0	1	ㄐㄩ ㄐㄧㄚ ㄓㄠˋ ㄏㄨˋ	本地 KeyKey unigram 分詞：居家+照護
醫療險	既有詞，剔除重複	6	0	0			既有 KeyKey.db
防癌險	新增		0	0	1	ㄈㄤˊ ㄞˊ ㄒㄧㄢˇ	本地 KeyKey unigram 分詞：防+癌+險
壽險	既有詞，剔除重複	65	0	0			既有 KeyKey.db
保險	既有詞，剔除重複	1446	31	60			既有 KeyKey.db
理賠	既有詞，剔除重複	102	20	90			既有 KeyKey.db
車禍	既有詞，剔除重複	201	0	0			既有 KeyKey.db
交通事故	既有詞，剔除重複	20	3	3			既有 KeyKey.db
肇事	既有詞，剔除重複	79	5	6			既有 KeyKey.db
違規	既有詞，剔除重複	285	55	99			既有 KeyKey.db
罰單	既有詞，剔除重複	50	0	0			既有 KeyKey.db
測速照相	新增		0	0	1	ㄘㄜˋ ㄙㄨˋ ㄓㄠˋ ㄒㄧㄤˋ	本地 KeyKey unigram 分詞：測+速+照相
區間測速	新增		0	0	1	ㄑㄩ ㄐㄧㄢ ㄘㄜˋ ㄙㄨˋ	本地 KeyKey unigram 分詞：區間+測+速
酒駕	既有詞，剔除重複	32	0	0			既有 KeyKey.db
紅綠燈	既有詞，剔除重複	34	2	2			既有 KeyKey.db
道路施工	新增		5	5	5	ㄉㄠˋ ㄌㄨˋ ㄕ ㄍㄨㄥ	本地 KeyKey unigram 分詞：道路+施工
塞車	既有詞，剔除重複	99	18	20			既有 KeyKey.db
即時路況	新增		4	4	4	ㄐㄧˊ ㄕˊ ㄌㄨˋ ㄎㄨㄤˋ	本地 KeyKey unigram 分詞：即時+路況
高速公路	既有詞，剔除重複	114	0	0			既有 KeyKey.db
交流道	既有詞，剔除重複	68	3	5			既有 KeyKey.db
休息站	既有詞，剔除重複	17	8	12			既有 KeyKey.db
國道	既有詞，剔除重複	87	1	1			既有 KeyKey.db
省道	既有詞，剔除重複	26	2	3			既有 KeyKey.db
快速道路	既有詞，剔除重複	17	0	0			既有 KeyKey.db
高鐵	既有詞，剔除重複	275	13	64			既有 KeyKey.db
台鐵	既有詞，剔除重複	121	2	3			既有 KeyKey.db
捷運	既有詞，剔除重複	826	24	38			既有 KeyKey.db
輕軌	既有詞，剔除重複	25	0	0			既有 KeyKey.db
火車	既有詞，剔除重複	694	76	126			既有 KeyKey.db
公車	既有詞，剔除重複	514	111	247			既有 KeyKey.db
客運	既有詞，剔除重複	105	51	116			既有 KeyKey.db
計程車	既有詞，剔除重複	365	36	52			既有 KeyKey.db
共享單車	新增		1	2	2	ㄍㄨㄥˋ ㄒㄧㄤˇ ㄉㄢ ㄔㄜ	本地 KeyKey unigram 分詞：共享+單車
自行車	既有詞，剔除重複	142	5	6			既有 KeyKey.db
機車	既有詞，剔除重複	738	51	108			既有 KeyKey.db
電動機車	新增		4	8	8	ㄉㄧㄢˋ ㄉㄨㄥˋ ㄐㄧ ㄔㄜ	本地 KeyKey unigram 分詞：電動+機車
汽車	既有詞，剔除重複	1046	8	10			既有 KeyKey.db
電動車	既有詞，剔除重複	27	2	4			既有 KeyKey.db
充電樁	新增		1	3	3	ㄔㄨㄥ ㄉㄧㄢˋ ㄓㄨㄤ	本地 KeyKey unigram 分詞：充電+樁
停車場	既有詞，剔除重複	204	30	44			既有 KeyKey.db
停車位	既有詞，剔除重複	79	16	18			既有 KeyKey.db
停車費	既有詞，剔除重複	15	1	1			既有 KeyKey.db
悠遊卡	既有詞，剔除重複	50	0	0			既有 KeyKey.db
一卡通	新增		0	0	1	ㄧ ㄎㄚˇ ㄊㄨㄥ	本地 KeyKey unigram 分詞：一+卡通
電子票證	新增		0	0	1	ㄉㄧㄢˋ ㄗˇ ㄆㄧㄠˋ ㄓㄥˋ	本地 KeyKey unigram 分詞：電子+票證
行動支付	新增		1	1	1	ㄒㄧㄥˊ ㄉㄨㄥˋ ㄓ ㄈㄨˋ	本地 KeyKey unigram 分詞：行動+支付
電子支付	新增		1	1	1	ㄉㄧㄢˋ ㄗˇ ㄓ ㄈㄨˋ	本地 KeyKey unigram 分詞：電子+支付
電子發票	新增		6	10	10	ㄉㄧㄢˋ ㄗˇ ㄈㄚ ㄆㄧㄠˋ	本地 KeyKey unigram 分詞：電子+發票
統一發票	既有詞，剔除重複	19	0	0			既有 KeyKey.db
發票對獎	新增		0	0	1	ㄈㄚ ㄆㄧㄠˋ ㄉㄨㄟˋ ㄐㄧㄤˇ	本地 KeyKey unigram 分詞：發票+對獎
載具	新增	0	2	4	4	ㄗㄞˋ ㄐㄩˋ	人工慣用讀音：電子發票與承載工具的慣用讀法
雲端發票	新增		1	1	1	ㄩㄣˊ ㄉㄨㄢ ㄈㄚ ㄆㄧㄠˋ	本地 KeyKey unigram 分詞：雲端+發票
信用卡	既有詞，剔除重複	310	24	33			既有 KeyKey.db
簽帳卡	既有詞，剔除重複	3	0	0			既有 KeyKey.db
提款卡	既有詞，剔除重複	10	1	2			既有 KeyKey.db
轉帳	既有詞，剔除重複	50	14	19			既有 KeyKey.db
匯款	既有詞，剔除重複	63	43	106			既有 KeyKey.db
網路銀行	新增		1	1	1	ㄨㄤˇ ㄌㄨˋ ㄧㄣˊ ㄏㄤˊ	本地 KeyKey unigram 分詞：網路+銀行
數位帳戶	新增		1	1	1	ㄕㄨˋ ㄨㄟˋ ㄓㄤˋ ㄏㄨˋ	本地 KeyKey unigram 分詞：數位+帳戶
定存	既有詞，剔除重複	45	3	3			既有 KeyKey.db
活存	既有詞，剔除重複	5	0	0			既有 KeyKey.db
利率	既有詞，剔除重複	688	9	22			既有 KeyKey.db
房貸	既有詞，剔除重複	129	1	1			既有 KeyKey.db
信貸	既有詞，剔除重複	92	0	0			既有 KeyKey.db
車貸	新增		0	0	1	ㄔㄜ ㄉㄞˋ	本地 KeyKey unigram 分詞：車+貸
貸款	既有詞，剔除重複	610	0	0			既有 KeyKey.db
房價	既有詞，剔除重複	111	26	40			既有 KeyKey.db
房租	既有詞，剔除重複	96	5	5			既有 KeyKey.db
租屋	既有詞，剔除重複	60	30	40			既有 KeyKey.db
買房	新增		0	0	1	ㄇㄞˇ ㄈㄤˊ	本地 KeyKey unigram 分詞：買+房
房仲	既有詞，剔除重複	17	0	0			既有 KeyKey.db
預售屋	既有詞，剔除重複	29	0	0			既有 KeyKey.db
新成屋	新增		0	0	1	ㄒㄧㄣ ㄔㄥˊ ㄨ	本地 KeyKey unigram 分詞：新+成屋
中古屋	既有詞，剔除重複	8	0	0			既有 KeyKey.db
實價登錄	既有詞，剔除重複	4	0	0			既有 KeyKey.db
房屋稅	既有詞，剔除重複	5	0	0			既有 KeyKey.db
地價稅	既有詞，剔除重複	9	0	0			既有 KeyKey.db
所得稅	既有詞，剔除重複	171	1	2			既有 KeyKey.db
報稅	既有詞，剔除重複	39	1	1			既有 KeyKey.db
退稅	既有詞，剔除重複	31	0	0			既有 KeyKey.db
發票	既有詞，剔除重複	107	45	226			既有 KeyKey.db
薪資	既有詞，剔除重複	356	27	65			既有 KeyKey.db
基本工資	既有詞，剔除重複	46	0	0			既有 KeyKey.db
年終獎金	既有詞，剔除重複	28	0	0			既有 KeyKey.db
加薪	既有詞，剔除重複	57	1	1			既有 KeyKey.db
獎金	既有詞，剔除重複	487	0	0			既有 KeyKey.db
勞保	既有詞，剔除重複	192	0	0			既有 KeyKey.db
勞退	新增	0	0	0	1	ㄌㄠˊ ㄊㄨㄟˋ	本地 McBopomofo BPMFMappings
退休金	既有詞，剔除重複	135	1	1			既有 KeyKey.db
勞基法	既有詞，剔除重複	92	0	0			既有 KeyKey.db
加班費	既有詞，剔除重複	35	10	14			既有 KeyKey.db
特休	新增		0	0	1	ㄊㄜˋ ㄒㄧㄡ	本地 KeyKey unigram 分詞：特+休
請假	既有詞，剔除重複	127	100	217			既有 KeyKey.db
育嬰假	既有詞，剔除重複	44	0	0			既有 KeyKey.db
產假	既有詞，剔除重複	21	0	0			既有 KeyKey.db
婚假	既有詞，剔除重複	2	0	0			既有 KeyKey.db
失業	既有詞，剔除重複	946	5	7			既有 KeyKey.db
求職	既有詞，剔除重複	123	10	13			既有 KeyKey.db
面試	既有詞，剔除重複	156	18	53			既有 KeyKey.db
履歷	既有詞，剔除重複	67	10	20			既有 KeyKey.db
轉職	既有詞，剔除重複	19	2	2			既有 KeyKey.db
兼職	既有詞，剔除重複	57	3	3			既有 KeyKey.db
打工	既有詞，剔除重複	245	8	9			既有 KeyKey.db
實習	既有詞，剔除重複	254	8	14			既有 KeyKey.db
公務員	既有詞，剔除重複	383	4	7			既有 KeyKey.db
國考	新增		0	0	1	ㄍㄨㄛˊ ㄎㄠˇ	本地 KeyKey unigram 分詞：國+考
證照	既有詞，剔除重複	108	5	5			既有 KeyKey.db
職缺	既有詞，剔除重複	47	9	20			既有 KeyKey.db
薪水	既有詞，剔除重複	387	11	13			既有 KeyKey.db
職場	既有詞，剔除重複	146	7	7			既有 KeyKey.db
遠距工作	新增		1	1	1	ㄩㄢˇ ㄐㄩˋ ㄍㄨㄥ ㄗㄨㄛˋ	本地 KeyKey unigram 分詞：遠距+工作
居家辦公	新增		0	0	1	ㄐㄩ ㄐㄧㄚ ㄅㄢˋ ㄍㄨㄥ	本地 KeyKey unigram 分詞：居家+辦公
視訊會議	新增		5	7	7	ㄕˋ ㄒㄩㄣˋ ㄏㄨㄟˋ ㄧˋ	本地 KeyKey unigram 分詞：視訊+會議
人工智慧	既有詞，剔除重複	20	44	109			既有 KeyKey.db
生成式人工智慧	新增		0	0	1	ㄕㄥ ㄔㄥˊ ㄕˋ ㄖㄣˊ ㄍㄨㄥ ㄓˋ ㄏㄨㄟˋ	本地 KeyKey unigram 分詞：生+成+式+人工智慧
聊天機器人	新增		0	0	1	ㄌㄧㄠˊ ㄊㄧㄢ ㄐㄧ ㄑㄧˋ ㄖㄣˊ	本地 KeyKey unigram 分詞：聊天+機器人
機器學習	既有詞，剔除重複	2	2	2			既有 KeyKey.db
深度學習	新增		1	1	1	ㄕㄣ ㄉㄨˋ ㄒㄩㄝˊ ㄒㄧˊ	本地 KeyKey unigram 分詞：深度+學習
大數據	新增		1	1	1	ㄉㄚˋ ㄕㄨˋ ㄐㄩˋ	本地 KeyKey unigram 分詞：大+數據
雲端運算	新增		0	0	1	ㄩㄣˊ ㄉㄨㄢ ㄩㄣˋ ㄙㄨㄢˋ	本地 KeyKey unigram 分詞：雲端+運算
物聯網	新增		0	0	1	ㄨˋ ㄌㄧㄢˊ ㄨㄤˇ	本地 KeyKey unigram 分詞：物+聯+網
區塊鏈	新增		1	2	2	ㄑㄩ ㄎㄨㄞˋ ㄌㄧㄢˋ	本地 KeyKey unigram 分詞：區塊+鏈
比特幣	新增		0	0	1	ㄅㄧˇ ㄊㄜˋ ㄅㄧˋ	本地 KeyKey unigram 分詞：比+特+幣
虛擬貨幣	新增		1	1	1	ㄒㄩ ㄋㄧˇ ㄏㄨㄛˋ ㄅㄧˋ	本地 KeyKey unigram 分詞：虛擬+貨幣
加密貨幣	新增		1	1	1	ㄐㄧㄚ ㄇㄧˋ ㄏㄨㄛˋ ㄅㄧˋ	本地 KeyKey unigram 分詞：加密+貨幣
挖礦	新增		0	0	1	ㄨㄚ ㄎㄨㄤˋ	本地 KeyKey unigram 分詞：挖+礦
資安	既有詞，剔除重複	24	24	60			既有 KeyKey.db
網路安全	既有詞，剔除重複	17	0	0			既有 KeyKey.db
駭客	既有詞，剔除重複	77	0	0			既有 KeyKey.db
詐騙	既有詞，剔除重複	140	7	10			既有 KeyKey.db
網路詐騙	新增		0	0	1	ㄨㄤˇ ㄌㄨˋ ㄓㄚˋ ㄆㄧㄢˋ	本地 KeyKey unigram 分詞：網路+詐騙
投資詐騙	新增		0	0	1	ㄊㄡˊ ㄗ ㄓㄚˋ ㄆㄧㄢˋ	本地 KeyKey unigram 分詞：投資+詐騙
簡訊詐騙	新增		0	0	1	ㄐㄧㄢˇ ㄒㄩㄣˋ ㄓㄚˋ ㄆㄧㄢˋ	本地 KeyKey unigram 分詞：簡訊+詐騙
假冒客服	新增		0	0	1	ㄐㄧㄚˇ ㄇㄠˋ ㄎㄜˋ ㄈㄨˊ	本地 KeyKey unigram 分詞：假冒+客服
釣魚網站	新增		1	1	1	ㄉㄧㄠˋ ㄩˊ ㄨㄤˇ ㄓㄢˋ	本地 KeyKey unigram 分詞：釣魚+網站
個資	新增		109	132	100	ㄍㄜˋ ㄗ	人工慣用讀音：個人資料的縮寫，個讀四聲
個資外洩	新增		1	1	1	ㄍㄜˋ ㄗ ㄨㄞˋ ㄒㄧㄝˋ	人工慣用讀音：沿用個人資料的慣用讀法
密碼	既有詞，剔除重複	215	85	147			既有 KeyKey.db
雙重驗證	新增		4	12	12	ㄕㄨㄤ ㄔㄨㄥˊ ㄧㄢˋ ㄓㄥˋ	本地 KeyKey unigram 分詞：雙重+驗證
防毒軟體	新增		0	0	1	ㄈㄤˊ ㄉㄨˊ ㄖㄨㄢˇ ㄊㄧˇ	本地 KeyKey unigram 分詞：防毒+軟體
作業系統	既有詞，剔除重複	144	7	9			既有 KeyKey.db
瀏覽器	既有詞，剔除重複	147	37	163			既有 KeyKey.db
搜尋引擎	既有詞，剔除重複	74	4	4			既有 KeyKey.db
輸入法	既有詞，剔除重複	432	2	7			既有 KeyKey.db
注音	既有詞，剔除重複	310	2	4			既有 KeyKey.db
倉頡	既有詞，剔除重複	64	0	0			既有 KeyKey.db
語音輸入	新增		0	0	1	ㄩˇ ㄧㄣ ㄕㄨ ㄖㄨˋ	本地 KeyKey unigram 分詞：語音+輸入
翻譯	既有詞，剔除重複	877	45	54			既有 KeyKey.db
線上翻譯	新增		1	2	2	ㄒㄧㄢˋ ㄕㄤˋ ㄈㄢ ㄧˋ	本地 KeyKey unigram 分詞：線上+翻譯
雲端硬碟	既有詞，剔除重複	1	0	0			既有 KeyKey.db
隨身碟	既有詞，剔除重複	7	17	73			既有 KeyKey.db
硬碟	既有詞，剔除重複	352	16	55			既有 KeyKey.db
固態硬碟	新增		0	0	1	ㄍㄨˋ ㄊㄞˋ ㄧㄥˋ ㄉㄧㄝˊ	本地 KeyKey unigram 分詞：固態+硬碟
記憶體	既有詞，剔除重複	232	13	20			既有 KeyKey.db
處理器	既有詞，剔除重複	96	6	8			既有 KeyKey.db
顯示卡	既有詞，剔除重複	37	0	0			既有 KeyKey.db
主機板	既有詞，剔除重複	90	2	3			既有 KeyKey.db
電源供應器	既有詞，剔除重複	4	5	8			既有 KeyKey.db
筆記型電腦	既有詞，剔除重複	92	15	46			既有 KeyKey.db
平板電腦	既有詞，剔除重複	42	0	0			既有 KeyKey.db
智慧手機	新增		0	0	1	ㄓˋ ㄏㄨㄟˋ ㄕㄡˇ ㄐㄧ	本地 KeyKey unigram 分詞：智慧+手機
摺疊手機	新增		0	0	1	ㄓㄜˊ ㄉㄧㄝˊ ㄕㄡˇ ㄐㄧ	本地 KeyKey unigram 分詞：摺疊+手機
智慧手錶	新增		0	0	1	ㄓˋ ㄏㄨㄟˋ ㄕㄡˇ ㄅㄧㄠˇ	本地 KeyKey unigram 分詞：智慧+手錶
藍牙耳機	新增		1	2	2	ㄌㄢˊ ㄧㄚˊ ㄦˇ ㄐㄧ	本地 KeyKey unigram 分詞：藍牙+耳機
無線耳機	新增		1	1	1	ㄨˊ ㄒㄧㄢˋ ㄦˇ ㄐㄧ	本地 KeyKey unigram 分詞：無線+耳機
行動電源	新增		13	35	35	ㄒㄧㄥˊ ㄉㄨㄥˋ ㄉㄧㄢˋ ㄩㄢˊ	本地 KeyKey unigram 分詞：行動+電源
充電器	既有詞，剔除重複	6	29	71			既有 KeyKey.db
快充	新增		1	2	2	ㄎㄨㄞˋ ㄔㄨㄥ	本地 KeyKey unigram 分詞：快+充
無線充電	新增		1	3	3	ㄨˊ ㄒㄧㄢˋ ㄔㄨㄥ ㄉㄧㄢˋ	本地 KeyKey unigram 分詞：無線+充電
傳輸線	新增		12	31	31	ㄔㄨㄢˊ ㄕㄨ ㄒㄧㄢˋ	本地 KeyKey unigram 分詞：傳輸+線
螢幕	既有詞，剔除重複	681	80	182			既有 KeyKey.db
顯示器	既有詞，剔除重複	101	3	4			既有 KeyKey.db
投影機	既有詞，剔除重複	39	8	18			既有 KeyKey.db
印表機	既有詞，剔除重複	75	16	29			既有 KeyKey.db
路由器	既有詞，剔除重複	14	2	11			既有 KeyKey.db
無線網路	既有詞，剔除重複	34	5	5			既有 KeyKey.db
網路速度	新增		1	1	1	ㄨㄤˇ ㄌㄨˋ ㄙㄨˋ ㄉㄨˋ	本地 KeyKey unigram 分詞：網路+速度
光纖	既有詞，剔除重複	110	0	0			既有 KeyKey.db
寬頻	既有詞，剔除重複	210	9	10			既有 KeyKey.db
網路吃到飽	新增		0	0	1	ㄨㄤˇ ㄌㄨˋ ㄔ ㄉㄠˋ ㄅㄠˇ	本地 KeyKey unigram 分詞：網路+吃到飽
門號	既有詞，剔除重複	48	3	9			既有 KeyKey.db
攜碼	新增		0	0	1	ㄒㄧ ㄇㄚˇ	本地 KeyKey unigram 分詞：攜+碼
預付卡	新增		0	0	1	ㄩˋ ㄈㄨˋ ㄎㄚˇ	本地 KeyKey unigram 分詞：預付+卡
電信	既有詞，剔除重複	1162	4	4			既有 KeyKey.db
基地台	既有詞，剔除重複	102	4	25			既有 KeyKey.db
第五代行動通訊	新增		0	0	1	ㄉㄧˋ ㄨˇ ㄉㄞˋ ㄒㄧㄥˊ ㄉㄨㄥˋ ㄊㄨㄥ ㄒㄩㄣˋ	本地 KeyKey unigram 分詞：第五+代+行動+通訊
第四代行動通訊	新增		0	0	1	ㄉㄧˋ ㄙˋ ㄉㄞˋ ㄒㄧㄥˊ ㄉㄨㄥˋ ㄊㄨㄥ ㄒㄩㄣˋ	本地 KeyKey unigram 分詞：第四+代+行動+通訊
衛星網路	新增		0	0	1	ㄨㄟˋ ㄒㄧㄥ ㄨㄤˇ ㄌㄨˋ	本地 KeyKey unigram 分詞：衛星+網路
網路電視	新增		0	0	1	ㄨㄤˇ ㄌㄨˋ ㄉㄧㄢˋ ㄕˋ	本地 KeyKey unigram 分詞：網路+電視
串流平台	新增		0	0	1	ㄔㄨㄢˋ ㄌㄧㄡˊ ㄆㄧㄥˊ ㄊㄞˊ	本地 KeyKey unigram 分詞：串流+平台
影音平台	新增		0	0	1	ㄧㄥˇ ㄧㄣ ㄆㄧㄥˊ ㄊㄞˊ	本地 KeyKey unigram 分詞：影音+平台
短影音	新增		0	0	1	ㄉㄨㄢˇ ㄧㄥˇ ㄧㄣ	本地 KeyKey unigram 分詞：短+影音
直播	既有詞，剔除重複	92	9	24			既有 KeyKey.db
網紅	新增		1	1	1	ㄨㄤˇ ㄏㄨㄥˊ	本地 KeyKey unigram 分詞：網+紅
直播主	新增		1	3	3	ㄓˊ ㄅㄛ ㄓㄨˇ	本地 KeyKey unigram 分詞：直播+主
實況主	新增		0	0	1	ㄕˊ ㄎㄨㄤˋ ㄓㄨˇ	本地 KeyKey unigram 分詞：實況+主
社群媒體	新增		1	2	2	ㄕㄜˋ ㄑㄩㄣˊ ㄇㄟˊ ㄊㄧˇ	本地 KeyKey unigram 分詞：社群+媒體
社群網站	新增		1	1	1	ㄕㄜˋ ㄑㄩㄣˊ ㄨㄤˇ ㄓㄢˋ	本地 KeyKey unigram 分詞：社群+網站
網路論壇	新增		1	1	1	ㄨㄤˇ ㄌㄨˋ ㄌㄨㄣˋ ㄊㄢˊ	本地 KeyKey unigram 分詞：網路+論壇
迷因	新增		1	1	1	ㄇㄧˊ ㄧㄣ	本地 KeyKey unigram 分詞：迷+因
梗圖	新增		3	6	6	ㄍㄥˇ ㄊㄨˊ	本地 KeyKey unigram 分詞：梗+圖
貼圖	新增		59	123	100	ㄊㄧㄝ ㄊㄨˊ	本地 KeyKey unigram 分詞：貼+圖
限時動態	新增		1	1	1	ㄒㄧㄢˋ ㄕˊ ㄉㄨㄥˋ ㄊㄞˋ	本地 KeyKey unigram 分詞：限時+動態
追蹤	既有詞，剔除重複	462	165	213			既有 KeyKey.db
按讚	新增		18	20	20	ㄢˋ ㄗㄢˋ	本地 KeyKey unigram 分詞：按+讚
分享	既有詞，剔除重複	1320	137	241			既有 KeyKey.db
轉發	既有詞，剔除重複	10	6	9			既有 KeyKey.db
留言	既有詞，剔除重複	192	563	2368			既有 KeyKey.db
熱門話題	新增		1	1	1	ㄖㄜˋ ㄇㄣˊ ㄏㄨㄚˋ ㄊㄧˊ	本地 KeyKey unigram 分詞：熱門+話題
搜尋排行榜	新增		0	0	1	ㄙㄡ ㄒㄩㄣˊ ㄆㄞˊ ㄏㄤˊ ㄅㄤˇ	本地 KeyKey unigram 分詞：搜尋+排行榜
熱搜	新增		0	0	1	ㄖㄜˋ ㄙㄡ	本地 KeyKey unigram 分詞：熱+搜
新聞	既有詞，剔除重複	6033	42	67			既有 KeyKey.db
即時新聞	既有詞，剔除重複	28	0	0			既有 KeyKey.db
頭條	既有詞，剔除重複	68	1	1			既有 KeyKey.db
社會新聞	既有詞，剔除重複	21	0	0			既有 KeyKey.db
國際新聞	新增		2	2	2	ㄍㄨㄛˊ ㄐㄧˋ ㄒㄧㄣ ㄨㄣˊ	本地 KeyKey unigram 分詞：國際+新聞
財經新聞	新增		0	0	1	ㄘㄞˊ ㄐㄧㄥ ㄒㄧㄣ ㄨㄣˊ	本地 KeyKey unigram 分詞：財經+新聞
娛樂新聞	新增		0	0	1	ㄩˊ ㄌㄜˋ ㄒㄧㄣ ㄨㄣˊ	本地 KeyKey unigram 分詞：娛樂+新聞
體育新聞	新增		0	0	1	ㄊㄧˇ ㄩˋ ㄒㄧㄣ ㄨㄣˊ	本地 KeyKey unigram 分詞：體育+新聞
假新聞	新增		1	1	1	ㄐㄧㄚˇ ㄒㄧㄣ ㄨㄣˊ	本地 KeyKey unigram 分詞：假+新聞
謠言	既有詞，剔除重複	72	0	0			既有 KeyKey.db
闢謠	既有詞，剔除重複	1	0	0			既有 KeyKey.db
媒體	既有詞，剔除重複	3935	19	30			既有 KeyKey.db
記者	既有詞，剔除重複	2944	13	16			既有 KeyKey.db
專訪	既有詞，剔除重複	163	0	0			既有 KeyKey.db
爆料	既有詞，剔除重複	25	0	0			既有 KeyKey.db
八卦	既有詞，剔除重複	183	0	0			既有 KeyKey.db
緋聞	既有詞，剔除重複	51	0	0			既有 KeyKey.db
明星	既有詞，剔除重複	516	4	5			既有 KeyKey.db
藝人	既有詞，剔除重複	263	1	1			既有 KeyKey.db
歌手	既有詞，剔除重複	311	3	4			既有 KeyKey.db
演員	既有詞，剔除重複	524	7	15			既有 KeyKey.db
偶像	既有詞，剔除重複	264	0	0			既有 KeyKey.db
主持人	既有詞，剔除重複	361	62	190			既有 KeyKey.db
導演	既有詞，剔除重複	1663	3	3			既有 KeyKey.db
網路紅人	新增		0	0	1	ㄨㄤˇ ㄌㄨˋ ㄏㄨㄥˊ ㄖㄣˊ	本地 KeyKey unigram 分詞：網路+紅+人
演唱會	既有詞，剔除重複	211	6	9			既有 KeyKey.db
音樂祭	既有詞，剔除重複	6	0	0			既有 KeyKey.db
音樂會	既有詞，剔除重複	310	2	2			既有 KeyKey.db
電影	既有詞，剔除重複	3520	41	102			既有 KeyKey.db
電影院	既有詞，剔除重複	138	0	0			既有 KeyKey.db
影評	既有詞，剔除重複	109	0	0			既有 KeyKey.db
票房	既有詞，剔除重複	177	1	1			既有 KeyKey.db
預告片	既有詞，剔除重複	19	0	0			既有 KeyKey.db
動畫	既有詞，剔除重複	446	5	6			既有 KeyKey.db
動漫	既有詞，剔除重複	22	0	0			既有 KeyKey.db
漫畫	既有詞，剔除重複	991	3	8			既有 KeyKey.db
小說	既有詞，剔除重複	1069	21	36			既有 KeyKey.db
輕小說	既有詞，剔除重複	2	0	0			既有 KeyKey.db
電視劇	既有詞，剔除重複	64	1	1			既有 KeyKey.db
偶像劇	既有詞，剔除重複	45	0	0			既有 KeyKey.db
八點檔	既有詞，剔除重複	55	2	2			既有 KeyKey.db
韓劇	既有詞，剔除重複	27	0	0			既有 KeyKey.db
日劇	既有詞，剔除重複	182	0	0			既有 KeyKey.db
台劇	新增		2	5	5	ㄊㄞˊ ㄐㄩˋ	本地 KeyKey unigram 分詞：台+劇
陸劇	新增		0	0	1	ㄌㄨˋ ㄐㄩˋ	本地 KeyKey unigram 分詞：陸+劇
綜藝節目	既有詞，剔除重複	47	0	0			既有 KeyKey.db
實境節目	新增		0	0	1	ㄕˊ ㄐㄧㄥˋ ㄐㄧㄝˊ ㄇㄨˋ	本地 KeyKey unigram 分詞：實+境+節目
選秀節目	新增		0	0	1	ㄒㄩㄢˇ ㄒㄧㄡˋ ㄐㄧㄝˊ ㄇㄨˋ	本地 KeyKey unigram 分詞：選+秀+節目
頒獎典禮	既有詞，剔除重複	64	0	0			既有 KeyKey.db
金馬獎	既有詞，剔除重複	113	0	0			既有 KeyKey.db
金鐘獎	既有詞，剔除重複	21	0	0			既有 KeyKey.db
金曲獎	既有詞，剔除重複	13	0	0			既有 KeyKey.db
進擊的巨人	新增		0	0	1	ㄐㄧㄣˋ ㄐㄧˊ ㄉㄜ˙ ㄐㄩˋ ㄖㄣˊ	本地 KeyKey unigram 分詞：進+擊+的+巨人
鬼滅之刃	新增		1	1	1	ㄍㄨㄟˇ ㄇㄧㄝˋ ㄓ ㄖㄣˋ	本地 KeyKey unigram 分詞：鬼+滅+之+刃
咒術迴戰	新增		1	2	2	ㄓㄡˋ ㄕㄨˋ ㄏㄨㄟˊ ㄓㄢˋ	本地 KeyKey unigram 分詞：咒+術+迴+戰
航海王	新增		0	0	1	ㄏㄤˊ ㄏㄞˇ ㄨㄤˊ	本地 KeyKey unigram 分詞：航海+王
火影忍者	既有詞，剔除重複	1	0	0			既有 KeyKey.db
名偵探柯南	新增		0	0	1	ㄇㄧㄥˊ ㄓㄣ ㄊㄢˋ ㄎㄜ ㄋㄢˊ	本地 KeyKey unigram 分詞：名偵探+柯南
排球少年	新增		0	0	1	ㄆㄞˊ ㄑㄧㄡˊ ㄕㄠˋ ㄋㄧㄢˊ	本地 KeyKey unigram 分詞：排球+少年
灌籃高手	新增		0	0	1	ㄍㄨㄢˋ ㄌㄢˊ ㄍㄠ ㄕㄡˇ	本地 KeyKey unigram 分詞：灌籃+高手
間諜家家酒	新增		0	0	1	ㄐㄧㄢˋ ㄉㄧㄝˊ ㄐㄧㄚ ㄐㄧㄚ ㄐㄧㄡˇ	本地 KeyKey unigram 分詞：間諜+家家酒
葬送的芙莉蓮	新增		0	0	1	ㄗㄤˋ ㄙㄨㄥˋ ㄉㄜ˙ ㄈㄨˊ ㄌㄧˋ ㄌㄧㄢˊ	本地 KeyKey unigram 分詞：葬送+的+芙+莉+蓮
我推的孩子	新增		0	0	1	ㄨㄛˇ ㄊㄨㄟ ㄉㄜ˙ ㄏㄞˊ ㄗ˙	本地 KeyKey unigram 分詞：我+推+的+孩子
膽大黨	新增		0	0	1	ㄉㄢˇ ㄉㄚˋ ㄉㄤˇ	本地 KeyKey unigram 分詞：膽+大黨
寶可夢	新增		0	0	1	ㄅㄠˇ ㄎㄜˇ ㄇㄥˋ	本地 KeyKey unigram 分詞：寶+可+夢
七龍珠	既有詞，剔除重複	12	0	0			既有 KeyKey.db
神魔之塔	新增		0	0	1	ㄕㄣˊ ㄇㄛˊ ㄓ ㄊㄚˇ	本地 KeyKey unigram 分詞：神魔+之+塔
傳說對決	新增		0	0	1	ㄔㄨㄢˊ ㄕㄨㄛ ㄉㄨㄟˋ ㄐㄩㄝˊ	本地 KeyKey unigram 分詞：傳說+對決
英雄聯盟	新增		0	0	1	ㄧㄥ ㄒㄩㄥˊ ㄌㄧㄢˊ ㄇㄥˊ	本地 KeyKey unigram 分詞：英雄+聯盟
天堂	既有詞，剔除重複	311	1	2			既有 KeyKey.db
楓之谷	新增		0	0	1	ㄈㄥ ㄓ ㄍㄨˇ	本地 KeyKey unigram 分詞：楓+之+谷
仙境傳說	新增		0	0	1	ㄒㄧㄢ ㄐㄧㄥˋ ㄔㄨㄢˊ ㄕㄨㄛ	本地 KeyKey unigram 分詞：仙境+傳說
原神	新增		0	0	1	ㄩㄢˊ ㄕㄣˊ	本地 KeyKey unigram 分詞：原+神
崩壞星穹鐵道	新增		0	0	1	ㄅㄥ ㄏㄨㄞˋ ㄒㄧㄥ ㄑㄩㄥ ㄊㄧㄝˇ ㄉㄠˋ	本地 KeyKey unigram 分詞：崩壞+星+穹+鐵道
鳴潮	新增		0	0	1	ㄇㄧㄥˊ ㄔㄠˊ	本地 KeyKey unigram 分詞：鳴+潮
遊戲	既有詞，剔除重複	1591	76	301			既有 KeyKey.db
手遊	新增		0	0	1	ㄕㄡˇ ㄧㄡˊ	本地 KeyKey unigram 分詞：手+遊
電競	既有詞，剔除重複	23	0	0			既有 KeyKey.db
遊戲直播	新增		0	0	1	ㄧㄡˊ ㄒㄧˋ ㄓˊ ㄅㄛ	本地 KeyKey unigram 分詞：遊戲+直播
攻略	既有詞，剔除重複	54	5	6			既有 KeyKey.db
下載	既有詞，剔除重複	563	71	133			既有 KeyKey.db
更新	既有詞，剔除重複	691	661	1265			既有 KeyKey.db
版本	既有詞，剔除重複	962	486	905			既有 KeyKey.db
伺服器	既有詞，剔除重複	174	19	39			既有 KeyKey.db
帳號	既有詞，剔除重複	277	192	610			既有 KeyKey.db
登入	既有詞，剔除重複	63	109	405			既有 KeyKey.db
註冊	既有詞，剔除重複	323	6	7			既有 KeyKey.db
序號	既有詞，剔除重複	50	61	113			既有 KeyKey.db
禮包	既有詞，剔除重複	1	0	0			既有 KeyKey.db
課金	新增		0	0	1	ㄎㄜˋ ㄐㄧㄣ	本地 KeyKey unigram 分詞：課+金
儲值	既有詞，剔除重複	58	0	0			既有 KeyKey.db
點數	既有詞，剔除重複	73	25	36			既有 KeyKey.db
抽卡	新增		0	0	1	ㄔㄡ ㄎㄚˇ	本地 KeyKey unigram 分詞：抽+卡
限定	既有詞，剔除重複	159	30	33			既有 KeyKey.db
角色	既有詞，剔除重複	1579	58	86			既有 KeyKey.db
造型	既有詞，剔除重複	477	4	4			既有 KeyKey.db
活動	既有詞，剔除重複	7361	386	1107			既有 KeyKey.db
周年慶	既有詞，剔除重複	26	0	0			既有 KeyKey.db
學生	既有詞，剔除重複	9354	137	710			既有 KeyKey.db
國小	既有詞，剔除重複	1834	3	4			既有 KeyKey.db
國中	既有詞，剔除重複	1423	7	9			既有 KeyKey.db
高中	既有詞，剔除重複	1400	10	15			既有 KeyKey.db
大學	既有詞，剔除重複	6543	18	20			既有 KeyKey.db
研究所	既有詞，剔除重複	1279	1	1			既有 KeyKey.db
幼兒園	新增		1	1	1	ㄧㄡˋ ㄦˊ ㄩㄢˊ	本地 KeyKey unigram 分詞：幼兒+園
補習班	既有詞，剔除重複	215	6	8			既有 KeyKey.db
家教	既有詞，剔除重複	141	2	2			既有 KeyKey.db
升學	既有詞，剔除重複	270	2	4			既有 KeyKey.db
學測	既有詞，剔除重複	81	0	0			既有 KeyKey.db
會考	既有詞，剔除重複	103	3	3			既有 KeyKey.db
分科測驗	新增		0	0	1	ㄈㄣ ㄎㄜ ㄘㄜˋ ㄧㄢˋ	本地 KeyKey unigram 分詞：分科+測驗
統測	既有詞，剔除重複	7	0	0			既有 KeyKey.db
指考	新增		0	0	1	ㄓˇ ㄎㄠˇ	本地 KeyKey unigram 分詞：指+考
模擬考	既有詞，剔除重複	19	1	1			既有 KeyKey.db
段考	既有詞，剔除重複	14	1	1			既有 KeyKey.db
期中考	既有詞，剔除重複	15	1	1			既有 KeyKey.db
期末考	既有詞，剔除重複	50	1	1			既有 KeyKey.db
考古題	既有詞，剔除重複	18	1	1			既有 KeyKey.db
題庫	既有詞，剔除重複	22	0	0			既有 KeyKey.db
作文	既有詞，剔除重複	202	21	27			既有 KeyKey.db
英文作文	新增		0	0	1	ㄧㄥ ㄨㄣˊ ㄗㄨㄛˋ ㄨㄣˊ	本地 KeyKey unigram 分詞：英文+作文
閱讀測驗	新增		5	5	5	ㄩㄝˋ ㄉㄨˊ ㄘㄜˋ ㄧㄢˋ	本地 KeyKey unigram 分詞：閱讀+測驗
數學	既有詞，剔除重複	573	15	32			既有 KeyKey.db
國文	既有詞，剔除重複	429	6	8			既有 KeyKey.db
英文	既有詞，剔除重複	1732	43	63			既有 KeyKey.db
自然	既有詞，剔除重複	4089	120	140			既有 KeyKey.db
社會	既有詞，剔除重複	10442	31	56			既有 KeyKey.db
物理	既有詞，剔除重複	596	14	24			既有 KeyKey.db
化學	既有詞，剔除重複	707	21	41			既有 KeyKey.db
生物	既有詞，剔除重複	1680	19	51			既有 KeyKey.db
地理	既有詞，剔除重複	380	22	26			既有 KeyKey.db
歷史	既有詞，剔除重複	3871	86	133			既有 KeyKey.db
公民	既有詞，剔除重複	918	2	2			既有 KeyKey.db
微積分	既有詞，剔除重複	10	0	0			既有 KeyKey.db
統計	既有詞，剔除重複	1270	64	85			既有 KeyKey.db
程式設計	既有詞，剔除重複	59	1	4			既有 KeyKey.db
線上課程	新增		4	5	5	ㄒㄧㄢˋ ㄕㄤˋ ㄎㄜˋ ㄔㄥˊ	本地 KeyKey unigram 分詞：線上+課程
遠距教學	既有詞，剔除重複	21	0	0			既有 KeyKey.db
學習歷程	新增		2	2	2	ㄒㄩㄝˊ ㄒㄧˊ ㄌㄧˋ ㄔㄥˊ	本地 KeyKey unigram 分詞：學習+歷程
多元入學	既有詞，剔除重複	117	0	0			既有 KeyKey.db
繁星推薦	新增		0	0	1	ㄈㄢˊ ㄒㄧㄥ ㄊㄨㄟ ㄐㄧㄢˋ	本地 KeyKey unigram 分詞：繁星+推薦
申請入學	新增		0	0	1	ㄕㄣ ㄑㄧㄥˇ ㄖㄨˋ ㄒㄩㄝˊ	本地 KeyKey unigram 分詞：申請+入學
考試分發	新增		0	0	1	ㄎㄠˇ ㄕˋ ㄈㄣ ㄈㄚ	本地 KeyKey unigram 分詞：考試+分發
招生	既有詞，剔除重複	274	6	8			既有 KeyKey.db
錄取	既有詞，剔除重複	250	13	29			既有 KeyKey.db
榜單	既有詞，剔除重複	28	3	6			既有 KeyKey.db
志願序	新增		0	0	1	ㄓˋ ㄩㄢˋ ㄒㄩˋ	本地 KeyKey unigram 分詞：志願+序
落點分析	既有詞，剔除重複	6	0	0			既有 KeyKey.db
級分	新增		1	1	1	ㄐㄧˊ ㄈㄣ	本地 KeyKey unigram 分詞：級+分
成績	既有詞，剔除重複	1091	38	77			既有 KeyKey.db
獎學金	既有詞，剔除重複	104	2	4			既有 KeyKey.db
學費	既有詞，剔除重複	218	5	6			既有 KeyKey.db
就學貸款	新增		0	0	1	ㄐㄧㄡˋ ㄒㄩㄝˊ ㄉㄞˋ ㄎㄨㄢˇ	本地 KeyKey unigram 分詞：就+學+貸款
宿舍	既有詞，剔除重複	457	37	85			既有 KeyKey.db
租屋處	新增		12	17	17	ㄗㄨ ㄨ ㄔㄨˇ	本地 KeyKey unigram 分詞：租屋+處
校園	既有詞，剔除重複	1294	10	19			既有 KeyKey.db
社團	既有詞，剔除重複	680	44	73			既有 KeyKey.db
畢業	既有詞，剔除重複	1415	36	52			既有 KeyKey.db
畢業典禮	既有詞，剔除重複	44	1	1			既有 KeyKey.db
畢業旅行	既有詞，剔除重複	2	3	3			既有 KeyKey.db
寒假	既有詞，剔除重複	152	1	1			既有 KeyKey.db
暑假	既有詞，剔除重複	547	4	4			既有 KeyKey.db
開學	既有詞，剔除重複	187	1	1			既有 KeyKey.db
放假	既有詞，剔除重複	175	10	13			既有 KeyKey.db
補課	既有詞，剔除重複	13	5	7			既有 KeyKey.db
補考	既有詞，剔除重複	7	2	3			既有 KeyKey.db
翹課	既有詞，剔除重複	65	1	1			既有 KeyKey.db
請假單	新增		2	2	2	ㄑㄧㄥˇ ㄐㄧㄚˋ ㄉㄢ	本地 KeyKey unigram 分詞：請假+單
家長	既有詞，剔除重複	1490	76	294			既有 KeyKey.db
親子	既有詞，剔除重複	299	8	11			既有 KeyKey.db
家庭	既有詞，剔除重複	2518	166	305			既有 KeyKey.db
夫妻	既有詞，剔除重複	472	5	5			既有 KeyKey.db
婆媳	既有詞，剔除重複	23	0	0			既有 KeyKey.db
婚姻	既有詞，剔除重複	589	4	6			既有 KeyKey.db
離婚	既有詞，剔除重複	321	1	1			既有 KeyKey.db
結婚	既有詞，剔除重複	864	5	11			既有 KeyKey.db
婚禮	既有詞，剔除重複	120	0	0			既有 KeyKey.db
婚紗	既有詞，剔除重複	102	1	1			既有 KeyKey.db
喜餅	既有詞，剔除重複	9	0	0			既有 KeyKey.db
蜜月	既有詞，剔除重複	46	1	1			既有 KeyKey.db
懷孕	既有詞，剔除重複	172	0	0			既有 KeyKey.db
孕婦	既有詞，剔除重複	79	0	0			既有 KeyKey.db
生產	既有詞，剔除重複	2475	54	120			既有 KeyKey.db
坐月子	既有詞，剔除重複	19	0	0			既有 KeyKey.db
育兒	既有詞，剔除重複	49	0	0			既有 KeyKey.db
嬰兒	既有詞，剔除重複	338	7	15			既有 KeyKey.db
奶粉	既有詞，剔除重複	52	0	0			既有 KeyKey.db
尿布	既有詞，剔除重複	35	0	0			既有 KeyKey.db
副食品	新增	0	0	0	1	ㄈㄨˋ ㄕˊ ㄆㄧㄣˇ	本地 McBopomofo BPMFMappings
托嬰	新增		0	0	1	ㄊㄨㄛ ㄧㄥ	本地 KeyKey unigram 分詞：托+嬰
保母	既有詞，剔除重複	92	0	0			既有 KeyKey.db
幼兒	既有詞，剔除重複	235	15	21			既有 KeyKey.db
兒童	既有詞，剔除重複	1782	26	44			既有 KeyKey.db
青少年	既有詞，剔除重複	1014	1	1			既有 KeyKey.db
青春期	既有詞，剔除重複	57	1	1			既有 KeyKey.db
教養	既有詞，剔除重複	155	0	0			既有 KeyKey.db
補習	既有詞，剔除重複	361	12	15			既有 KeyKey.db
零用錢	既有詞，剔除重複	103	1	1			既有 KeyKey.db
手機成癮	新增		0	0	1	ㄕㄡˇ ㄐㄧ ㄔㄥˊ ㄧㄣˇ	本地 KeyKey unigram 分詞：手機+成+癮
網路成癮	新增		0	0	1	ㄨㄤˇ ㄌㄨˋ ㄔㄥˊ ㄧㄣˇ	本地 KeyKey unigram 分詞：網路+成+癮
家事	既有詞，剔除重複	142	31	37			既有 KeyKey.db
打掃	既有詞，剔除重複	74	7	7			既有 KeyKey.db
洗衣	既有詞，剔除重複	180	36	76			既有 KeyKey.db
洗衣機	既有詞，剔除重複	43	12	20			既有 KeyKey.db
烘衣機	既有詞，剔除重複	1	0	0			既有 KeyKey.db
吸塵器	既有詞，剔除重複	14	4	21			既有 KeyKey.db
掃地機器人	新增		6	30	30	ㄙㄠˇ ㄉㄧˋ ㄐㄧ ㄑㄧˋ ㄖㄣˊ	本地 KeyKey unigram 分詞：掃地+機器人
除濕機	既有詞，剔除重複	19	7	8			既有 KeyKey.db
空氣清淨機	既有詞，剔除重複	1	0	0			既有 KeyKey.db
冷氣	既有詞，剔除重複	349	15	60			既有 KeyKey.db
冰箱	既有詞，剔除重複	181	42	89			既有 KeyKey.db
電鍋	既有詞，剔除重複	9	1	1			既有 KeyKey.db
氣炸鍋	新增		0	0	1	ㄑㄧˋ ㄓㄚˋ ㄍㄨㄛ	本地 KeyKey unigram 分詞：氣炸+鍋
烤箱	既有詞，剔除重複	46	6	13			既有 KeyKey.db
微波爐	既有詞，剔除重複	36	0	0			既有 KeyKey.db
洗碗機	既有詞，剔除重複	13	0	0			既有 KeyKey.db
熱水器	既有詞，剔除重複	26	0	0			既有 KeyKey.db
瓦斯	既有詞，剔除重複	223	7	9			既有 KeyKey.db
電費	既有詞，剔除重複	77	6	16			既有 KeyKey.db
水費	既有詞，剔除重複	24	2	2			既有 KeyKey.db
電價	新增		2	3	3	ㄉㄧㄢˋ ㄐㄧㄚˋ	本地 KeyKey unigram 分詞：電+價
停電	既有詞，剔除重複	104	14	21			既有 KeyKey.db
跳電	既有詞，剔除重複	10	1	3			既有 KeyKey.db
漏水	既有詞，剔除重複	54	51	91			既有 KeyKey.db
水電	既有詞，剔除重複	95	13	22			既有 KeyKey.db
裝潢	既有詞，剔除重複	110	2	2			既有 KeyKey.db
油漆	既有詞，剔除重複	39	11	19			既有 KeyKey.db
木工	既有詞，剔除重複	33	20	39			既有 KeyKey.db
家具	既有詞，剔除重複	328	37	69			既有 KeyKey.db
床墊	既有詞，剔除重複	14	3	8			既有 KeyKey.db
沙發	既有詞，剔除重複	132	12	21			既有 KeyKey.db
收納	既有詞，剔除重複	15	32	74			既有 KeyKey.db
搬家	既有詞，剔除重複	89	48	65			既有 KeyKey.db
垃圾	既有詞，剔除重複	1210	73	174			既有 KeyKey.db
回收	既有詞，剔除重複	594	58	110			既有 KeyKey.db
廚餘	既有詞，剔除重複	89	2	4			既有 KeyKey.db
早餐	既有詞，剔除重複	226	63	113			既有 KeyKey.db
午餐	既有詞，剔除重複	267	63	107			既有 KeyKey.db
晚餐	既有詞，剔除重複	177	134	210			既有 KeyKey.db
宵夜	既有詞，剔除重複	35	35	84			既有 KeyKey.db
便當	既有詞，剔除重複	301	46	93			既有 KeyKey.db
火鍋	既有詞，剔除重複	129	10	20			既有 KeyKey.db
燒肉	既有詞，剔除重複	18	0	0			既有 KeyKey.db
牛排	既有詞，剔除重複	94	0	0			既有 KeyKey.db
拉麵	既有詞，剔除重複	79	0	0			既有 KeyKey.db
壽司	既有詞，剔除重複	45	1	2			既有 KeyKey.db
披薩	既有詞，剔除重複	28	3	3			既有 KeyKey.db
漢堡	既有詞，剔除重複	158	1	1			既有 KeyKey.db
炸雞	既有詞，剔除重複	21	0	0			既有 KeyKey.db
滷味	既有詞，剔除重複	31	8	11			既有 KeyKey.db
鹽酥雞	既有詞，剔除重複	1	4	7			既有 KeyKey.db
雞排	既有詞，剔除重複	19	8	18			既有 KeyKey.db
水餃	既有詞，剔除重複	34	3	7			既有 KeyKey.db
牛肉麵	既有詞，剔除重複	128	2	5			既有 KeyKey.db
滷肉飯	既有詞，剔除重複	7	0	0			既有 KeyKey.db
小籠包	既有詞，剔除重複	14	0	0			既有 KeyKey.db
蚵仔煎	既有詞，剔除重複	8	0	0			既有 KeyKey.db
臭豆腐	既有詞，剔除重複	23	0	0			既有 KeyKey.db
珍珠奶茶	既有詞，剔除重複	16	3	4			既有 KeyKey.db
咖啡	既有詞，剔除重複	1077	34	59			既有 KeyKey.db
手搖飲	新增	0	1	1	1	ㄕㄡˇ ㄧㄠˊ ㄧㄣˇ	本地 McBopomofo BPMFMappings
蛋糕	既有詞，剔除重複	165	19	70			既有 KeyKey.db
甜點	既有詞，剔除重複	66	14	22			既有 KeyKey.db
麵包	既有詞，剔除重複	417	9	16			既有 KeyKey.db
烘焙	既有詞，剔除重複	114	2	2			既有 KeyKey.db
食譜	既有詞，剔除重複	62	5	9			既有 KeyKey.db
料理	既有詞，剔除重複	277	16	42			既有 KeyKey.db
家常菜	既有詞，剔除重複	12	6	6			既有 KeyKey.db
減醣	新增		0	0	1	ㄐㄧㄢˇ ㄊㄤˊ	本地 KeyKey unigram 分詞：減+醣
低醣	新增		0	0	1	ㄉㄧ ㄊㄤˊ	本地 KeyKey unigram 分詞：低+醣
素食	既有詞，剔除重複	30	13	44			既有 KeyKey.db
蔬食	既有詞，剔除重複	3	2	3			既有 KeyKey.db
自助餐	既有詞，剔除重複	31	0	0			既有 KeyKey.db
吃到飽	既有詞，剔除重複	38	0	0			既有 KeyKey.db
外送	新增	0	17	47	47	ㄨㄞˋ ㄙㄨㄥˋ	本地 McBopomofo BPMFMappings
外帶	既有詞，剔除重複	36	13	37			既有 KeyKey.db
