word	reading	mcp_word	mcp_source_count	new_log10_probability	mcp_log10_probability	new_minus_mcp	new_vs_mcp_ratio	category
久保	ㄐㄧㄡˇ ㄅㄠˇ	酒保	4	-7.354194117381094	-6.752134126053131	-0.6020599913279625	0.24999999999999994	動漫
伊麗莎白	ㄧ ㄌㄧˋ ㄕㄚ ㄅㄞˊ	伊莉莎白	21	-7.354194117381094	-6.031974822647175	-1.3222192947339186	0.047619047619047686	動漫
倒文	ㄉㄠˋ ㄨㄣˊ	悼文	2	-7.354194117381094	-7.053164121717113	-0.30102999566398125	0.49999999999999994	中文
借代	ㄐㄧㄝˋ ㄉㄞˋ	借貸	98	-7.354194117381094	-5.3629680416886	-1.9912260756924942	0.010204081632653076	中文
側索	ㄘㄜˋ ㄙㄨㄛˇ	廁所	243	-7.354194117381094	-4.968587843782782	-2.385606273598312	0.00411522633744856	醫學
光罩	ㄍㄨㄤ ㄓㄠˋ	光照	26	-7.354194117381094	-5.9392207694102765	-1.4149733479708173	0.03846153846153852	晶片半導體
函復	ㄏㄢˊ ㄈㄨˋ	函覆	7	-7.354194117381094	-6.509096077366837	-0.8450980400142569	0.14285714285714282	公務員公文
前置	ㄑㄧㄢˊ ㄓˋ	箝制	28	-7.354194117381094	-5.907036086038874	-1.4471580313422194	0.0357142857142857	工業工程
前置	ㄑㄧㄢˊ ㄓˋ	鉗制	1	-7.354194117381094	-7.354194117381094	0.0	1.0	工業工程
劑型	ㄐㄧˋ ㄒㄧㄥˊ	紀行	4	-7.354194117381094	-6.752134126053131	-0.6020599913279625	0.24999999999999994	生技藥學
南家	ㄋㄢˊ ㄐㄧㄚ	男家	3	-7.354194117381094	-6.877072862661431	-0.4771212547196626	0.3333333333333332	動漫
吉吉	ㄐㄧˊ ㄐㄧˊ	集集	41	-7.354194117381094	-5.741410260661358	-1.6127838567197355	0.024390243902439025	動漫
吉吉	ㄐㄧˊ ㄐㄧˊ	汲汲	20	-7.354194117381094	-6.053164121717113	-1.3010299956639813	0.049999999999999996	動漫
吉吉	ㄐㄧˊ ㄐㄧˊ	唧唧	10	-7.354194117381094	-6.354194117381094	-1.0	0.1	動漫
吉吉	ㄐㄧˊ ㄐㄧˊ	寂寂	1	-7.354194117381094	-7.354194117381094	0.0	1.0	動漫
吉吉	ㄐㄧˊ ㄐㄧˊ	籍籍	1	-7.354194117381094	-7.354194117381094	0.0	1.0	動漫
嘆詞	ㄊㄢˋ ㄘˊ	歎詞	1	-7.354194117381094	-7.354194117381094	0.0	1.0	中文
壬氏	ㄖㄣˊ ㄕˋ	人士	2050	-7.354194117381094	-4.04244025632534	-3.311753861055754	0.0004878048780487806	動漫
壬氏	ㄖㄣˊ ㄕˋ	人事	750	-7.354194117381094	-4.479132853989394	-2.8750612633917	0.0013333333333333333	動漫
壬氏	ㄖㄣˊ ㄕˋ	人世	110	-7.354194117381094	-5.312801432222869	-2.0413926851582245	0.009090909090909103	動漫
壬氏	ㄖㄣˊ ㄕˋ	人氏	5	-7.354194117381094	-6.655224113045075	-0.6989700043360187	0.20000000000000004	動漫
夏子	ㄒㄧㄚˋ ㄗ˙	下子	321	-7.354194117381094	-4.847689084976222	-2.5065050324048714	0.003115264797507793	動漫
夜櫻	ㄧㄝˋ ㄧㄥ	夜鶯	40	-7.354194117381094	-5.752134126053131	-1.6020599913279625	0.024999999999999994	動漫
夜櫻	ㄧㄝˋ ㄧㄥ	夜鷹	2	-7.354194117381094	-7.053164121717113	-0.30102999566398125	0.49999999999999994	動漫
妮絲	ㄋㄧˊ ㄙ	尼斯	210	-7.354194117381094	-5.031974822647175	-2.3222192947339186	0.004761904761904768	動漫
字級	ㄗˋ ㄐㄧˊ	字集	13	-7.354194117381094	-6.240250765074257	-1.113943352306837	0.07692307692307689	媒體設計
字距	ㄗˋ ㄐㄩˋ	字句	63	-7.354194117381094	-5.554853567927513	-1.7993405494535812	0.01587301587301589	媒體設計
字距	ㄗˋ ㄐㄩˋ	字據	3	-7.354194117381094	-6.877072862661431	-0.4771212547196626	0.3333333333333332	媒體設計
字重	ㄗˋ ㄓㄨㄥˋ	自重	29	-7.354194117381094	-5.891796119482138	-1.4623979978989556	0.03448275862068969	媒體設計
字重	ㄗˋ ㄓㄨㄥˋ	自種	5	-7.354194117381094	-6.655224113045075	-0.6989700043360187	0.20000000000000004	媒體設計
季夏	ㄐㄧˋ ㄒㄧㄚˋ	記下	93	-7.354194117381094	-5.385711168827159	-1.9684829485539348	0.010752688172043019	動漫
季夏	ㄐㄧˋ ㄒㄧㄚˋ	稷下	2	-7.354194117381094	-7.053164121717113	-0.30102999566398125	0.49999999999999994	動漫
宇崎	ㄩˇ ㄑㄧˊ	與其	497	-7.354194117381094	-4.657837728647762	-2.6963563887333315	0.0020120724346076486	動漫
實莉	ㄕˊ ㄌㄧˋ	實力	501	-7.354194117381094	-4.654356391513848	-2.699837725867246	0.001996007984031935	動漫
實莉	ㄕˊ ㄌㄧˋ	實例	104	-7.354194117381094	-5.337160778082314	-2.01703333929878	0.009615384615384628	動漫
實莉	ㄕˊ ㄌㄧˋ	實利	6	-7.354194117381094	-6.57604286699745	-0.7781512503836439	0.16666666666666657	動漫
實莉	ㄕˊ ㄌㄧˋ	十粒	2	-7.354194117381094	-6.877072862661431	-0.4771212547196626	0.3333333333333332	動漫
小傑	ㄒㄧㄠˇ ㄐㄧㄝˊ	小節	29	-7.354194117381094	-5.891796119482138	-1.4623979978989556	0.03448275862068969	動漫
小傑	ㄒㄧㄠˇ ㄐㄧㄝˊ	小結	16	-7.354194117381094	-6.150074134725169	-1.204119982655925	0.062499999999999965	動漫
小傑	ㄒㄧㄠˇ ㄐㄧㄝˊ	小截	3	-7.354194117381094	-6.877072862661431	-0.4771212547196626	0.3333333333333332	動漫
尚文	ㄕㄤˋ ㄨㄣˊ	上文	38	-7.354194117381094	-5.774410520764284	-1.5797835966168101	0.026315789473684213	動漫
尤莉	ㄧㄡˊ ㄌㄧˋ	遊歷	36	-7.354194117381094	-5.797891616613807	-1.5563025007672868	0.027777777777777807	動漫
工法	ㄍㄨㄥ ㄈㄚˇ	公法	30	-7.354194117381094	-5.877072862661431	-1.4771212547196626	0.03333333333333332	建築土木
巴布	ㄅㄚ ㄅㄨˋ	八部	19	-7.354194117381094	-6.075440516428265	-1.2787536009528289	0.05263157894736843	動漫
巴衛	ㄅㄚ ㄨㄟˋ	八位	55	-7.354194117381094	-5.613831427886851	-1.7403626894942432	0.01818181818181821	動漫
常態分布	ㄔㄤˊ ㄊㄞˋ ㄈㄣ ㄅㄨˋ	常態分佈	3	-7.354194117381094	-6.877072862661431	-0.4771212547196626	0.3333333333333332	工業工程
彌漫性	ㄇㄧˊ ㄇㄢˋ ㄒㄧㄥˋ	瀰漫性	2	-7.354194117381094	-7.053164121717113	-0.30102999566398125	0.49999999999999994	醫學
形訓	ㄒㄧㄥˊ ㄒㄩㄣˋ	刑訊	1	-7.354194117381094	-7.354194117381094	0.0	1.0	中文
志人	ㄓˋ ㄖㄣˊ	至人	9	-7.354194117381094	-6.3999516079417695	-0.9542425094393243	0.11111111111111126	中文
志人	ㄓˋ ㄖㄣˊ	智人	7	-7.354194117381094	-6.509096077366837	-0.8450980400142569	0.14285714285714282	中文
排程	ㄆㄞˊ ㄔㄥˊ	排成	60	-7.354194117381094	-5.576042866997451	-1.778151250383643	0.01666666666666669	工業工程
斯露	ㄙ ㄌㄨˋ	思路	29	-7.354194117381094	-5.891796119482138	-1.4623979978989556	0.03448275862068969	動漫
斯露	ㄙ ㄌㄨˋ	絲路	14	-7.354194117381094	-6.208066081702856	-1.1461280356782382	0.0714285714285714	動漫
會議紀錄	ㄏㄨㄟˋ ㄧˋ ㄐㄧˋ ㄌㄨˋ	會議記錄	11	-7.354194117381094	-6.312801432222869	-1.0413926851582245	0.09090909090909102	公務員公文
木木	ㄇㄨˋ ㄇㄨˋ	穆穆	6	-7.354194117381094	-6.57604286699745	-0.7781512503836439	0.16666666666666657	動漫
木木	ㄇㄨˋ ㄇㄨˋ	墓木	1	-7.354194117381094	-7.354194117381094	0.0	1.0	動漫
朱菜	ㄓㄨ ㄘㄞˋ	豬菜	2	-7.354194117381094	-7.053164121717113	-0.30102999566398125	0.49999999999999994	動漫
杉元	ㄕㄢ ㄩㄢˊ	山園	1	-7.354194117381094	-7.354194117381094	0.0	1.0	動漫
柊司	ㄓㄨㄥ ㄙ	螽斯	24	-7.354194117381094	-5.973982875669488	-1.3802112417116055	0.04166666666666672	動漫
柳之	ㄌㄧㄡˇ ㄓ	柳枝	15	-7.354194117381094	-6.1781028583254125	-1.1760912590556813	0.06666666666666665	動漫
桐人	ㄊㄨㄥˊ ㄖㄣˊ	同仁	697	-7.354194117381094	-4.510961339283084	-2.8432327780980096	0.0014347202295552364	動漫
桐人	ㄊㄨㄥˊ ㄖㄣˊ	同人	47	-7.354194117381094	-5.682096259445377	-1.672097857935717	0.02127659574468087	動漫
桐人	ㄊㄨㄥˊ ㄖㄣˊ	瞳仁	2	-7.354194117381094	-7.053164121717113	-0.30102999566398125	0.49999999999999994	動漫
楓子	ㄈㄥ ㄗ˙	瘋子	30	-7.354194117381094	-5.877072862661431	-1.4771212547196626	0.03333333333333332	動漫
標註	ㄅㄧㄠ ㄓㄨˋ	標注	10	-7.354194117381094	-6.354194117381094	-1.0	0.1	AI資料科學
次清	ㄘˋ ㄑㄧㄥ	刺青	50	-7.354194117381094	-5.655224113045075	-1.6989700043360187	0.020000000000000004	中文
段距	ㄉㄨㄢˋ ㄐㄩˋ	斷句	39	-7.354194117381094	-5.763129510354595	-1.5910646070264987	0.025641025641025675	媒體設計
汲極	ㄐㄧˊ ㄐㄧˊ	集集	41	-7.354194117381094	-5.741410260661358	-1.6127838567197355	0.024390243902439025	晶片半導體
汲極	ㄐㄧˊ ㄐㄧˊ	汲汲	20	-7.354194117381094	-6.053164121717113	-1.3010299956639813	0.049999999999999996	晶片半導體
汲極	ㄐㄧˊ ㄐㄧˊ	唧唧	10	-7.354194117381094	-6.354194117381094	-1.0	0.1	晶片半導體
汲極	ㄐㄧˊ ㄐㄧˊ	寂寂	1	-7.354194117381094	-7.354194117381094	0.0	1.0	晶片半導體
汲極	ㄐㄧˊ ㄐㄧˊ	籍籍	1	-7.354194117381094	-7.354194117381094	0.0	1.0	晶片半導體
沉降	ㄔㄣˊ ㄐㄧㄤˋ	沈降	1	-7.354194117381094	-7.354194117381094	0.0	1.0	醫學
消弱	ㄒㄧㄠ ㄖㄨㄛˋ	削弱	84	-7.354194117381094	-5.730944826983194	-1.6232492903979	0.02380952380952384	心理社會
源極	ㄩㄢˊ ㄐㄧˊ	原籍	12	-7.354194117381094	-6.27501287133347	-1.0791812460476242	0.08333333333333345	電子電機
源極	ㄩㄢˊ ㄐㄧˊ	圓寂	7	-7.354194117381094	-6.509096077366837	-0.8450980400142569	0.14285714285714282	電子電機
烏斯	ㄨ ㄙ	鎢絲	3	-7.354194117381094	-6.877072862661431	-0.4771212547196626	0.3333333333333332	動漫
琦薇	ㄑㄧˊ ㄨㄟˊ	其為	32	-7.354194117381094	-6.15007413472517	-1.2041199826559241	0.0625000000000001	動漫
琪琪	ㄑㄧˊ ㄑㄧˊ	奇奇	30	-7.354194117381094	-5.877072862661431	-1.4771212547196626	0.03333333333333332	動漫
琪琪	ㄑㄧˊ ㄑㄧˊ	騎騎	3	-7.354194117381094	-6.877072862661431	-0.4771212547196626	0.3333333333333332	動漫
瑪莉亞	ㄇㄚˇ ㄌㄧˋ ㄧㄚˇ	瑪利亞	60	-7.354194117381094	-5.576042866997451	-1.778151250383643	0.01666666666666669	動漫
瑪莉亞	ㄇㄚˇ ㄌㄧˋ ㄧㄚˇ	瑪麗亞	39	-7.354194117381094	-5.763129510354595	-1.5910646070264987	0.025641025641025675	動漫
疏果	ㄕㄨ ㄍㄨㄛˇ	蔬果	76	-7.354194117381094	-5.4733805251003025	-1.8808135922807914	0.013157894736842105	農業食品
登塔	ㄉㄥ ㄊㄚˇ	燈塔	50	-7.354194117381094	-5.655224113045075	-1.6989700043360187	0.020000000000000004	動漫
示現	ㄕˋ ㄒㄧㄢˋ	釋憲	96	-7.354194117381094	-5.371922884341526	-1.982271233039568	0.010416666666666676	中文
示現	ㄕˋ ㄒㄧㄢˋ	視線	86	-7.354194117381094	-5.419695666137526	-1.9344984512435675	0.011627906976744193	中文
空污	ㄎㄨㄥ ㄨ	空屋	42	-7.354194117381094	-5.730944826983194	-1.6232492903979	0.02380952380952384	環境能源
簽核	ㄑㄧㄢ ㄏㄜˊ	謙和	9	-7.354194117381094	-6.3999516079417695	-0.9542425094393243	0.11111111111111126	公務員公文
簽辦	ㄑㄧㄢ ㄅㄢˋ	牽絆	9	-7.354194117381094	-6.3999516079417695	-0.9542425094393243	0.11111111111111126	公務員公文
紅麗	ㄏㄨㄥˊ ㄌㄧˋ	紅利	32	-7.354194117381094	-5.8490441390611885	-1.5051499783199054	0.03125000000000004	動漫
維夏	ㄨㄟˊ ㄒㄧㄚˋ	圍下	7	-7.354194117381094	-6.509096077366837	-0.8450980400142569	0.14285714285714282	動漫
義符	ㄧˋ ㄈㄨˊ	一幅	82	-7.354194117381094	-5.741410260661358	-1.6127838567197355	0.024390243902439025	中文
義符	ㄧˋ ㄈㄨˊ	異服	5	-7.354194117381094	-6.655224113045075	-0.6989700043360187	0.20000000000000004	中文
義符	ㄧˋ ㄈㄨˊ	一服	3	-7.354194117381094	-7.1781028583254125	-0.17609125905568135	0.6666666666666665	中文
耕一	ㄍㄥ ㄧ	更衣	17	-7.354194117381094	-6.12374519600282	-1.230448921378274	0.058823529411764684	動漫
聽證	ㄊㄧㄥ ㄓㄥˋ	聽政	5	-7.354194117381094	-6.655224113045075	-0.6989700043360187	0.20000000000000004	法律
腸道	ㄔㄤˊ ㄉㄠˋ	嚐到	31	-7.354194117381094	-5.862832423546822	-1.4913616938342722	0.032258064516129066	醫學
腸道	ㄔㄤˊ ㄉㄠˋ	嘗到	25	-7.354194117381094	-5.956254108709056	-1.3979400086720375	0.04000000000000001	醫學
腸道	ㄔㄤˊ ㄉㄠˋ	常到	16	-7.354194117381094	-6.150074134725169	-1.204119982655925	0.062499999999999965	醫學
臺灣史	ㄊㄞˊ ㄨㄢ ㄕˇ	台灣史	95	-7.354194117381094	-5.376470512092246	-1.9777236052888476	0.010526315789473687	歷史
艾利斯	ㄞˋ ㄌㄧˋ ㄙ	愛麗絲	88	-7.354194117381094	-5.409711445230926	-1.9444826721501682	0.011363636363636374	動漫
艾莉絲	ㄞˋ ㄌㄧˋ ㄙ	愛麗絲	88	-7.354194117381094	-5.409711445230926	-1.9444826721501682	0.011363636363636374	動漫
莉法	ㄌㄧˋ ㄈㄚˇ	立法	2704	-7.354194117381094	-3.922187430111496	-3.432006687269598	0.00036982248520710085	動漫
莉法	ㄌㄧˋ ㄈㄚˇ	曆法	15	-7.354194117381094	-6.1781028583254125	-1.1760912590556813	0.06666666666666665	動漫
落語	ㄌㄨㄛˋ ㄩˇ	落雨	3	-7.354194117381094	-6.877072862661431	-0.4771212547196626	0.3333333333333332	動漫
藤本	ㄊㄥˊ ㄅㄣˇ	謄本	10	-7.354194117381094	-6.354194117381094	-1.0	0.1	動漫
行車紀錄器	ㄒㄧㄥˊ ㄔㄜ ㄐㄧˋ ㄌㄨˋ ㄑㄧˋ	行車記錄器	3	-7.354194117381094	-6.877072862661431	-0.4771212547196626	0.3333333333333332	一般
親權	ㄑㄧㄣ ㄑㄩㄢˊ	侵權	75	-7.354194117381094	-5.479132853989394	-1.8750612633917	0.013333333333333332	法律
訛文	ㄜˊ ㄨㄣˊ	俄文	22	-7.354194117381094	-6.312801432222869	-1.0413926851582245	0.09090909090909102	中文
詩乃	ㄕ ㄋㄞˇ	師奶	3	-7.354194117381094	-6.877072862661431	-0.4771212547196626	0.3333333333333332	動漫
課予	ㄎㄜˋ ㄩˇ	客語	43	-7.354194117381094	-5.720725661801508	-1.6334684555795862	0.02325581395348839	法律
貝琪	ㄅㄟˋ ㄑㄧˊ	背鰭	3	-7.354194117381094	-6.877072862661431	-0.4771212547196626	0.3333333333333332	動漫
貫入	ㄍㄨㄢˋ ㄖㄨˋ	灌入	14	-7.354194117381094	-6.208066081702856	-1.1461280356782382	0.0714285714285714	建築土木
質權	ㄓˋ ㄑㄩㄢˊ	治權	58	-7.354194117381094	-5.590766123818157	-1.763427993562937	0.017241379310344845	法律
赤瞳	ㄔˋ ㄊㄨㄥˊ	赤銅	1	-7.354194117381094	-7.354194117381094	0.0	1.0	動漫
迪特	ㄉㄧˊ ㄊㄜˋ	敵特	2	-7.354194117381094	-7.053164121717113	-0.30102999566398125	0.49999999999999994	動漫
阪本	ㄅㄢˇ ㄅㄣˇ	版本	962	-7.354194117381094	-4.371019045343282	-2.9831750720378123	0.001039501039501041	動漫
阪本	ㄅㄢˇ ㄅㄣˇ	板本	1	-7.354194117381094	-7.354194117381094	0.0	1.0	動漫
隸變	ㄌㄧˋ ㄅㄧㄢˋ	利便	4	-7.354194117381094	-6.752134126053131	-0.6020599913279625	0.24999999999999994	中文
雙極	ㄕㄨㄤ ㄐㄧˊ	雙擊	3	-7.354194117381094	-6.877072862661431	-0.4771212547196626	0.3333333333333332	晶片半導體
露易絲	ㄌㄨˋ ㄧˋ ㄙ	路易斯	22	-7.354194117381094	-6.011771436558888	-1.3424226808222057	0.045454545454545504	動漫
靜香	ㄐㄧㄥˋ ㄒㄧㄤ	競相	60	-7.354194117381094	-5.576042866997451	-1.778151250383643	0.01666666666666669	動漫
靜香	ㄐㄧㄥˋ ㄒㄧㄤ	敬香	2	-7.354194117381094	-7.053164121717113	-0.30102999566398125	0.49999999999999994	動漫
靜香	ㄐㄧㄥˋ ㄒㄧㄤ	鏡箱	1	-7.354194117381094	-7.354194117381094	0.0	1.0	動漫
頂真	ㄉㄧㄥˇ ㄓㄣ	頂針	2	-7.354194117381094	-7.053164121717113	-0.30102999566398125	0.49999999999999994	中文
預力	ㄩˋ ㄌㄧˋ	獄吏	4	-7.354194117381094	-6.752134126053131	-0.6020599913279625	0.24999999999999994	建築土木
類風濕性	ㄌㄟˋ ㄈㄥ ㄕ ㄒㄧㄥˋ	類風溼性	3	-7.354194117381094	-6.877072862661431	-0.4771212547196626	0.3333333333333332	醫學
風起	ㄈㄥ ㄑㄧˇ	封起	7	-7.354194117381094	-6.509096077366837	-0.8450980400142569	0.14285714285714282	動漫
風起	ㄈㄥ ㄑㄧˇ	蜂起	2	-7.354194117381094	-7.053164121717113	-0.30102999566398125	0.49999999999999994	動漫
魏晉	ㄨㄟˋ ㄐㄧㄣˋ	未進	12	-7.354194117381094	-6.27501287133347	-1.0791812460476242	0.08333333333333345	歷史
鰭式	ㄑㄧˊ ㄕˋ	歧視	340	-7.354194117381094	-4.822715200338839	-2.5314789170422545	0.0029411764705882396	晶片半導體
鰭式	ㄑㄧˊ ㄕˋ	騎士	151	-7.354194117381094	-5.175217170087925	-2.178976947293169	0.0066225165562914	晶片半導體
鰭式	ㄑㄧˊ ㄕˋ	其事	66	-7.354194117381094	-5.5346501818392255	-1.8195439355418683	0.015151515151515164	晶片半導體
鰭式	ㄑㄧˊ ㄕˋ	棋士	8	-7.354194117381094	-6.45110413038915	-0.9030899869919438	0.12499999999999994	晶片半導體
鰭式	ㄑㄧˊ ㄕˋ	奇事	3	-7.354194117381094	-6.877072862661431	-0.4771212547196626	0.3333333333333332	晶片半導體
