word	reading	category	target_count	source_count	mcp_same_text_source_count	mcp_exact_words	mcp_best_exact_score	new_log10_probability	new_minus_best_exact	mcp_best_split	new_minus_best_split	mcp_best_path	new_minus_best_path	before_text	after_text	before_segments	after_segments	default_changed	new_word_default	new_word_candidate_rank	mcp_raw_mapping_words	file	line	source_word
嘆詞	ㄊㄢˋ ㄘˊ	中文	1	11	absent	歎詞	-7.354194117	-7.354194117	0.0			歎詞	0.0	碳詞	碳詞	碳/詞	碳/詞	False	False	2	歎詞	phrase.chinese.tsv	43	
形訓	ㄒㄧㄥˊ ㄒㄩㄣˋ	中文	1	12	absent	刑訊	-7.354194117	-7.354194117	0.0			刑訊	0.0	行訊	行訊	行/訊	行/訊	False	False	2	刑訊	phrase.chinese.tsv	51	
杉元	ㄕㄢ ㄩㄢˊ	動漫	1	14	absent	山園	-7.354194117	-7.354194117	0.0			山園	0.0	山員	山員	山/員	山/員	False	False	2	山園	phrase.anime.tsv	1213	
沉降	ㄔㄣˊ ㄐㄧㄤˋ	醫學	1	12	0	沈降	-7.354194117	-7.354194117	0.0			沈降	0.0	陳將	陳將	陳/將	陳/將	False	False	2	沈降	phrase.medicine.tsv	131	
赤瞳	ㄔˋ ㄊㄨㄥˊ	動漫	1	18	absent	赤銅	-7.354194117	-7.354194117	0.0			赤銅	0.0	赤同	赤同	赤/同	赤/同	False	False	2	赤銅	phrase.anime.tsv	2141	
倒文	ㄉㄠˋ ㄨㄣˊ	中文	1	12	absent	悼文	-7.053164122	-7.354194117	-0.301029996			悼文	-0.301029996	到文	到文	到/文	到/文	False	False	2	悼文	phrase.chinese.tsv	18	
彌漫性	ㄇㄧˊ ㄇㄢˋ ㄒㄧㄥˋ	醫學	1	9	absent	瀰漫性	-7.053164122	-7.354194117	-0.301029996			瀰漫性	-0.301029996	彌漫性	彌漫性	彌漫/性	彌漫/性	False	True	2	瀰漫性	phrase.medicine.tsv	85	
朱菜	ㄓㄨ ㄘㄞˋ	動漫	1	15	absent	豬菜	-7.053164122	-7.354194117	-0.301029996			豬菜	-0.301029996	豬菜	豬菜	豬菜	豬菜	False	False	2	豬菜	phrase.anime.tsv	1207	
迪特	ㄉㄧˊ ㄊㄜˋ	動漫	1	13	absent	敵特	-7.053164122	-7.354194117	-0.301029996			敵特	-0.301029996	的特	的特	的/特	的/特	False	False	2	敵特	phrase.anime.tsv	2183	
頂真	ㄉㄧㄥˇ ㄓㄣ	中文	1	11	absent	頂針	-7.053164122	-7.354194117	-0.301029996			頂針	-0.301029996	頂真	頂真	頂/真	頂/真	False	True	2	頂針	phrase.chinese.tsv	161	
南家	ㄋㄢˊ ㄐㄧㄚ	動漫	1	11	absent	男家	-6.877072863	-7.354194117	-0.477121255			男家	-0.477121255	南家	南家	南/家	南/家	False	True	2	男家	phrase.anime.tsv	355	
常態分布	ㄔㄤˊ ㄊㄞˋ ㄈㄣ ㄅㄨˋ	工業工程	1	10	absent	常態分佈	-6.877072863	-7.354194117	-0.477121255	常態/分布	2.502935769	常態分佈	-0.477121255	常態分布	常態分布	常態/分布	常態/分布	False	True	2	常態分佈	phrase.industrial-engineering.tsv	50	
烏斯	ㄨ ㄙ	動漫	1	13	absent	鎢絲	-6.877072863	-7.354194117	-0.477121255			鎢絲	-0.477121255	屋司	屋司	屋/司	屋/司	False	False	2	鎢絲	phrase.anime.tsv	1492	
落語	ㄌㄨㄛˋ ㄩˇ	動漫	1	21	absent	落雨	-6.877072863	-7.354194117	-0.477121255			落雨	-0.477121255	洛與	洛與	洛/與	洛/與	False	False	2	落雨	phrase.anime.tsv	1989	
行車紀錄器	ㄒㄧㄥˊ ㄔㄜ ㄐㄧˋ ㄌㄨˋ ㄑㄧˋ	一般	1	16	absent	行車記錄器	-6.877072863	-7.354194117	-0.477121255	行車/記錄器	3.954520396	行車記錄器	-0.477121255	行車記錄器	行車記錄器	行車記錄器	行車記錄器	False	False	2	行車記錄器	phrase.general.tsv	134	
詩乃	ㄕ ㄋㄞˇ	動漫	1	16	absent	師奶	-6.877072863	-7.354194117	-0.477121255			師奶	-0.477121255	師奶	師奶	師奶	師奶	False	False	2	師奶	phrase.anime.tsv	2087	
貝琪	ㄅㄟˋ ㄑㄧˊ	動漫	1	12	absent	背鰭	-6.877072863	-7.354194117	-0.477121255			背鰭	-0.477121255	被其	被其	被/其	被/其	False	False	2	背鰭	phrase.anime.tsv	2122	
雙極	ㄕㄨㄤ ㄐㄧˊ	晶片半導體	1	10	absent	雙擊	-6.877072863	-7.354194117	-0.477121255			雙擊	-0.477121255	雙及	雙及	雙/及	雙/及	False	False	2	雙擊	phrase.semiconductor.tsv	168	
類風濕性	ㄌㄟˋ ㄈㄥ ㄕ ㄒㄧㄥˋ	醫學	1	12	absent	類風溼性	-6.877072863	-7.354194117	-0.477121255			類風溼性	-0.477121255	類風濕性	類風濕性	類/風濕性	類/風濕性	False	True	2	類風溼性	phrase.medicine.tsv	257	
久保	ㄐㄧㄡˇ ㄅㄠˇ	動漫	1	21	absent	酒保	-6.752134126	-7.354194117	-0.602059991			酒保	-0.602059991	九保	九保	九/保	九/保	False	False	2	酒保	phrase.anime.tsv	85	
劑型	ㄐㄧˋ ㄒㄧㄥˊ	生技藥學	1	11	absent	紀行	-6.752134126	-7.354194117	-0.602059991			紀行	-0.602059991	計行	計行	計/行	計/行	False	False	2	紀行	phrase.biotech-pharma.tsv	17	
隸變	ㄌㄧˋ ㄅㄧㄢˋ	中文	1	11	absent	利便	-6.752134126	-7.354194117	-0.602059991			利便	-0.602059991	立變	立變	立/變	立/變	False	False	2	利便	phrase.chinese.tsv	154	
預力	ㄩˋ ㄌㄧˋ	建築土木	1	12	absent	獄吏	-6.752134126	-7.354194117	-0.602059991			獄吏	-0.602059991	育力	育力	育/力	育/力	False	False	2	獄吏	phrase.civil-engineering.tsv	220	
聽證	ㄊㄧㄥ ㄓㄥˋ	法律	1	12	absent	聽政	-6.655224113	-7.354194117	-0.698970004			聽政	-0.698970004	聽政	聽政	聽/政	聽/政	False	False	2	聽政	phrase.law.tsv	142	
木木	ㄇㄨˋ ㄇㄨˋ	動漫	1	12	absent	穆穆|墓木	-6.576042867	-7.354194117	-0.77815125			穆穆	-0.77815125	木目	木目	木/目	木/目	False	False	3	墓木|穆穆|苜苜	phrase.anime.tsv	1194	
函復	ㄏㄢˊ ㄈㄨˋ	公務員公文	1	23	absent	函覆	-6.509096077	-7.354194117	-0.84509804			函覆	-0.84509804	含負	含負	含/負	含/負	False	False	2	函覆	phrase.government.tsv	16	
維夏	ㄨㄟˊ ㄒㄧㄚˋ	動漫	1	16	absent	圍下	-6.509096077	-7.354194117	-0.84509804			圍下	-0.84509804	為下	為下	為/下	為/下	False	False	2	圍下	phrase.anime.tsv	1807	
風起	ㄈㄥ ㄑㄧˇ	動漫	1	20	absent	封起|蜂起	-6.509096077	-7.354194117	-0.84509804			封起	-0.84509804	風起	風起	風/起	風/起	False	True	3	封起|蜂起	phrase.anime.tsv	2391	
志人	ㄓˋ ㄖㄣˊ	中文	1	12	absent	至人|智人	-6.399951608	-7.354194117	-0.954242509			至人	-0.954242509	志人	志人	志/人	志/人	False	True	3	智人|至人	phrase.chinese.tsv	55	
簽核	ㄑㄧㄢ ㄏㄜˊ	公務員公文	1	10	absent	謙和	-6.399951608	-7.354194117	-0.954242509			謙和	-0.954242509	簽和	簽和	簽/和	簽/和	False	False	2	牽合|謙和	phrase.government.tsv	55	
簽辦	ㄑㄧㄢ ㄅㄢˋ	公務員公文	1	14	absent	牽絆	-6.399951608	-7.354194117	-0.954242509			牽絆	-0.954242509	簽辦	簽辦	簽/辦	簽/辦	False	True	2	牽絆	phrase.government.tsv	56	
標註	ㄅㄧㄠ ㄓㄨˋ	AI資料科學	1	10	absent	標注	-6.354194117	-7.354194117	-1.0			標注	-1.0	標註	標註	標/註	標/註	False	True	2	標注	phrase.ai-data-science.tsv	102	
藤本	ㄊㄥˊ ㄅㄣˇ	動漫	1	13	absent	謄本	-6.354194117	-7.354194117	-1.0			謄本	-1.0	謄本	謄本	謄本	謄本	False	False	2	謄本	phrase.anime.tsv	2029	
會議紀錄	ㄏㄨㄟˋ ㄧˋ ㄐㄧˋ ㄌㄨˋ	公務員公文	1	20	absent	會議記錄	-6.312801432	-7.354194117	-1.041392685	會議/紀錄	0.162579644	會議記錄	-1.041392685	會議記錄	會議記錄	會議記錄	會議記錄	False	False	2	會議記錄	phrase.government.tsv	38	
訛文	ㄜˊ ㄨㄣˊ	中文	1	11	absent	俄文	-6.312801432	-7.354194117	-1.041392685			俄文	-1.041392685	額文	額文	額/文	額/文	False	False	2	俄文	phrase.chinese.tsv	123	
源極	ㄩㄢˊ ㄐㄧˊ	電子電機	1	13	absent	原籍|圓寂	-6.275012871	-7.354194117	-1.079181246			原籍	-1.079181246	原及	原及	原/及	原/及	False	False	3	原籍|圓寂	phrase.electronics.tsv	133	
魏晉	ㄨㄟˋ ㄐㄧㄣˋ	歷史	1	11	absent	未進	-6.275012871	-7.354194117	-1.079181246			未進	-1.079181246	為進	為進	為/進	為/進	False	False	2	未進	phrase.history.tsv	183	
字級	ㄗˋ ㄐㄧˊ	媒體設計	1	12	absent	字集	-6.240250765	-7.354194117	-1.113943352			字集	-1.113943352	字及	字及	字/及	字/及	False	False	2	字集	phrase.media-design.tsv	28	
貫入	ㄍㄨㄢˋ ㄖㄨˋ	建築土木	1	13	absent	灌入	-6.208066082	-7.354194117	-1.146128036			灌入	-1.146128036	灌入	灌入	灌入	灌入	False	False	2	灌入	phrase.civil-engineering.tsv	198	
柳之	ㄌㄧㄡˇ ㄓ	動漫	1	15	absent	柳枝	-6.178102858	-7.354194117	-1.176091259			柳枝	-1.176091259	柳枝	柳枝	柳枝	柳枝	False	False	2	柳枝	phrase.anime.tsv	1251	
琦薇	ㄑㄧˊ ㄨㄟˊ	動漫	1	13	absent	其為	-6.150074135	-7.354194117	-1.204119983			其為	-1.204119983	其為	其為	其/為	其/為	False	False	2	其為	phrase.anime.tsv	1564	
耕一	ㄍㄥ ㄧ	動漫	1	15	absent	更衣	-6.123745196	-7.354194117	-1.230448921			更衣	-1.230448921	更衣	更衣	更衣	更衣	False	False	2	更衣	phrase.anime.tsv	1843	
巴布	ㄅㄚ ㄅㄨˋ	動漫	1	9	absent	八部	-6.075440516	-7.354194117	-1.278753601			八部	-1.278753601	八不	八不	八/不	八/不	False	False	2	八步|八部	phrase.anime.tsv	875	
伊麗莎白	ㄧ ㄌㄧˋ ㄕㄚ ㄅㄞˊ	動漫	1	18	absent	伊莉莎白	-6.031974823	-7.354194117	-1.322219295			伊莉莎白	-1.322219295	伊莉莎白	伊莉莎白	伊莉莎白	伊莉莎白	False	False	2	伊莉莎白|依麗莎白	phrase.anime.tsv	177	
露易絲	ㄌㄨˋ ㄧˋ ㄙ	動漫	1	20	absent	路易斯	-6.011771437	-7.354194117	-1.342422681			路易斯	-1.342422681	路易斯	路易斯	路易斯	路易斯	False	False	2	路易斯	phrase.anime.tsv	2347	
柊司	ㄓㄨㄥ ㄙ	動漫	1	15	absent	螽斯	-5.973982876	-7.354194117	-1.380211242			螽斯	-1.380211242	中司	中司	中/司	中/司	False	False	2	螽斯	phrase.anime.tsv	1246	
光罩	ㄍㄨㄤ ㄓㄠˋ	晶片半導體	1	14	absent	光照	-5.939220769	-7.354194117	-1.414973348			光照	-1.414973348	光罩	光罩	光/罩	光/罩	False	True	2	光照	phrase.semiconductor.tsv	12	
前置	ㄑㄧㄢˊ ㄓˋ	工業工程	1	12	absent	箝制|鉗制	-5.907036086	-7.354194117	-1.447158031			箝制	-1.447158031	前置	前置	前/置	前/置	False	True	3	箝制|鉗制	phrase.industrial-engineering.tsv	16	
字重	ㄗˋ ㄓㄨㄥˋ	媒體設計	1	12	absent	自重|自種	-5.891796119	-7.354194117	-1.462397998			自重	-1.462397998	字重	字重	字/重	字/重	False	True	3	自種|自重	phrase.media-design.tsv	30	
小傑	ㄒㄧㄠˇ ㄐㄧㄝˊ	動漫	1	24	absent	小節|小結|小截	-5.891796119	-7.354194117	-1.462397998			小節	-1.462397998	小傑	小傑	小/傑	小/傑	False	True	4	小劫|小截|小節|小結	phrase.anime.tsv	773	
斯露	ㄙ ㄌㄨˋ	動漫	1	20	absent	思路|絲路	-5.891796119	-7.354194117	-1.462397998			思路	-1.462397998	私路	私路	私/路	私/路	False	False	3	思路|絲路	phrase.anime.tsv	1099	
工法	ㄍㄨㄥ ㄈㄚˇ	建築土木	1	17	absent	公法	-5.877072863	-7.354194117	-1.477121255			公法	-1.477121255	工法	工法	工/法	工/法	False	True	2	公法	phrase.civil-engineering.tsv	78	
楓子	ㄈㄥ ㄗ˙	動漫	1	11	absent	瘋子	-5.877072863	-7.354194117	-1.477121255			瘋子	-1.477121255	風子	風子	風/子	風/子	False	False	2	瘋子	phrase.anime.tsv	1299	
琪琪	ㄑㄧˊ ㄑㄧˊ	動漫	1	23	absent	奇奇|騎騎	-5.877072863	-7.354194117	-1.477121255			奇奇	-1.477121255	其其	其其	其/其	其/其	False	False	3	奇奇|騎騎	phrase.anime.tsv	1566	
腸道	ㄔㄤˊ ㄉㄠˋ	醫學	1	10	absent	嚐到|嘗到|常到	-5.862832424	-7.354194117	-1.491361694			嚐到	-1.491361694	常到	常到	常/到	常/到	False	False	4	嘗到|嚐到|常到	phrase.medicine.tsv	214	
紅麗	ㄏㄨㄥˊ ㄌㄧˋ	動漫	1	9	absent	紅利	-5.849044139	-7.354194117	-1.505149978			紅利	-1.505149978	紅力	紅力	紅/力	紅/力	False	False	2	宏麗|弘曆|紅利|紅痢	phrase.anime.tsv	1784	
尤莉	ㄧㄡˊ ㄌㄧˋ	動漫	1	15	absent	遊歷	-5.797891617	-7.354194117	-1.556302501			遊歷	-1.556302501	遊歷	遊歷	遊歷	遊歷	False	False	2	遊歷	phrase.anime.tsv	822	
尚文	ㄕㄤˋ ㄨㄣˊ	動漫	1	10	absent	上文	-5.774410521	-7.354194117	-1.579783597			上文	-1.579783597	上文	上文	上/文	上/文	False	False	2	上文	phrase.anime.tsv	818	
段距	ㄉㄨㄢˋ ㄐㄩˋ	媒體設計	1	12	absent	斷句	-5.76312951	-7.354194117	-1.591064607			斷句	-1.591064607	斷句	斷句	斷句	斷句	False	False	2	斷句	phrase.media-design.tsv	58	
夜櫻	ㄧㄝˋ ㄧㄥ	動漫	1	24	absent	夜鶯|夜鷹	-5.752134126	-7.354194117	-1.602059991			夜鶯	-1.602059991	夜鶯	夜鶯	夜鶯	夜鶯	False	False	3	夜鶯|夜鷹	phrase.anime.tsv	589	
吉吉	ㄐㄧˊ ㄐㄧˊ	動漫	1	20	absent	集集|汲汲|唧唧|寂寂|籍籍	-5.741410261	-7.354194117	-1.612783857			集集	-1.612783857	集集	集集	集集	集集	False	False	6	唧唧|寂寂|汲汲|籍籍|藉藉|集集	phrase.anime.tsv	420	
汲極	ㄐㄧˊ ㄐㄧˊ	晶片半導體	1	9	absent	集集|汲汲|唧唧|寂寂|籍籍	-5.741410261	-7.354194117	-1.612783857			集集	-1.612783857	集集	集集	集集	集集	False	False	7	唧唧|寂寂|汲汲|籍籍|藉藉|集集	phrase.semiconductor.tsv	91	
義符	ㄧˋ ㄈㄨˊ	中文	1	12	absent	一幅|異服|一服	-5.741410261	-7.354194117	-1.612783857			一幅	-1.612783857	一幅	一幅	一幅	一幅	False	False	4	一幅|一服|異服	phrase.chinese.tsv	107	
消弱	ㄒㄧㄠ ㄖㄨㄛˋ	心理社會	1	12	absent	削弱	-5.730944827	-7.354194117	-1.62324929			削弱	-1.62324929	削弱	削弱	削弱	削弱	False	False	2	削弱	phrase.psychology-society.tsv	48	
空污	ㄎㄨㄥ ㄨ	環境能源	1	12	absent	空屋	-5.730944827	-7.354194117	-1.62324929			空屋	-1.62324929	空屋	空屋	空屋	空屋	False	False	2	空屋	phrase.energy-environment.tsv	106	
課予	ㄎㄜˋ ㄩˇ	法律	1	12	absent	客語	-5.720725662	-7.354194117	-1.633468456			客語	-1.633468456	客與	客與	客/與	客/與	False	False	2	客語	phrase.law.tsv	166	
次清	ㄘˋ ㄑㄧㄥ	中文	1	13	absent	刺青	-5.655224113	-7.354194117	-1.698970004			刺青	-1.698970004	刺青	刺青	刺青	刺青	False	False	2	刺青	phrase.chinese.tsv	86	
登塔	ㄉㄥ ㄊㄚˇ	動漫	1	13	absent	燈塔	-5.655224113	-7.354194117	-1.698970004			燈塔	-1.698970004	燈塔	燈塔	燈塔	燈塔	False	False	2	燈塔	phrase.anime.tsv	1604	
巴衛	ㄅㄚ ㄨㄟˋ	動漫	1	17	absent	八位	-5.613831428	-7.354194117	-1.740362689			八位	-1.740362689	八位	八位	八位	八位	False	False	2	八位	phrase.anime.tsv	879	
質權	ㄓˋ ㄑㄩㄢˊ	法律	1	12	absent	治權	-5.590766124	-7.354194117	-1.763427994			治權	-1.763427994	志全	志全	志/全	志/全	False	False	2	治權	phrase.law.tsv	175	
排程	ㄆㄞˊ ㄔㄥˊ	工業工程	1	21	0	排成	-5.576042867	-7.354194117	-1.77815125			排成	-1.77815125	排成	排成	排成	排成	False	False	2	排成	phrase.industrial-engineering.tsv	59	
瑪莉亞	ㄇㄚˇ ㄌㄧˋ ㄧㄚˇ	動漫	1	15	absent	瑪利亞|瑪麗亞	-5.576042867	-7.354194117	-1.77815125			瑪利亞	-1.77815125	瑪利亞	瑪利亞	瑪利亞	瑪利亞	False	False	3	瑪利亞|瑪麗亞	phrase.anime.tsv	1575	
靜香	ㄐㄧㄥˋ ㄒㄧㄤ	動漫	1	19	absent	競相|敬香|鏡箱	-5.576042867	-7.354194117	-1.77815125			競相	-1.77815125	競相	競相	競相	競相	False	False	4	敬香|競相|鏡箱	phrase.anime.tsv	2369	
字距	ㄗˋ ㄐㄩˋ	媒體設計	1	12	absent	字句|字據	-5.554853568	-7.354194117	-1.799340549			字句	-1.799340549	字句	字句	字句	字句	False	False	3	字句|字據	phrase.media-design.tsv	29	
親權	ㄑㄧㄣ ㄑㄩㄢˊ	法律	1	12	absent	侵權	-5.479132854	-7.354194117	-1.875061263			侵權	-1.875061263	侵權	侵權	侵權	侵權	False	False	2	侵權	phrase.law.tsv	160	
疏果	ㄕㄨ ㄍㄨㄛˇ	農業食品	1	10	absent	蔬果	-5.473380525	-7.354194117	-1.880813592			蔬果	-1.880813592	蔬果	蔬果	蔬果	蔬果	False	False	2	蔬果	phrase.agriculture-food.tsv	34	
艾利斯	ㄞˋ ㄌㄧˋ ㄙ	動漫	1	19	absent	愛麗絲	-5.409711445	-7.354194117	-1.944482672			愛麗絲	-1.944482672	愛麗絲	愛麗絲	愛麗絲	愛麗絲	False	False	2	愛麗絲	phrase.anime.tsv	1864	
艾莉絲	ㄞˋ ㄌㄧˋ ㄙ	動漫	1	16	absent	愛麗絲	-5.409711445	-7.354194117	-1.944482672			愛麗絲	-1.944482672	愛麗絲	愛麗絲	愛麗絲	愛麗絲	False	False	3	愛麗絲	phrase.anime.tsv	1889	
季夏	ㄐㄧˋ ㄒㄧㄚˋ	動漫	1	15	absent	記下|稷下	-5.385711169	-7.354194117	-1.968482949			記下	-1.968482949	記下	記下	記下	記下	False	False	3	稷下|記下	phrase.anime.tsv	701	
臺灣史	ㄊㄞˊ ㄨㄢ ㄕˇ	歷史	1	10	absent	台灣史	-5.376470512	-7.354194117	-1.977723605			台灣史	-1.977723605	台灣史	台灣史	台灣史	台灣史	False	False	2	台灣史	phrase.history.tsv	140	
示現	ㄕˋ ㄒㄧㄢˋ	中文	1	12	absent	釋憲|視線	-5.371922884	-7.354194117	-1.982271233			釋憲	-1.982271233	視線	視線	視線	視線	False	False	3	視線|釋憲	phrase.chinese.tsv	101	
借代	ㄐㄧㄝˋ ㄉㄞˋ	中文	1	11	absent	借貸	-5.362968042	-7.354194117	-1.991226076			借貸	-1.991226076	借貸	借貸	借貸	借貸	False	False	2	借貸	phrase.chinese.tsv	19	
妮絲	ㄋㄧˊ ㄙ	動漫	1	19	absent	尼斯	-5.031974823	-7.354194117	-2.322219295			尼斯	-2.322219295	尼斯	尼斯	尼斯	尼斯	False	False	2	尼斯	phrase.anime.tsv	684	
側索	ㄘㄜˋ ㄙㄨㄛˇ	醫學	1	10	absent	廁所	-4.968587844	-7.354194117	-2.385606274			廁所	-2.385606274	廁所	廁所	廁所	廁所	False	False	2	廁所	phrase.medicine.tsv	24	
夏子	ㄒㄧㄚˋ ㄗ˙	動漫	1	15	absent	下子	-4.847689085	-7.354194117	-2.506505032			下子	-2.506505032	下子	下子	下子	下子	False	False	2	下子	phrase.anime.tsv	562	
鰭式	ㄑㄧˊ ㄕˋ	晶片半導體	1	10	absent	歧視|騎士|其事|棋士|奇事	-4.8227152	-7.354194117	-2.531478917			歧視	-2.531478917	其是	其是	其/是	其/是	False	False	6	其事|奇事|棋士|歧視|騎士	phrase.semiconductor.tsv	190	
宇崎	ㄩˇ ㄑㄧˊ	動漫	1	22	absent	與其	-4.657837729	-7.354194117	-2.696356389			與其	-2.696356389	與其	與其	與其	與其	False	False	2	羽騎|與其	phrase.anime.tsv	714	
實莉	ㄕˊ ㄌㄧˋ	動漫	1	11	absent	實力|實例|實利|十粒	-4.654356392	-7.354194117	-2.699837726			實力	-2.699837726	實例	實例	實例	實例	False	False	5	十粒|實例|實利|實力	phrase.anime.tsv	763	
桐人	ㄊㄨㄥˊ ㄖㄣˊ	動漫	1	24	absent	同仁|同人|瞳仁	-4.510961339	-7.354194117	-2.843232778			同仁	-2.843232778	同仁	同仁	同仁	同仁	False	False	4	同人|同仁|瞳仁|銅人	phrase.anime.tsv	1269	
阪本	ㄅㄢˇ ㄅㄣˇ	動漫	1	11	absent	版本|板本	-4.371019045	-7.354194117	-2.983175072			版本	-2.983175072	版本	版本	版本	版本	False	False	3	板本|版本	phrase.anime.tsv	2269	
壬氏	ㄖㄣˊ ㄕˋ	動漫	1	19	absent	人士|人事|人世|人氏	-4.042440256	-7.354194117	-3.311753861			人士	-3.311753861	人事	人事	人事	人事	False	False	5	人世|人事|人士|人氏	phrase.anime.tsv	559	
莉法	ㄌㄧˋ ㄈㄚˇ	動漫	1	18	absent	立法|曆法	-3.92218743	-7.354194117	-3.432006687			立法	-3.432006687	立法	立法	立法	立法	False	False	3	曆法|立法	phrase.anime.tsv	1958	
